figure_panel,old_figure_panel,monkey_id,area,condition,previous_trial_outcome,frequency_band,epoch_start_ms,epoch_end_ms,frequency_min_hz,frequency_max_hz,matrix_row_zero_based,matrix_column_zero_based,matrix_row_one_based,matrix_column_one_based,cp
Fig4D,Fig5A,Monkey_Y,MT,pre,rewarded,alpha_beta,-300,0,5,30,0,4,1,5,0.502397283888305
Fig4D,Fig5A,Monkey_Y,MT,pre,rewarded,alpha_beta,-300,0,5,30,0,5,1,6,0.501105912210716
Fig4D,Fig5A,Monkey_Y,MT,pre,rewarded,alpha_beta,-300,0,5,30,0,6,1,7,0.496138136905586
Fig4D,Fig5A,Monkey_Y,MT,pre,rewarded,alpha_beta,-300,0,5,30,0,7,1,8,0.493262038985857
Fig4D,Fig5A,Monkey_Y,MT,pre,rewarded,alpha_beta,-300,0,5,30,0,8,1,9,0.491883274490182
Fig4D,Fig5A,Monkey_Y,MT,pre,rewarded,alpha_beta,-300,0,5,30,0,9,1,10,0.491277735267605
Fig4D,Fig5A,Monkey_Y,MT,pre,rewarded,alpha_beta,-300,0,5,30,0,10,1,11,0.491568003266843
Fig4D,Fig5A,Monkey_Y,MT,pre,rewarded,alpha_beta,-300,0,5,30,0,11,1,12,0.493779342343163
Fig4D,Fig5A,Monkey_Y,MT,pre,rewarded,alpha_beta,-300,0,5,30,0,12,1,13,0.494980800339726
Fig4D,Fig5A,Monkey_Y,MT,pre,rewarded,alpha_beta,-300,0,5,30,0,13,1,14,0.495448696831107
Fig4D,Fig5A,Monkey_Y,MT,pre,rewarded,alpha_beta,-300,0,5,30,0,14,1,15,0.497916784884489
Fig4D,Fig5A,Monkey_Y,MT,pre,rewarded,alpha_beta,-300,0,5,30,0,15,1,16,0.498878303623724
Fig4D,Fig5A,Monkey_Y,MT,pre,rewarded,alpha_beta,-300,0,5,30,0,16,1,17,0.494586126758918
Fig4D,Fig5A,Monkey_Y,MT,pre,rewarded,alpha_beta,-300,0,5,30,0,17,1,18,0.485306102352863
Fig4D,Fig5A,Monkey_Y,MT,pre,rewarded,alpha_beta,-300,0,5,30,0,18,1,19,0.475263069833022
Fig4D,Fig5A,Monkey_Y,MT,pre,rewarded,alpha_beta,-300,0,5,30,0,19,1,20,0.472487945876374
Fig4D,Fig5A,Monkey_Y,MT,pre,rewarded,alpha_beta,-300,0,5,30,0,20,1,21,0.477939233599319
Fig4D,Fig5A,Monkey_Y,MT,pre,rewarded,alpha_beta,-300,0,5,30,0,21,1,22,0.481378784533996
Fig4D,Fig5A,Monkey_Y,MT,pre,rewarded,alpha_beta,-300,0,5,30,0,22,1,23,0.480675096807355
Fig4D,Fig5A,Monkey_Y,MT,pre,rewarded,alpha_beta,-300,0,5,30,0,23,1,24,0.482530736893934
Fig4D,Fig5A,Monkey_Y,MT,pre,rewarded,alpha_beta,-300,0,5,30,0,24,1,25,0.482420499779492
Fig4D,Fig5A,Monkey_Y,MT,pre,rewarded,alpha_beta,-300,0,5,30,0,25,1,26,0.483710268438441
Fig4D,Fig5A,Monkey_Y,MT,pre,rewarded,alpha_beta,-300,0,5,30,0,26,1,27,0.484214098411089
Fig4D,Fig5A,Monkey_Y,MT,pre,rewarded,alpha_beta,-300,0,5,30,0,27,1,28,0.485665126557526
Fig4D,Fig5A,Monkey_Y,MT,pre,rewarded,alpha_beta,-300,0,5,30,0,28,1,29,0.490484143921741
Fig4D,Fig5A,Monkey_Y,MT,pre,rewarded,alpha_beta,-300,0,5,30,1,4,2,5,0.504345577102229
Fig4D,Fig5A,Monkey_Y,MT,pre,rewarded,alpha_beta,-300,0,5,30,1,5,2,6,0.501879685186187
Fig4D,Fig5A,Monkey_Y,MT,pre,rewarded,alpha_beta,-300,0,5,30,1,6,2,7,0.499784335703266
Fig4D,Fig5A,Monkey_Y,MT,pre,rewarded,alpha_beta,-300,0,5,30,1,7,2,8,0.498017168223071
Fig4D,Fig5A,Monkey_Y,MT,pre,rewarded,alpha_beta,-300,0,5,30,1,8,2,9,0.497499249238226
Fig4D,Fig5A,Monkey_Y,MT,pre,rewarded,alpha_beta,-300,0,5,30,1,9,2,10,0.500497795700081
Fig4D,Fig5A,Monkey_Y,MT,pre,rewarded,alpha_beta,-300,0,5,30,1,10,2,11,0.505252624767318
Fig4D,Fig5A,Monkey_Y,MT,pre,rewarded,alpha_beta,-300,0,5,30,1,11,2,12,0.503406814718702
Fig4D,Fig5A,Monkey_Y,MT,pre,rewarded,alpha_beta,-300,0,5,30,1,12,2,13,0.498927698307057
Fig4D,Fig5A,Monkey_Y,MT,pre,rewarded,alpha_beta,-300,0,5,30,1,13,2,14,0.494259247155607
Fig4D,Fig5A,Monkey_Y,MT,pre,rewarded,alpha_beta,-300,0,5,30,1,14,2,15,0.492422160361385
Fig4D,Fig5A,Monkey_Y,MT,pre,rewarded,alpha_beta,-300,0,5,30,1,15,2,16,0.491701388765546
Fig4D,Fig5A,Monkey_Y,MT,pre,rewarded,alpha_beta,-300,0,5,30,1,16,2,17,0.491845077288106
Fig4D,Fig5A,Monkey_Y,MT,pre,rewarded,alpha_beta,-300,0,5,30,1,17,2,18,0.492290333927773
Fig4D,Fig5A,Monkey_Y,MT,pre,rewarded,alpha_beta,-300,0,5,30,1,18,2,19,0.4901438090175
Fig4D,Fig5A,Monkey_Y,MT,pre,rewarded,alpha_beta,-300,0,5,30,1,19,2,20,0.488200419824055
Fig4D,Fig5A,Monkey_Y,MT,pre,rewarded,alpha_beta,-300,0,5,30,1,20,2,21,0.485268308699969
Fig4D,Fig5A,Monkey_Y,MT,pre,rewarded,alpha_beta,-300,0,5,30,1,21,2,22,0.484398380529414
Fig4D,Fig5A,Monkey_Y,MT,pre,rewarded,alpha_beta,-300,0,5,30,1,22,2,23,0.483111364038419
Fig4D,Fig5A,Monkey_Y,MT,pre,rewarded,alpha_beta,-300,0,5,30,1,23,2,24,0.484460696031664
Fig4D,Fig5A,Monkey_Y,MT,pre,rewarded,alpha_beta,-300,0,5,30,1,24,2,25,0.482990707656486
Fig4D,Fig5A,Monkey_Y,MT,pre,rewarded,alpha_beta,-300,0,5,30,1,25,2,26,0.478821050466727
Fig4D,Fig5A,Monkey_Y,MT,pre,rewarded,alpha_beta,-300,0,5,30,1,26,2,27,0.477752320969798
Fig4D,Fig5A,Monkey_Y,MT,pre,rewarded,alpha_beta,-300,0,5,30,1,27,2,28,0.483226291234836
Fig4D,Fig5A,Monkey_Y,MT,pre,rewarded,alpha_beta,-300,0,5,30,1,28,2,29,0.489844266403502
Fig4D,Fig5A,Monkey_Y,MT,pre,rewarded,alpha_beta,-300,0,5,30,2,4,3,5,0.50328389540493
Fig4D,Fig5A,Monkey_Y,MT,pre,rewarded,alpha_beta,-300,0,5,30,2,5,3,6,0.499362625115641
Fig4D,Fig5A,Monkey_Y,MT,pre,rewarded,alpha_beta,-300,0,5,30,2,6,3,7,0.498168270069376
Fig4D,Fig5A,Monkey_Y,MT,pre,rewarded,alpha_beta,-300,0,5,30,2,7,3,8,0.500104734033107
Fig4D,Fig5A,Monkey_Y,MT,pre,rewarded,alpha_beta,-300,0,5,30,2,8,3,9,0.504786975063418
Fig4D,Fig5A,Monkey_Y,MT,pre,rewarded,alpha_beta,-300,0,5,30,2,9,3,10,0.514570446482708
Fig4D,Fig5A,Monkey_Y,MT,pre,rewarded,alpha_beta,-300,0,5,30,2,10,3,11,0.520149603172325
Fig4D,Fig5A,Monkey_Y,MT,pre,rewarded,alpha_beta,-300,0,5,30,2,11,3,12,0.51966281184553
Fig4D,Fig5A,Monkey_Y,MT,pre,rewarded,alpha_beta,-300,0,5,30,2,12,3,13,0.516414078281491
Fig4D,Fig5A,Monkey_Y,MT,pre,rewarded,alpha_beta,-300,0,5,30,2,13,3,14,0.509016829423916
Fig4D,Fig5A,Monkey_Y,MT,pre,rewarded,alpha_beta,-300,0,5,30,2,14,3,15,0.503599241901978
Fig4D,Fig5A,Monkey_Y,MT,pre,rewarded,alpha_beta,-300,0,5,30,2,15,3,16,0.500340922585854
Fig4D,Fig5A,Monkey_Y,MT,pre,rewarded,alpha_beta,-300,0,5,30,2,16,3,17,0.502958661997386
Fig4D,Fig5A,Monkey_Y,MT,pre,rewarded,alpha_beta,-300,0,5,30,2,17,3,18,0.506049931362877
Fig4D,Fig5A,Monkey_Y,MT,pre,rewarded,alpha_beta,-300,0,5,30,2,18,3,19,0.509007284982041
Fig4D,Fig5A,Monkey_Y,MT,pre,rewarded,alpha_beta,-300,0,5,30,2,19,3,20,0.503811643492448
Fig4D,Fig5A,Monkey_Y,MT,pre,rewarded,alpha_beta,-300,0,5,30,2,20,3,21,0.495144438984223
Fig4D,Fig5A,Monkey_Y,MT,pre,rewarded,alpha_beta,-300,0,5,30,2,21,3,22,0.489105583452472
Fig4D,Fig5A,Monkey_Y,MT,pre,rewarded,alpha_beta,-300,0,5,30,2,22,3,23,0.488093414751902
Fig4D,Fig5A,Monkey_Y,MT,pre,rewarded,alpha_beta,-300,0,5,30,2,23,3,24,0.485694944010755
Fig4D,Fig5A,Monkey_Y,MT,pre,rewarded,alpha_beta,-300,0,5,30,2,24,3,25,0.483169937441741
Fig4D,Fig5A,Monkey_Y,MT,pre,rewarded,alpha_beta,-300,0,5,30,2,25,3,26,0.481907593450705
Fig4D,Fig5A,Monkey_Y,MT,pre,rewarded,alpha_beta,-300,0,5,30,2,26,3,27,0.482183164416574
Fig4D,Fig5A,Monkey_Y,MT,pre,rewarded,alpha_beta,-300,0,5,30,2,27,3,28,0.482150410726818
Fig4D,Fig5A,Monkey_Y,MT,pre,rewarded,alpha_beta,-300,0,5,30,2,28,3,29,0.485193873057851
Fig4D,Fig5A,Monkey_Y,MT,pre,rewarded,alpha_beta,-300,0,5,30,3,4,4,5,0.501371157653333
Fig4D,Fig5A,Monkey_Y,MT,pre,rewarded,alpha_beta,-300,0,5,30,3,5,4,6,0.496077309114054
Fig4D,Fig5A,Monkey_Y,MT,pre,rewarded,alpha_beta,-300,0,5,30,3,6,4,7,0.49281358092291
Fig4D,Fig5A,Monkey_Y,MT,pre,rewarded,alpha_beta,-300,0,5,30,3,7,4,8,0.493340870074183
Fig4D,Fig5A,Monkey_Y,MT,pre,rewarded,alpha_beta,-300,0,5,30,3,8,4,9,0.499928423756575
Fig4D,Fig5A,Monkey_Y,MT,pre,rewarded,alpha_beta,-300,0,5,30,3,9,4,10,0.51033688741472
Fig4D,Fig5A,Monkey_Y,MT,pre,rewarded,alpha_beta,-300,0,5,30,3,10,4,11,0.519928799623995
Fig4D,Fig5A,Monkey_Y,MT,pre,rewarded,alpha_beta,-300,0,5,30,3,11,4,12,0.523476259440985
Fig4D,Fig5A,Monkey_Y,MT,pre,rewarded,alpha_beta,-300,0,5,30,3,12,4,13,0.521143021028566
Fig4D,Fig5A,Monkey_Y,MT,pre,rewarded,alpha_beta,-300,0,5,30,3,13,4,14,0.517699143770467
Fig4D,Fig5A,Monkey_Y,MT,pre,rewarded,alpha_beta,-300,0,5,30,3,14,4,15,0.51363392822683
Fig4D,Fig5A,Monkey_Y,MT,pre,rewarded,alpha_beta,-300,0,5,30,3,15,4,16,0.514752595052841
Fig4D,Fig5A,Monkey_Y,MT,pre,rewarded,alpha_beta,-300,0,5,30,3,16,4,17,0.515803612463058
Fig4D,Fig5A,Monkey_Y,MT,pre,rewarded,alpha_beta,-300,0,5,30,3,17,4,18,0.517518976749188
Fig4D,Fig5A,Monkey_Y,MT,pre,rewarded,alpha_beta,-300,0,5,30,3,18,4,19,0.516897679263857
Fig4D,Fig5A,Monkey_Y,MT,pre,rewarded,alpha_beta,-300,0,5,30,3,19,4,20,0.511370825380288
Fig4D,Fig5A,Monkey_Y,MT,pre,rewarded,alpha_beta,-300,0,5,30,3,20,4,21,0.50106669890308
Fig4D,Fig5A,Monkey_Y,MT,pre,rewarded,alpha_beta,-300,0,5,30,3,21,4,22,0.491843103687313
Fig4D,Fig5A,Monkey_Y,MT,pre,rewarded,alpha_beta,-300,0,5,30,3,22,4,23,0.486813860416511
Fig4D,Fig5A,Monkey_Y,MT,pre,rewarded,alpha_beta,-300,0,5,30,3,23,4,24,0.486774704560766
Fig4D,Fig5A,Monkey_Y,MT,pre,rewarded,alpha_beta,-300,0,5,30,3,24,4,25,0.486416227149407
Fig4D,Fig5A,Monkey_Y,MT,pre,rewarded,alpha_beta,-300,0,5,30,3,25,4,26,0.488860950191152
Fig4D,Fig5A,Monkey_Y,MT,pre,rewarded,alpha_beta,-300,0,5,30,3,26,4,27,0.490097600696107
Fig4D,Fig5A,Monkey_Y,MT,pre,rewarded,alpha_beta,-300,0,5,30,3,27,4,28,0.490144648556821
Fig4D,Fig5A,Monkey_Y,MT,pre,rewarded,alpha_beta,-300,0,5,30,3,28,4,29,0.489572476775319
Fig4D,Fig5A,Monkey_Y,MT,pre,rewarded,alpha_beta,-300,0,5,30,4,4,5,5,0.504883460887776
Fig4D,Fig5A,Monkey_Y,MT,pre,rewarded,alpha_beta,-300,0,5,30,4,5,5,6,0.500107072644205
Fig4D,Fig5A,Monkey_Y,MT,pre,rewarded,alpha_beta,-300,0,5,30,4,6,5,7,0.492848730168329
Fig4D,Fig5A,Monkey_Y,MT,pre,rewarded,alpha_beta,-300,0,5,30,4,7,5,8,0.490059168036951
Fig4D,Fig5A,Monkey_Y,MT,pre,rewarded,alpha_beta,-300,0,5,30,4,8,5,9,0.489868913482323
Fig4D,Fig5A,Monkey_Y,MT,pre,rewarded,alpha_beta,-300,0,5,30,4,9,5,10,0.494081966670806
Fig4D,Fig5A,Monkey_Y,MT,pre,rewarded,alpha_beta,-300,0,5,30,4,10,5,11,0.503314754964776
Fig4D,Fig5A,Monkey_Y,MT,pre,rewarded,alpha_beta,-300,0,5,30,4,11,5,12,0.51171609489653
Fig4D,Fig5A,Monkey_Y,MT,pre,rewarded,alpha_beta,-300,0,5,30,4,12,5,13,0.515500347930545
Fig4D,Fig5A,Monkey_Y,MT,pre,rewarded,alpha_beta,-300,0,5,30,4,13,5,14,0.517514082714672
Fig4D,Fig5A,Monkey_Y,MT,pre,rewarded,alpha_beta,-300,0,5,30,4,14,5,15,0.517508015662838
Fig4D,Fig5A,Monkey_Y,MT,pre,rewarded,alpha_beta,-300,0,5,30,4,15,5,16,0.516933022310503
Fig4D,Fig5A,Monkey_Y,MT,pre,rewarded,alpha_beta,-300,0,5,30,4,16,5,17,0.516626072675782
Fig4D,Fig5A,Monkey_Y,MT,pre,rewarded,alpha_beta,-300,0,5,30,4,17,5,18,0.516974806646872
Fig4D,Fig5A,Monkey_Y,MT,pre,rewarded,alpha_beta,-300,0,5,30,4,18,5,19,0.515405875413736
Fig4D,Fig5A,Monkey_Y,MT,pre,rewarded,alpha_beta,-300,0,5,30,4,19,5,20,0.513386501548806
Fig4D,Fig5A,Monkey_Y,MT,pre,rewarded,alpha_beta,-300,0,5,30,4,20,5,21,0.510620838534989
Fig4D,Fig5A,Monkey_Y,MT,pre,rewarded,alpha_beta,-300,0,5,30,4,21,5,22,0.504035022541987
Fig4D,Fig5A,Monkey_Y,MT,pre,rewarded,alpha_beta,-300,0,5,30,4,22,5,23,0.498068317130761
Fig4D,Fig5A,Monkey_Y,MT,pre,rewarded,alpha_beta,-300,0,5,30,4,23,5,24,0.491200944702143
Fig4D,Fig5A,Monkey_Y,MT,pre,rewarded,alpha_beta,-300,0,5,30,4,24,5,25,0.491050445514917
Fig4D,Fig5A,Monkey_Y,MT,pre,rewarded,alpha_beta,-300,0,5,30,4,25,5,26,0.494670298134009
Fig4D,Fig5A,Monkey_Y,MT,pre,rewarded,alpha_beta,-300,0,5,30,4,26,5,27,0.50330854587645
Fig4D,Fig5A,Monkey_Y,MT,pre,rewarded,alpha_beta,-300,0,5,30,4,27,5,28,0.507812199622525
Fig4D,Fig5A,Monkey_Y,MT,pre,rewarded,alpha_beta,-300,0,5,30,4,28,5,29,0.512961284437883
Fig4D,Fig5A,Monkey_Y,MT,pre,rewarded,alpha_beta,-300,0,5,30,5,4,6,5,0.506698292009874
Fig4D,Fig5A,Monkey_Y,MT,pre,rewarded,alpha_beta,-300,0,5,30,5,5,6,6,0.503317734833599
Fig4D,Fig5A,Monkey_Y,MT,pre,rewarded,alpha_beta,-300,0,5,30,5,6,6,7,0.497755587943577
Fig4D,Fig5A,Monkey_Y,MT,pre,rewarded,alpha_beta,-300,0,5,30,5,7,6,8,0.490961008918708
Fig4D,Fig5A,Monkey_Y,MT,pre,rewarded,alpha_beta,-300,0,5,30,5,8,6,9,0.486794368317661
Fig4D,Fig5A,Monkey_Y,MT,pre,rewarded,alpha_beta,-300,0,5,30,5,9,6,10,0.489973309585114
Fig4D,Fig5A,Monkey_Y,MT,pre,rewarded,alpha_beta,-300,0,5,30,5,10,6,11,0.497251850320198
Fig4D,Fig5A,Monkey_Y,MT,pre,rewarded,alpha_beta,-300,0,5,30,5,11,6,12,0.507561968710856
Fig4D,Fig5A,Monkey_Y,MT,pre,rewarded,alpha_beta,-300,0,5,30,5,12,6,13,0.510762852605737
Fig4D,Fig5A,Monkey_Y,MT,pre,rewarded,alpha_beta,-300,0,5,30,5,13,6,14,0.509900922783527
Fig4D,Fig5A,Monkey_Y,MT,pre,rewarded,alpha_beta,-300,0,5,30,5,14,6,15,0.509122365422358
Fig4D,Fig5A,Monkey_Y,MT,pre,rewarded,alpha_beta,-300,0,5,30,5,15,6,16,0.509153986301125
Fig4D,Fig5A,Monkey_Y,MT,pre,rewarded,alpha_beta,-300,0,5,30,5,16,6,17,0.512423613786646
Fig4D,Fig5A,Monkey_Y,MT,pre,rewarded,alpha_beta,-300,0,5,30,5,17,6,18,0.514911223669537
Fig4D,Fig5A,Monkey_Y,MT,pre,rewarded,alpha_beta,-300,0,5,30,5,18,6,19,0.518595466255111
Fig4D,Fig5A,Monkey_Y,MT,pre,rewarded,alpha_beta,-300,0,5,30,5,19,6,20,0.520472737728607
Fig4D,Fig5A,Monkey_Y,MT,pre,rewarded,alpha_beta,-300,0,5,30,5,20,6,21,0.522077852250692
Fig4D,Fig5A,Monkey_Y,MT,pre,rewarded,alpha_beta,-300,0,5,30,5,21,6,22,0.522077608857111
Fig4D,Fig5A,Monkey_Y,MT,pre,rewarded,alpha_beta,-300,0,5,30,5,22,6,23,0.515934318473233
Fig4D,Fig5A,Monkey_Y,MT,pre,rewarded,alpha_beta,-300,0,5,30,5,23,6,24,0.509667863700735
Fig4D,Fig5A,Monkey_Y,MT,pre,rewarded,alpha_beta,-300,0,5,30,5,24,6,25,0.503760672551887
Fig4D,Fig5A,Monkey_Y,MT,pre,rewarded,alpha_beta,-300,0,5,30,5,25,6,26,0.505966053978365
Fig4D,Fig5A,Monkey_Y,MT,pre,rewarded,alpha_beta,-300,0,5,30,5,26,6,27,0.513168350157114
Fig4D,Fig5A,Monkey_Y,MT,pre,rewarded,alpha_beta,-300,0,5,30,5,27,6,28,0.524730143233018
Fig4D,Fig5A,Monkey_Y,MT,pre,rewarded,alpha_beta,-300,0,5,30,5,28,6,29,0.53765138096204
Fig4D,Fig5A,Monkey_Y,MT,pre,rewarded,alpha_beta,-300,0,5,30,6,4,7,5,0.496115236144784
Fig4D,Fig5A,Monkey_Y,MT,pre,rewarded,alpha_beta,-300,0,5,30,6,5,7,6,0.501998012790041
Fig4D,Fig5A,Monkey_Y,MT,pre,rewarded,alpha_beta,-300,0,5,30,6,6,7,7,0.504736484803923
Fig4D,Fig5A,Monkey_Y,MT,pre,rewarded,alpha_beta,-300,0,5,30,6,7,7,8,0.503664853682113
Fig4D,Fig5A,Monkey_Y,MT,pre,rewarded,alpha_beta,-300,0,5,30,6,8,7,9,0.501964528176524
Fig4D,Fig5A,Monkey_Y,MT,pre,rewarded,alpha_beta,-300,0,5,30,6,9,7,10,0.502493797897522
Fig4D,Fig5A,Monkey_Y,MT,pre,rewarded,alpha_beta,-300,0,5,30,6,10,7,11,0.508357114372766
Fig4D,Fig5A,Monkey_Y,MT,pre,rewarded,alpha_beta,-300,0,5,30,6,11,7,12,0.517799970665661
Fig4D,Fig5A,Monkey_Y,MT,pre,rewarded,alpha_beta,-300,0,5,30,6,12,7,13,0.518797716180103
Fig4D,Fig5A,Monkey_Y,MT,pre,rewarded,alpha_beta,-300,0,5,30,6,13,7,14,0.512366257124846
Fig4D,Fig5A,Monkey_Y,MT,pre,rewarded,alpha_beta,-300,0,5,30,6,14,7,15,0.507436360730732
Fig4D,Fig5A,Monkey_Y,MT,pre,rewarded,alpha_beta,-300,0,5,30,6,15,7,16,0.507194250849954
Fig4D,Fig5A,Monkey_Y,MT,pre,rewarded,alpha_beta,-300,0,5,30,6,16,7,17,0.509804932666756
Fig4D,Fig5A,Monkey_Y,MT,pre,rewarded,alpha_beta,-300,0,5,30,6,17,7,18,0.51299592229879
Fig4D,Fig5A,Monkey_Y,MT,pre,rewarded,alpha_beta,-300,0,5,30,6,18,7,19,0.519211827530484
Fig4D,Fig5A,Monkey_Y,MT,pre,rewarded,alpha_beta,-300,0,5,30,6,19,7,20,0.527385605144509
Fig4D,Fig5A,Monkey_Y,MT,pre,rewarded,alpha_beta,-300,0,5,30,6,20,7,21,0.532717597259287
Fig4D,Fig5A,Monkey_Y,MT,pre,rewarded,alpha_beta,-300,0,5,30,6,21,7,22,0.533986021062134
Fig4D,Fig5A,Monkey_Y,MT,pre,rewarded,alpha_beta,-300,0,5,30,6,22,7,23,0.530226828721449
Fig4D,Fig5A,Monkey_Y,MT,pre,rewarded,alpha_beta,-300,0,5,30,6,23,7,24,0.520082637767787
Fig4D,Fig5A,Monkey_Y,MT,pre,rewarded,alpha_beta,-300,0,5,30,6,24,7,25,0.505468512655989
Fig4D,Fig5A,Monkey_Y,MT,pre,rewarded,alpha_beta,-300,0,5,30,6,25,7,26,0.502487630131952
Fig4D,Fig5A,Monkey_Y,MT,pre,rewarded,alpha_beta,-300,0,5,30,6,26,7,27,0.50789821612778
Fig4D,Fig5A,Monkey_Y,MT,pre,rewarded,alpha_beta,-300,0,5,30,6,27,7,28,0.517787288428975
Fig4D,Fig5A,Monkey_Y,MT,pre,rewarded,alpha_beta,-300,0,5,30,6,28,7,29,0.5285869503141
Fig4D,Fig5A,Monkey_Y,MT,pre,rewarded,alpha_beta,-300,0,5,30,7,4,8,5,0.496067257642017
Fig4D,Fig5A,Monkey_Y,MT,pre,rewarded,alpha_beta,-300,0,5,30,7,5,8,6,0.502593935925988
Fig4D,Fig5A,Monkey_Y,MT,pre,rewarded,alpha_beta,-300,0,5,30,7,6,8,7,0.50914000820712
Fig4D,Fig5A,Monkey_Y,MT,pre,rewarded,alpha_beta,-300,0,5,30,7,7,8,8,0.510741880042515
Fig4D,Fig5A,Monkey_Y,MT,pre,rewarded,alpha_beta,-300,0,5,30,7,8,8,9,0.51127284161538
Fig4D,Fig5A,Monkey_Y,MT,pre,rewarded,alpha_beta,-300,0,5,30,7,9,8,10,0.515985109968386
Fig4D,Fig5A,Monkey_Y,MT,pre,rewarded,alpha_beta,-300,0,5,30,7,10,8,11,0.523519964003754
Fig4D,Fig5A,Monkey_Y,MT,pre,rewarded,alpha_beta,-300,0,5,30,7,11,8,12,0.532355332230479
Fig4D,Fig5A,Monkey_Y,MT,pre,rewarded,alpha_beta,-300,0,5,30,7,12,8,13,0.533322066784407
Fig4D,Fig5A,Monkey_Y,MT,pre,rewarded,alpha_beta,-300,0,5,30,7,13,8,14,0.527818996868214
Fig4D,Fig5A,Monkey_Y,MT,pre,rewarded,alpha_beta,-300,0,5,30,7,14,8,15,0.522228210281178
Fig4D,Fig5A,Monkey_Y,MT,pre,rewarded,alpha_beta,-300,0,5,30,7,15,8,16,0.521153939270182
Fig4D,Fig5A,Monkey_Y,MT,pre,rewarded,alpha_beta,-300,0,5,30,7,16,8,17,0.524340564727253
Fig4D,Fig5A,Monkey_Y,MT,pre,rewarded,alpha_beta,-300,0,5,30,7,17,8,18,0.528957191682128
Fig4D,Fig5A,Monkey_Y,MT,pre,rewarded,alpha_beta,-300,0,5,30,7,18,8,19,0.533782555291441
Fig4D,Fig5A,Monkey_Y,MT,pre,rewarded,alpha_beta,-300,0,5,30,7,19,8,20,0.537590264048089
Fig4D,Fig5A,Monkey_Y,MT,pre,rewarded,alpha_beta,-300,0,5,30,7,20,8,21,0.538501830109196
Fig4D,Fig5A,Monkey_Y,MT,pre,rewarded,alpha_beta,-300,0,5,30,7,21,8,22,0.5350727202731
Fig4D,Fig5A,Monkey_Y,MT,pre,rewarded,alpha_beta,-300,0,5,30,7,22,8,23,0.526714319178831
Fig4D,Fig5A,Monkey_Y,MT,pre,rewarded,alpha_beta,-300,0,5,30,7,23,8,24,0.513385890485088
Fig4D,Fig5A,Monkey_Y,MT,pre,rewarded,alpha_beta,-300,0,5,30,7,24,8,25,0.504647219248482
Fig4D,Fig5A,Monkey_Y,MT,pre,rewarded,alpha_beta,-300,0,5,30,7,25,8,26,0.502226654036899
Fig4D,Fig5A,Monkey_Y,MT,pre,rewarded,alpha_beta,-300,0,5,30,7,26,8,27,0.502908385912791
Fig4D,Fig5A,Monkey_Y,MT,pre,rewarded,alpha_beta,-300,0,5,30,7,27,8,28,0.507613439484429
Fig4D,Fig5A,Monkey_Y,MT,pre,rewarded,alpha_beta,-300,0,5,30,7,28,8,29,0.517339035376216
Fig4D,Fig5A,Monkey_Y,MT,pre,rewarded,alpha_beta,-300,0,5,30,8,4,9,5,0.506242354163611
Fig4D,Fig5A,Monkey_Y,MT,pre,rewarded,alpha_beta,-300,0,5,30,8,5,9,6,0.507101817250721
Fig4D,Fig5A,Monkey_Y,MT,pre,rewarded,alpha_beta,-300,0,5,30,8,6,9,7,0.506496465620794
Fig4D,Fig5A,Monkey_Y,MT,pre,rewarded,alpha_beta,-300,0,5,30,8,7,9,8,0.508251317497235
Fig4D,Fig5A,Monkey_Y,MT,pre,rewarded,alpha_beta,-300,0,5,30,8,8,9,9,0.5073605575926
Fig4D,Fig5A,Monkey_Y,MT,pre,rewarded,alpha_beta,-300,0,5,30,8,9,9,10,0.514142017360347
Fig4D,Fig5A,Monkey_Y,MT,pre,rewarded,alpha_beta,-300,0,5,30,8,10,9,11,0.52278299775948
Fig4D,Fig5A,Monkey_Y,MT,pre,rewarded,alpha_beta,-300,0,5,30,8,11,9,12,0.532450910021707
Fig4D,Fig5A,Monkey_Y,MT,pre,rewarded,alpha_beta,-300,0,5,30,8,12,9,13,0.540353327916118
Fig4D,Fig5A,Monkey_Y,MT,pre,rewarded,alpha_beta,-300,0,5,30,8,13,9,14,0.53922434916824
Fig4D,Fig5A,Monkey_Y,MT,pre,rewarded,alpha_beta,-300,0,5,30,8,14,9,15,0.532726220772873
Fig4D,Fig5A,Monkey_Y,MT,pre,rewarded,alpha_beta,-300,0,5,30,8,15,9,16,0.529442940063011
Fig4D,Fig5A,Monkey_Y,MT,pre,rewarded,alpha_beta,-300,0,5,30,8,16,9,17,0.52655457017281
Fig4D,Fig5A,Monkey_Y,MT,pre,rewarded,alpha_beta,-300,0,5,30,8,17,9,18,0.529168190546392
Fig4D,Fig5A,Monkey_Y,MT,pre,rewarded,alpha_beta,-300,0,5,30,8,18,9,19,0.535101826044307
Fig4D,Fig5A,Monkey_Y,MT,pre,rewarded,alpha_beta,-300,0,5,30,8,19,9,20,0.53896777545675
Fig4D,Fig5A,Monkey_Y,MT,pre,rewarded,alpha_beta,-300,0,5,30,8,20,9,21,0.538001193598376
Fig4D,Fig5A,Monkey_Y,MT,pre,rewarded,alpha_beta,-300,0,5,30,8,21,9,22,0.535008388118107
Fig4D,Fig5A,Monkey_Y,MT,pre,rewarded,alpha_beta,-300,0,5,30,8,22,9,23,0.532614934361005
Fig4D,Fig5A,Monkey_Y,MT,pre,rewarded,alpha_beta,-300,0,5,30,8,23,9,24,0.53009520554388
Fig4D,Fig5A,Monkey_Y,MT,pre,rewarded,alpha_beta,-300,0,5,30,8,24,9,25,0.52543306600657
Fig4D,Fig5A,Monkey_Y,MT,pre,rewarded,alpha_beta,-300,0,5,30,8,25,9,26,0.519368079693844
Fig4D,Fig5A,Monkey_Y,MT,pre,rewarded,alpha_beta,-300,0,5,30,8,26,9,27,0.513065741398373
Fig4D,Fig5A,Monkey_Y,MT,pre,rewarded,alpha_beta,-300,0,5,30,8,27,9,28,0.508208186532178
Fig4D,Fig5A,Monkey_Y,MT,pre,rewarded,alpha_beta,-300,0,5,30,8,28,9,29,0.509727920153973
Fig4D,Fig5A,Monkey_Y,MT,pre,rewarded,alpha_beta,-300,0,5,30,9,4,10,5,0.525314629391614
Fig4D,Fig5A,Monkey_Y,MT,pre,rewarded,alpha_beta,-300,0,5,30,9,5,10,6,0.520178624349345
Fig4D,Fig5A,Monkey_Y,MT,pre,rewarded,alpha_beta,-300,0,5,30,9,6,10,7,0.515325213370773
Fig4D,Fig5A,Monkey_Y,MT,pre,rewarded,alpha_beta,-300,0,5,30,9,7,10,8,0.514287166206336
Fig4D,Fig5A,Monkey_Y,MT,pre,rewarded,alpha_beta,-300,0,5,30,9,8,10,9,0.514135131654419
Fig4D,Fig5A,Monkey_Y,MT,pre,rewarded,alpha_beta,-300,0,5,30,9,9,10,10,0.518497595616582
Fig4D,Fig5A,Monkey_Y,MT,pre,rewarded,alpha_beta,-300,0,5,30,9,10,10,11,0.525502284601554
Fig4D,Fig5A,Monkey_Y,MT,pre,rewarded,alpha_beta,-300,0,5,30,9,11,10,12,0.53318794503509
Fig4D,Fig5A,Monkey_Y,MT,pre,rewarded,alpha_beta,-300,0,5,30,9,12,10,13,0.538326051660908
Fig4D,Fig5A,Monkey_Y,MT,pre,rewarded,alpha_beta,-300,0,5,30,9,13,10,14,0.541067110232718
Fig4D,Fig5A,Monkey_Y,MT,pre,rewarded,alpha_beta,-300,0,5,30,9,14,10,15,0.539724399377759
Fig4D,Fig5A,Monkey_Y,MT,pre,rewarded,alpha_beta,-300,0,5,30,9,15,10,16,0.533520824073216
Fig4D,Fig5A,Monkey_Y,MT,pre,rewarded,alpha_beta,-300,0,5,30,9,16,10,17,0.531887084683994
Fig4D,Fig5A,Monkey_Y,MT,pre,rewarded,alpha_beta,-300,0,5,30,9,17,10,18,0.532613302684998
Fig4D,Fig5A,Monkey_Y,MT,pre,rewarded,alpha_beta,-300,0,5,30,9,18,10,19,0.537654792158648
Fig4D,Fig5A,Monkey_Y,MT,pre,rewarded,alpha_beta,-300,0,5,30,9,19,10,20,0.541729780144998
Fig4D,Fig5A,Monkey_Y,MT,pre,rewarded,alpha_beta,-300,0,5,30,9,20,10,21,0.54083045266247
Fig4D,Fig5A,Monkey_Y,MT,pre,rewarded,alpha_beta,-300,0,5,30,9,21,10,22,0.54261456161211
Fig4D,Fig5A,Monkey_Y,MT,pre,rewarded,alpha_beta,-300,0,5,30,9,22,10,23,0.542102821173125
Fig4D,Fig5A,Monkey_Y,MT,pre,rewarded,alpha_beta,-300,0,5,30,9,23,10,24,0.543460500437894
Fig4D,Fig5A,Monkey_Y,MT,pre,rewarded,alpha_beta,-300,0,5,30,9,24,10,25,0.543201869571027
Fig4D,Fig5A,Monkey_Y,MT,pre,rewarded,alpha_beta,-300,0,5,30,9,25,10,26,0.537484669052237
Fig4D,Fig5A,Monkey_Y,MT,pre,rewarded,alpha_beta,-300,0,5,30,9,26,10,27,0.528165049935365
Fig4D,Fig5A,Monkey_Y,MT,pre,rewarded,alpha_beta,-300,0,5,30,9,27,10,28,0.515936314641507
Fig4D,Fig5A,Monkey_Y,MT,pre,rewarded,alpha_beta,-300,0,5,30,9,28,10,29,0.509442014014098
Fig4D,Fig5A,Monkey_Y,MT,pre,rewarded,alpha_beta,-300,0,5,30,10,4,11,5,0.531203500717747
Fig4D,Fig5A,Monkey_Y,MT,pre,rewarded,alpha_beta,-300,0,5,30,10,5,11,6,0.528847062406962
Fig4D,Fig5A,Monkey_Y,MT,pre,rewarded,alpha_beta,-300,0,5,30,10,6,11,7,0.524440159429824
Fig4D,Fig5A,Monkey_Y,MT,pre,rewarded,alpha_beta,-300,0,5,30,10,7,11,8,0.523472620268348
Fig4D,Fig5A,Monkey_Y,MT,pre,rewarded,alpha_beta,-300,0,5,30,10,8,11,9,0.526700871370369
Fig4D,Fig5A,Monkey_Y,MT,pre,rewarded,alpha_beta,-300,0,5,30,10,9,11,10,0.530627339071061
Fig4D,Fig5A,Monkey_Y,MT,pre,rewarded,alpha_beta,-300,0,5,30,10,10,11,11,0.533947151168135
Fig4D,Fig5A,Monkey_Y,MT,pre,rewarded,alpha_beta,-300,0,5,30,10,11,11,12,0.538471548246973
Fig4D,Fig5A,Monkey_Y,MT,pre,rewarded,alpha_beta,-300,0,5,30,10,12,11,13,0.543607947429985
Fig4D,Fig5A,Monkey_Y,MT,pre,rewarded,alpha_beta,-300,0,5,30,10,13,11,14,0.547487599685624
Fig4D,Fig5A,Monkey_Y,MT,pre,rewarded,alpha_beta,-300,0,5,30,10,14,11,15,0.548834058395174
Fig4D,Fig5A,Monkey_Y,MT,pre,rewarded,alpha_beta,-300,0,5,30,10,15,11,16,0.545261700976292
Fig4D,Fig5A,Monkey_Y,MT,pre,rewarded,alpha_beta,-300,0,5,30,10,16,11,17,0.544969202024235
Fig4D,Fig5A,Monkey_Y,MT,pre,rewarded,alpha_beta,-300,0,5,30,10,17,11,18,0.546379840063962
Fig4D,Fig5A,Monkey_Y,MT,pre,rewarded,alpha_beta,-300,0,5,30,10,18,11,19,0.547126119164017
Fig4D,Fig5A,Monkey_Y,MT,pre,rewarded,alpha_beta,-300,0,5,30,10,19,11,20,0.544871373506454
Fig4D,Fig5A,Monkey_Y,MT,pre,rewarded,alpha_beta,-300,0,5,30,10,20,11,21,0.541609999963353
Fig4D,Fig5A,Monkey_Y,MT,pre,rewarded,alpha_beta,-300,0,5,30,10,21,11,22,0.540531902188197
Fig4D,Fig5A,Monkey_Y,MT,pre,rewarded,alpha_beta,-300,0,5,30,10,22,11,23,0.538856685846226
Fig4D,Fig5A,Monkey_Y,MT,pre,rewarded,alpha_beta,-300,0,5,30,10,23,11,24,0.537684887061992
Fig4D,Fig5A,Monkey_Y,MT,pre,rewarded,alpha_beta,-300,0,5,30,10,24,11,25,0.536903571490347
Fig4D,Fig5A,Monkey_Y,MT,pre,rewarded,alpha_beta,-300,0,5,30,10,25,11,26,0.535550934391265
Fig4D,Fig5A,Monkey_Y,MT,pre,rewarded,alpha_beta,-300,0,5,30,10,26,11,27,0.531641105685295
Fig4D,Fig5A,Monkey_Y,MT,pre,rewarded,alpha_beta,-300,0,5,30,10,27,11,28,0.522342078378163
Fig4D,Fig5A,Monkey_Y,MT,pre,rewarded,alpha_beta,-300,0,5,30,10,28,11,29,0.51662619400325
Fig4D,Fig5A,Monkey_Y,MT,pre,non_rewarded,alpha_beta,-300,0,5,30,0,4,1,5,0.510560290825415
Fig4D,Fig5A,Monkey_Y,MT,pre,non_rewarded,alpha_beta,-300,0,5,30,0,5,1,6,0.518036472646195
Fig4D,Fig5A,Monkey_Y,MT,pre,non_rewarded,alpha_beta,-300,0,5,30,0,6,1,7,0.526835032513105
Fig4D,Fig5A,Monkey_Y,MT,pre,non_rewarded,alpha_beta,-300,0,5,30,0,7,1,8,0.534902811277504
Fig4D,Fig5A,Monkey_Y,MT,pre,non_rewarded,alpha_beta,-300,0,5,30,0,8,1,9,0.541037924413667
Fig4D,Fig5A,Monkey_Y,MT,pre,non_rewarded,alpha_beta,-300,0,5,30,0,9,1,10,0.542873909794408
Fig4D,Fig5A,Monkey_Y,MT,pre,non_rewarded,alpha_beta,-300,0,5,30,0,10,1,11,0.54403537297844
Fig4D,Fig5A,Monkey_Y,MT,pre,non_rewarded,alpha_beta,-300,0,5,30,0,11,1,12,0.547325321289258
Fig4D,Fig5A,Monkey_Y,MT,pre,non_rewarded,alpha_beta,-300,0,5,30,0,12,1,13,0.548069918886655
Fig4D,Fig5A,Monkey_Y,MT,pre,non_rewarded,alpha_beta,-300,0,5,30,0,13,1,14,0.546322493887887
Fig4D,Fig5A,Monkey_Y,MT,pre,non_rewarded,alpha_beta,-300,0,5,30,0,14,1,15,0.55152203102208
Fig4D,Fig5A,Monkey_Y,MT,pre,non_rewarded,alpha_beta,-300,0,5,30,0,15,1,16,0.558283185224961
Fig4D,Fig5A,Monkey_Y,MT,pre,non_rewarded,alpha_beta,-300,0,5,30,0,16,1,17,0.555207534470793
Fig4D,Fig5A,Monkey_Y,MT,pre,non_rewarded,alpha_beta,-300,0,5,30,0,17,1,18,0.55122079903768
Fig4D,Fig5A,Monkey_Y,MT,pre,non_rewarded,alpha_beta,-300,0,5,30,0,18,1,19,0.545508711734858
Fig4D,Fig5A,Monkey_Y,MT,pre,non_rewarded,alpha_beta,-300,0,5,30,0,19,1,20,0.539178445499565
Fig4D,Fig5A,Monkey_Y,MT,pre,non_rewarded,alpha_beta,-300,0,5,30,0,20,1,21,0.532174238278914
Fig4D,Fig5A,Monkey_Y,MT,pre,non_rewarded,alpha_beta,-300,0,5,30,0,21,1,22,0.524807494804379
Fig4D,Fig5A,Monkey_Y,MT,pre,non_rewarded,alpha_beta,-300,0,5,30,0,22,1,23,0.522265413808007
Fig4D,Fig5A,Monkey_Y,MT,pre,non_rewarded,alpha_beta,-300,0,5,30,0,23,1,24,0.51954397702488
Fig4D,Fig5A,Monkey_Y,MT,pre,non_rewarded,alpha_beta,-300,0,5,30,0,24,1,25,0.519496324209572
Fig4D,Fig5A,Monkey_Y,MT,pre,non_rewarded,alpha_beta,-300,0,5,30,0,25,1,26,0.528590323923044
Fig4D,Fig5A,Monkey_Y,MT,pre,non_rewarded,alpha_beta,-300,0,5,30,0,26,1,27,0.533433749132356
Fig4D,Fig5A,Monkey_Y,MT,pre,non_rewarded,alpha_beta,-300,0,5,30,0,27,1,28,0.540658072002286
Fig4D,Fig5A,Monkey_Y,MT,pre,non_rewarded,alpha_beta,-300,0,5,30,0,28,1,29,0.546915668495085
Fig4D,Fig5A,Monkey_Y,MT,pre,non_rewarded,alpha_beta,-300,0,5,30,1,4,2,5,0.51280669863244
Fig4D,Fig5A,Monkey_Y,MT,pre,non_rewarded,alpha_beta,-300,0,5,30,1,5,2,6,0.517819761959232
Fig4D,Fig5A,Monkey_Y,MT,pre,non_rewarded,alpha_beta,-300,0,5,30,1,6,2,7,0.524203243924468
Fig4D,Fig5A,Monkey_Y,MT,pre,non_rewarded,alpha_beta,-300,0,5,30,1,7,2,8,0.524354861343147
Fig4D,Fig5A,Monkey_Y,MT,pre,non_rewarded,alpha_beta,-300,0,5,30,1,8,2,9,0.536213209968708
Fig4D,Fig5A,Monkey_Y,MT,pre,non_rewarded,alpha_beta,-300,0,5,30,1,9,2,10,0.550041216241995
Fig4D,Fig5A,Monkey_Y,MT,pre,non_rewarded,alpha_beta,-300,0,5,30,1,10,2,11,0.560363007316513
Fig4D,Fig5A,Monkey_Y,MT,pre,non_rewarded,alpha_beta,-300,0,5,30,1,11,2,12,0.566361379176624
Fig4D,Fig5A,Monkey_Y,MT,pre,non_rewarded,alpha_beta,-300,0,5,30,1,12,2,13,0.572556661859459
Fig4D,Fig5A,Monkey_Y,MT,pre,non_rewarded,alpha_beta,-300,0,5,30,1,13,2,14,0.572582525625137
Fig4D,Fig5A,Monkey_Y,MT,pre,non_rewarded,alpha_beta,-300,0,5,30,1,14,2,15,0.565966612044458
Fig4D,Fig5A,Monkey_Y,MT,pre,non_rewarded,alpha_beta,-300,0,5,30,1,15,2,16,0.559940644621256
Fig4D,Fig5A,Monkey_Y,MT,pre,non_rewarded,alpha_beta,-300,0,5,30,1,16,2,17,0.555943526878852
Fig4D,Fig5A,Monkey_Y,MT,pre,non_rewarded,alpha_beta,-300,0,5,30,1,17,2,18,0.55310346935394
Fig4D,Fig5A,Monkey_Y,MT,pre,non_rewarded,alpha_beta,-300,0,5,30,1,18,2,19,0.551195705583557
Fig4D,Fig5A,Monkey_Y,MT,pre,non_rewarded,alpha_beta,-300,0,5,30,1,19,2,20,0.545722588414817
Fig4D,Fig5A,Monkey_Y,MT,pre,non_rewarded,alpha_beta,-300,0,5,30,1,20,2,21,0.535576782794962
Fig4D,Fig5A,Monkey_Y,MT,pre,non_rewarded,alpha_beta,-300,0,5,30,1,21,2,22,0.529036631138486
Fig4D,Fig5A,Monkey_Y,MT,pre,non_rewarded,alpha_beta,-300,0,5,30,1,22,2,23,0.522511913892212
Fig4D,Fig5A,Monkey_Y,MT,pre,non_rewarded,alpha_beta,-300,0,5,30,1,23,2,24,0.517631929584153
Fig4D,Fig5A,Monkey_Y,MT,pre,non_rewarded,alpha_beta,-300,0,5,30,1,24,2,25,0.520050564007238
Fig4D,Fig5A,Monkey_Y,MT,pre,non_rewarded,alpha_beta,-300,0,5,30,1,25,2,26,0.532234010736612
Fig4D,Fig5A,Monkey_Y,MT,pre,non_rewarded,alpha_beta,-300,0,5,30,1,26,2,27,0.545933016991292
Fig4D,Fig5A,Monkey_Y,MT,pre,non_rewarded,alpha_beta,-300,0,5,30,1,27,2,28,0.551647812646749
Fig4D,Fig5A,Monkey_Y,MT,pre,non_rewarded,alpha_beta,-300,0,5,30,1,28,2,29,0.551561958757881
Fig4D,Fig5A,Monkey_Y,MT,pre,non_rewarded,alpha_beta,-300,0,5,30,2,4,3,5,0.517879740109891
Fig4D,Fig5A,Monkey_Y,MT,pre,non_rewarded,alpha_beta,-300,0,5,30,2,5,3,6,0.530041976597897
Fig4D,Fig5A,Monkey_Y,MT,pre,non_rewarded,alpha_beta,-300,0,5,30,2,6,3,7,0.537452985955742
Fig4D,Fig5A,Monkey_Y,MT,pre,non_rewarded,alpha_beta,-300,0,5,30,2,7,3,8,0.540139135954076
Fig4D,Fig5A,Monkey_Y,MT,pre,non_rewarded,alpha_beta,-300,0,5,30,2,8,3,9,0.536858034807907
Fig4D,Fig5A,Monkey_Y,MT,pre,non_rewarded,alpha_beta,-300,0,5,30,2,9,3,10,0.541065980633152
Fig4D,Fig5A,Monkey_Y,MT,pre,non_rewarded,alpha_beta,-300,0,5,30,2,10,3,11,0.549140123248819
Fig4D,Fig5A,Monkey_Y,MT,pre,non_rewarded,alpha_beta,-300,0,5,30,2,11,3,12,0.557819659970997
Fig4D,Fig5A,Monkey_Y,MT,pre,non_rewarded,alpha_beta,-300,0,5,30,2,12,3,13,0.566022167167076
Fig4D,Fig5A,Monkey_Y,MT,pre,non_rewarded,alpha_beta,-300,0,5,30,2,13,3,14,0.567229451533537
Fig4D,Fig5A,Monkey_Y,MT,pre,non_rewarded,alpha_beta,-300,0,5,30,2,14,3,15,0.554448597105919
Fig4D,Fig5A,Monkey_Y,MT,pre,non_rewarded,alpha_beta,-300,0,5,30,2,15,3,16,0.546157391393172
Fig4D,Fig5A,Monkey_Y,MT,pre,non_rewarded,alpha_beta,-300,0,5,30,2,16,3,17,0.541149506815795
Fig4D,Fig5A,Monkey_Y,MT,pre,non_rewarded,alpha_beta,-300,0,5,30,2,17,3,18,0.547841937655842
Fig4D,Fig5A,Monkey_Y,MT,pre,non_rewarded,alpha_beta,-300,0,5,30,2,18,3,19,0.558345430647022
Fig4D,Fig5A,Monkey_Y,MT,pre,non_rewarded,alpha_beta,-300,0,5,30,2,19,3,20,0.558732026304474
Fig4D,Fig5A,Monkey_Y,MT,pre,non_rewarded,alpha_beta,-300,0,5,30,2,20,3,21,0.550601274439828
Fig4D,Fig5A,Monkey_Y,MT,pre,non_rewarded,alpha_beta,-300,0,5,30,2,21,3,22,0.546326714362716
Fig4D,Fig5A,Monkey_Y,MT,pre,non_rewarded,alpha_beta,-300,0,5,30,2,22,3,23,0.546543320629748
Fig4D,Fig5A,Monkey_Y,MT,pre,non_rewarded,alpha_beta,-300,0,5,30,2,23,3,24,0.550165424108103
Fig4D,Fig5A,Monkey_Y,MT,pre,non_rewarded,alpha_beta,-300,0,5,30,2,24,3,25,0.553312143782847
Fig4D,Fig5A,Monkey_Y,MT,pre,non_rewarded,alpha_beta,-300,0,5,30,2,25,3,26,0.565121216328048
Fig4D,Fig5A,Monkey_Y,MT,pre,non_rewarded,alpha_beta,-300,0,5,30,2,26,3,27,0.571563165616271
Fig4D,Fig5A,Monkey_Y,MT,pre,non_rewarded,alpha_beta,-300,0,5,30,2,27,3,28,0.567486713808175
Fig4D,Fig5A,Monkey_Y,MT,pre,non_rewarded,alpha_beta,-300,0,5,30,2,28,3,29,0.556389404892616
Fig4D,Fig5A,Monkey_Y,MT,pre,non_rewarded,alpha_beta,-300,0,5,30,3,4,4,5,0.518999343667805
Fig4D,Fig5A,Monkey_Y,MT,pre,non_rewarded,alpha_beta,-300,0,5,30,3,5,4,6,0.524666044232329
Fig4D,Fig5A,Monkey_Y,MT,pre,non_rewarded,alpha_beta,-300,0,5,30,3,6,4,7,0.532845706178322
Fig4D,Fig5A,Monkey_Y,MT,pre,non_rewarded,alpha_beta,-300,0,5,30,3,7,4,8,0.536715752509646
Fig4D,Fig5A,Monkey_Y,MT,pre,non_rewarded,alpha_beta,-300,0,5,30,3,8,4,9,0.538237707677083
Fig4D,Fig5A,Monkey_Y,MT,pre,non_rewarded,alpha_beta,-300,0,5,30,3,9,4,10,0.542499253376034
Fig4D,Fig5A,Monkey_Y,MT,pre,non_rewarded,alpha_beta,-300,0,5,30,3,10,4,11,0.546248864111403
Fig4D,Fig5A,Monkey_Y,MT,pre,non_rewarded,alpha_beta,-300,0,5,30,3,11,4,12,0.550584362394619
Fig4D,Fig5A,Monkey_Y,MT,pre,non_rewarded,alpha_beta,-300,0,5,30,3,12,4,13,0.552981508869383
Fig4D,Fig5A,Monkey_Y,MT,pre,non_rewarded,alpha_beta,-300,0,5,30,3,13,4,14,0.55406883387345
Fig4D,Fig5A,Monkey_Y,MT,pre,non_rewarded,alpha_beta,-300,0,5,30,3,14,4,15,0.551523224255815
Fig4D,Fig5A,Monkey_Y,MT,pre,non_rewarded,alpha_beta,-300,0,5,30,3,15,4,16,0.54744386080521
Fig4D,Fig5A,Monkey_Y,MT,pre,non_rewarded,alpha_beta,-300,0,5,30,3,16,4,17,0.542622004126367
Fig4D,Fig5A,Monkey_Y,MT,pre,non_rewarded,alpha_beta,-300,0,5,30,3,17,4,18,0.546614675861194
Fig4D,Fig5A,Monkey_Y,MT,pre,non_rewarded,alpha_beta,-300,0,5,30,3,18,4,19,0.548500666945837
Fig4D,Fig5A,Monkey_Y,MT,pre,non_rewarded,alpha_beta,-300,0,5,30,3,19,4,20,0.547740501402311
Fig4D,Fig5A,Monkey_Y,MT,pre,non_rewarded,alpha_beta,-300,0,5,30,3,20,4,21,0.546659893181729
Fig4D,Fig5A,Monkey_Y,MT,pre,non_rewarded,alpha_beta,-300,0,5,30,3,21,4,22,0.550889446966696
Fig4D,Fig5A,Monkey_Y,MT,pre,non_rewarded,alpha_beta,-300,0,5,30,3,22,4,23,0.561814150886984
Fig4D,Fig5A,Monkey_Y,MT,pre,non_rewarded,alpha_beta,-300,0,5,30,3,23,4,24,0.570127800977407
Fig4D,Fig5A,Monkey_Y,MT,pre,non_rewarded,alpha_beta,-300,0,5,30,3,24,4,25,0.574477609604567
Fig4D,Fig5A,Monkey_Y,MT,pre,non_rewarded,alpha_beta,-300,0,5,30,3,25,4,26,0.575541691947733
Fig4D,Fig5A,Monkey_Y,MT,pre,non_rewarded,alpha_beta,-300,0,5,30,3,26,4,27,0.578766102375921
Fig4D,Fig5A,Monkey_Y,MT,pre,non_rewarded,alpha_beta,-300,0,5,30,3,27,4,28,0.576031416284092
Fig4D,Fig5A,Monkey_Y,MT,pre,non_rewarded,alpha_beta,-300,0,5,30,3,28,4,29,0.57084456559941
Fig4D,Fig5A,Monkey_Y,MT,pre,non_rewarded,alpha_beta,-300,0,5,30,4,4,5,5,0.509122444396558
Fig4D,Fig5A,Monkey_Y,MT,pre,non_rewarded,alpha_beta,-300,0,5,30,4,5,5,6,0.508790330281788
Fig4D,Fig5A,Monkey_Y,MT,pre,non_rewarded,alpha_beta,-300,0,5,30,4,6,5,7,0.520357341526791
Fig4D,Fig5A,Monkey_Y,MT,pre,non_rewarded,alpha_beta,-300,0,5,30,4,7,5,8,0.535562413110459
Fig4D,Fig5A,Monkey_Y,MT,pre,non_rewarded,alpha_beta,-300,0,5,30,4,8,5,9,0.546281612934001
Fig4D,Fig5A,Monkey_Y,MT,pre,non_rewarded,alpha_beta,-300,0,5,30,4,9,5,10,0.552656728044817
Fig4D,Fig5A,Monkey_Y,MT,pre,non_rewarded,alpha_beta,-300,0,5,30,4,10,5,11,0.551171661900197
Fig4D,Fig5A,Monkey_Y,MT,pre,non_rewarded,alpha_beta,-300,0,5,30,4,11,5,12,0.540673896463844
Fig4D,Fig5A,Monkey_Y,MT,pre,non_rewarded,alpha_beta,-300,0,5,30,4,12,5,13,0.544651325105809
Fig4D,Fig5A,Monkey_Y,MT,pre,non_rewarded,alpha_beta,-300,0,5,30,4,13,5,14,0.553589690909393
Fig4D,Fig5A,Monkey_Y,MT,pre,non_rewarded,alpha_beta,-300,0,5,30,4,14,5,15,0.556643425336047
Fig4D,Fig5A,Monkey_Y,MT,pre,non_rewarded,alpha_beta,-300,0,5,30,4,15,5,16,0.549742022498896
Fig4D,Fig5A,Monkey_Y,MT,pre,non_rewarded,alpha_beta,-300,0,5,30,4,16,5,17,0.546697523013895
Fig4D,Fig5A,Monkey_Y,MT,pre,non_rewarded,alpha_beta,-300,0,5,30,4,17,5,18,0.545820070121045
Fig4D,Fig5A,Monkey_Y,MT,pre,non_rewarded,alpha_beta,-300,0,5,30,4,18,5,19,0.544482896421459
Fig4D,Fig5A,Monkey_Y,MT,pre,non_rewarded,alpha_beta,-300,0,5,30,4,19,5,20,0.540403901072568
Fig4D,Fig5A,Monkey_Y,MT,pre,non_rewarded,alpha_beta,-300,0,5,30,4,20,5,21,0.539551650745516
Fig4D,Fig5A,Monkey_Y,MT,pre,non_rewarded,alpha_beta,-300,0,5,30,4,21,5,22,0.542851061654894
Fig4D,Fig5A,Monkey_Y,MT,pre,non_rewarded,alpha_beta,-300,0,5,30,4,22,5,23,0.548842440125983
Fig4D,Fig5A,Monkey_Y,MT,pre,non_rewarded,alpha_beta,-300,0,5,30,4,23,5,24,0.55745260128988
Fig4D,Fig5A,Monkey_Y,MT,pre,non_rewarded,alpha_beta,-300,0,5,30,4,24,5,25,0.568361158970723
Fig4D,Fig5A,Monkey_Y,MT,pre,non_rewarded,alpha_beta,-300,0,5,30,4,25,5,26,0.567117125554217
Fig4D,Fig5A,Monkey_Y,MT,pre,non_rewarded,alpha_beta,-300,0,5,30,4,26,5,27,0.560917044768378
Fig4D,Fig5A,Monkey_Y,MT,pre,non_rewarded,alpha_beta,-300,0,5,30,4,27,5,28,0.55362621502031
Fig4D,Fig5A,Monkey_Y,MT,pre,non_rewarded,alpha_beta,-300,0,5,30,4,28,5,29,0.546152656442771
Fig4D,Fig5A,Monkey_Y,MT,pre,non_rewarded,alpha_beta,-300,0,5,30,5,4,6,5,0.511545220214255
Fig4D,Fig5A,Monkey_Y,MT,pre,non_rewarded,alpha_beta,-300,0,5,30,5,5,6,6,0.508767861951896
Fig4D,Fig5A,Monkey_Y,MT,pre,non_rewarded,alpha_beta,-300,0,5,30,5,6,6,7,0.509079811691041
Fig4D,Fig5A,Monkey_Y,MT,pre,non_rewarded,alpha_beta,-300,0,5,30,5,7,6,8,0.517630132681629
Fig4D,Fig5A,Monkey_Y,MT,pre,non_rewarded,alpha_beta,-300,0,5,30,5,8,6,9,0.534273232813958
Fig4D,Fig5A,Monkey_Y,MT,pre,non_rewarded,alpha_beta,-300,0,5,30,5,9,6,10,0.544602072519934
Fig4D,Fig5A,Monkey_Y,MT,pre,non_rewarded,alpha_beta,-300,0,5,30,5,10,6,11,0.54786950338058
Fig4D,Fig5A,Monkey_Y,MT,pre,non_rewarded,alpha_beta,-300,0,5,30,5,11,6,12,0.546686923153545
Fig4D,Fig5A,Monkey_Y,MT,pre,non_rewarded,alpha_beta,-300,0,5,30,5,12,6,13,0.542871723899031
Fig4D,Fig5A,Monkey_Y,MT,pre,non_rewarded,alpha_beta,-300,0,5,30,5,13,6,14,0.536538019952183
Fig4D,Fig5A,Monkey_Y,MT,pre,non_rewarded,alpha_beta,-300,0,5,30,5,14,6,15,0.540639583552257
Fig4D,Fig5A,Monkey_Y,MT,pre,non_rewarded,alpha_beta,-300,0,5,30,5,15,6,16,0.54884165911496
Fig4D,Fig5A,Monkey_Y,MT,pre,non_rewarded,alpha_beta,-300,0,5,30,5,16,6,17,0.55797351549502
Fig4D,Fig5A,Monkey_Y,MT,pre,non_rewarded,alpha_beta,-300,0,5,30,5,17,6,18,0.556602102256728
Fig4D,Fig5A,Monkey_Y,MT,pre,non_rewarded,alpha_beta,-300,0,5,30,5,18,6,19,0.548363349293219
Fig4D,Fig5A,Monkey_Y,MT,pre,non_rewarded,alpha_beta,-300,0,5,30,5,19,6,20,0.539706494768687
Fig4D,Fig5A,Monkey_Y,MT,pre,non_rewarded,alpha_beta,-300,0,5,30,5,20,6,21,0.532868774715411
Fig4D,Fig5A,Monkey_Y,MT,pre,non_rewarded,alpha_beta,-300,0,5,30,5,21,6,22,0.538036188330747
Fig4D,Fig5A,Monkey_Y,MT,pre,non_rewarded,alpha_beta,-300,0,5,30,5,22,6,23,0.542916918805041
Fig4D,Fig5A,Monkey_Y,MT,pre,non_rewarded,alpha_beta,-300,0,5,30,5,23,6,24,0.547749821152974
Fig4D,Fig5A,Monkey_Y,MT,pre,non_rewarded,alpha_beta,-300,0,5,30,5,24,6,25,0.55200925446532
Fig4D,Fig5A,Monkey_Y,MT,pre,non_rewarded,alpha_beta,-300,0,5,30,5,25,6,26,0.552404820488635
Fig4D,Fig5A,Monkey_Y,MT,pre,non_rewarded,alpha_beta,-300,0,5,30,5,26,6,27,0.546117895870064
Fig4D,Fig5A,Monkey_Y,MT,pre,non_rewarded,alpha_beta,-300,0,5,30,5,27,6,28,0.545333832466327
Fig4D,Fig5A,Monkey_Y,MT,pre,non_rewarded,alpha_beta,-300,0,5,30,5,28,6,29,0.538726379474836
Fig4D,Fig5A,Monkey_Y,MT,pre,non_rewarded,alpha_beta,-300,0,5,30,6,4,7,5,0.503016129140323
Fig4D,Fig5A,Monkey_Y,MT,pre,non_rewarded,alpha_beta,-300,0,5,30,6,5,7,6,0.497577107689712
Fig4D,Fig5A,Monkey_Y,MT,pre,non_rewarded,alpha_beta,-300,0,5,30,6,6,7,7,0.497641493105292
Fig4D,Fig5A,Monkey_Y,MT,pre,non_rewarded,alpha_beta,-300,0,5,30,6,7,7,8,0.504603750741339
Fig4D,Fig5A,Monkey_Y,MT,pre,non_rewarded,alpha_beta,-300,0,5,30,6,8,7,9,0.513491454797767
Fig4D,Fig5A,Monkey_Y,MT,pre,non_rewarded,alpha_beta,-300,0,5,30,6,9,7,10,0.524601689062768
Fig4D,Fig5A,Monkey_Y,MT,pre,non_rewarded,alpha_beta,-300,0,5,30,6,10,7,11,0.529864924729651
Fig4D,Fig5A,Monkey_Y,MT,pre,non_rewarded,alpha_beta,-300,0,5,30,6,11,7,12,0.530623996903517
Fig4D,Fig5A,Monkey_Y,MT,pre,non_rewarded,alpha_beta,-300,0,5,30,6,12,7,13,0.526039309165
Fig4D,Fig5A,Monkey_Y,MT,pre,non_rewarded,alpha_beta,-300,0,5,30,6,13,7,14,0.518536198280679
Fig4D,Fig5A,Monkey_Y,MT,pre,non_rewarded,alpha_beta,-300,0,5,30,6,14,7,15,0.515955062642175
Fig4D,Fig5A,Monkey_Y,MT,pre,non_rewarded,alpha_beta,-300,0,5,30,6,15,7,16,0.532679417444578
Fig4D,Fig5A,Monkey_Y,MT,pre,non_rewarded,alpha_beta,-300,0,5,30,6,16,7,17,0.552312535190232
Fig4D,Fig5A,Monkey_Y,MT,pre,non_rewarded,alpha_beta,-300,0,5,30,6,17,7,18,0.560072334382865
Fig4D,Fig5A,Monkey_Y,MT,pre,non_rewarded,alpha_beta,-300,0,5,30,6,18,7,19,0.56501651615778
Fig4D,Fig5A,Monkey_Y,MT,pre,non_rewarded,alpha_beta,-300,0,5,30,6,19,7,20,0.563147738541497
Fig4D,Fig5A,Monkey_Y,MT,pre,non_rewarded,alpha_beta,-300,0,5,30,6,20,7,21,0.566167703033056
Fig4D,Fig5A,Monkey_Y,MT,pre,non_rewarded,alpha_beta,-300,0,5,30,6,21,7,22,0.563483039609793
Fig4D,Fig5A,Monkey_Y,MT,pre,non_rewarded,alpha_beta,-300,0,5,30,6,22,7,23,0.561970888608525
Fig4D,Fig5A,Monkey_Y,MT,pre,non_rewarded,alpha_beta,-300,0,5,30,6,23,7,24,0.567653406639902
Fig4D,Fig5A,Monkey_Y,MT,pre,non_rewarded,alpha_beta,-300,0,5,30,6,24,7,25,0.572258189951321
Fig4D,Fig5A,Monkey_Y,MT,pre,non_rewarded,alpha_beta,-300,0,5,30,6,25,7,26,0.575903634660132
Fig4D,Fig5A,Monkey_Y,MT,pre,non_rewarded,alpha_beta,-300,0,5,30,6,26,7,27,0.575301402167433
Fig4D,Fig5A,Monkey_Y,MT,pre,non_rewarded,alpha_beta,-300,0,5,30,6,27,7,28,0.568675589956306
Fig4D,Fig5A,Monkey_Y,MT,pre,non_rewarded,alpha_beta,-300,0,5,30,6,28,7,29,0.556024516994593
Fig4D,Fig5A,Monkey_Y,MT,pre,non_rewarded,alpha_beta,-300,0,5,30,7,4,8,5,0.497219111793249
Fig4D,Fig5A,Monkey_Y,MT,pre,non_rewarded,alpha_beta,-300,0,5,30,7,5,8,6,0.497159067471823
Fig4D,Fig5A,Monkey_Y,MT,pre,non_rewarded,alpha_beta,-300,0,5,30,7,6,8,7,0.48989645469987
Fig4D,Fig5A,Monkey_Y,MT,pre,non_rewarded,alpha_beta,-300,0,5,30,7,7,8,8,0.48179360433441
Fig4D,Fig5A,Monkey_Y,MT,pre,non_rewarded,alpha_beta,-300,0,5,30,7,8,8,9,0.484552999414756
Fig4D,Fig5A,Monkey_Y,MT,pre,non_rewarded,alpha_beta,-300,0,5,30,7,9,8,10,0.484793727723009
Fig4D,Fig5A,Monkey_Y,MT,pre,non_rewarded,alpha_beta,-300,0,5,30,7,10,8,11,0.494343255217956
Fig4D,Fig5A,Monkey_Y,MT,pre,non_rewarded,alpha_beta,-300,0,5,30,7,11,8,12,0.496617871969343
Fig4D,Fig5A,Monkey_Y,MT,pre,non_rewarded,alpha_beta,-300,0,5,30,7,12,8,13,0.493561226908619
Fig4D,Fig5A,Monkey_Y,MT,pre,non_rewarded,alpha_beta,-300,0,5,30,7,13,8,14,0.491707060880631
Fig4D,Fig5A,Monkey_Y,MT,pre,non_rewarded,alpha_beta,-300,0,5,30,7,14,8,15,0.503098059907998
Fig4D,Fig5A,Monkey_Y,MT,pre,non_rewarded,alpha_beta,-300,0,5,30,7,15,8,16,0.513911623072404
Fig4D,Fig5A,Monkey_Y,MT,pre,non_rewarded,alpha_beta,-300,0,5,30,7,16,8,17,0.522670010102757
Fig4D,Fig5A,Monkey_Y,MT,pre,non_rewarded,alpha_beta,-300,0,5,30,7,17,8,18,0.535100900607891
Fig4D,Fig5A,Monkey_Y,MT,pre,non_rewarded,alpha_beta,-300,0,5,30,7,18,8,19,0.543843501540283
Fig4D,Fig5A,Monkey_Y,MT,pre,non_rewarded,alpha_beta,-300,0,5,30,7,19,8,20,0.560922856538595
Fig4D,Fig5A,Monkey_Y,MT,pre,non_rewarded,alpha_beta,-300,0,5,30,7,20,8,21,0.577697836426744
Fig4D,Fig5A,Monkey_Y,MT,pre,non_rewarded,alpha_beta,-300,0,5,30,7,21,8,22,0.585640920713849
Fig4D,Fig5A,Monkey_Y,MT,pre,non_rewarded,alpha_beta,-300,0,5,30,7,22,8,23,0.590609935400852
Fig4D,Fig5A,Monkey_Y,MT,pre,non_rewarded,alpha_beta,-300,0,5,30,7,23,8,24,0.597062855233031
Fig4D,Fig5A,Monkey_Y,MT,pre,non_rewarded,alpha_beta,-300,0,5,30,7,24,8,25,0.606836899326919
Fig4D,Fig5A,Monkey_Y,MT,pre,non_rewarded,alpha_beta,-300,0,5,30,7,25,8,26,0.611457133348063
Fig4D,Fig5A,Monkey_Y,MT,pre,non_rewarded,alpha_beta,-300,0,5,30,7,26,8,27,0.606451462408865
Fig4D,Fig5A,Monkey_Y,MT,pre,non_rewarded,alpha_beta,-300,0,5,30,7,27,8,28,0.592549454702811
Fig4D,Fig5A,Monkey_Y,MT,pre,non_rewarded,alpha_beta,-300,0,5,30,7,28,8,29,0.579138444140561
Fig4D,Fig5A,Monkey_Y,MT,pre,non_rewarded,alpha_beta,-300,0,5,30,8,4,9,5,0.470635100854663
Fig4D,Fig5A,Monkey_Y,MT,pre,non_rewarded,alpha_beta,-300,0,5,30,8,5,9,6,0.473006798153789
Fig4D,Fig5A,Monkey_Y,MT,pre,non_rewarded,alpha_beta,-300,0,5,30,8,6,9,7,0.470952224615718
Fig4D,Fig5A,Monkey_Y,MT,pre,non_rewarded,alpha_beta,-300,0,5,30,8,7,9,8,0.468914304612005
Fig4D,Fig5A,Monkey_Y,MT,pre,non_rewarded,alpha_beta,-300,0,5,30,8,8,9,9,0.466073802737372
Fig4D,Fig5A,Monkey_Y,MT,pre,non_rewarded,alpha_beta,-300,0,5,30,8,9,9,10,0.458172974600347
Fig4D,Fig5A,Monkey_Y,MT,pre,non_rewarded,alpha_beta,-300,0,5,30,8,10,9,11,0.454765346886274
Fig4D,Fig5A,Monkey_Y,MT,pre,non_rewarded,alpha_beta,-300,0,5,30,8,11,9,12,0.455660767259519
Fig4D,Fig5A,Monkey_Y,MT,pre,non_rewarded,alpha_beta,-300,0,5,30,8,12,9,13,0.459659887819121
Fig4D,Fig5A,Monkey_Y,MT,pre,non_rewarded,alpha_beta,-300,0,5,30,8,13,9,14,0.469268940704195
Fig4D,Fig5A,Monkey_Y,MT,pre,non_rewarded,alpha_beta,-300,0,5,30,8,14,9,15,0.482684482547916
Fig4D,Fig5A,Monkey_Y,MT,pre,non_rewarded,alpha_beta,-300,0,5,30,8,15,9,16,0.492222498853984
Fig4D,Fig5A,Monkey_Y,MT,pre,non_rewarded,alpha_beta,-300,0,5,30,8,16,9,17,0.498275433496914
Fig4D,Fig5A,Monkey_Y,MT,pre,non_rewarded,alpha_beta,-300,0,5,30,8,17,9,18,0.502398556780372
Fig4D,Fig5A,Monkey_Y,MT,pre,non_rewarded,alpha_beta,-300,0,5,30,8,18,9,19,0.506712929473885
Fig4D,Fig5A,Monkey_Y,MT,pre,non_rewarded,alpha_beta,-300,0,5,30,8,19,9,20,0.521670511515825
Fig4D,Fig5A,Monkey_Y,MT,pre,non_rewarded,alpha_beta,-300,0,5,30,8,20,9,21,0.539403797665367
Fig4D,Fig5A,Monkey_Y,MT,pre,non_rewarded,alpha_beta,-300,0,5,30,8,21,9,22,0.558649129101725
Fig4D,Fig5A,Monkey_Y,MT,pre,non_rewarded,alpha_beta,-300,0,5,30,8,22,9,23,0.574754210193042
Fig4D,Fig5A,Monkey_Y,MT,pre,non_rewarded,alpha_beta,-300,0,5,30,8,23,9,24,0.581545469277247
Fig4D,Fig5A,Monkey_Y,MT,pre,non_rewarded,alpha_beta,-300,0,5,30,8,24,9,25,0.589427326286687
Fig4D,Fig5A,Monkey_Y,MT,pre,non_rewarded,alpha_beta,-300,0,5,30,8,25,9,26,0.592464687174593
Fig4D,Fig5A,Monkey_Y,MT,pre,non_rewarded,alpha_beta,-300,0,5,30,8,26,9,27,0.595911674215284
Fig4D,Fig5A,Monkey_Y,MT,pre,non_rewarded,alpha_beta,-300,0,5,30,8,27,9,28,0.596053943911632
Fig4D,Fig5A,Monkey_Y,MT,pre,non_rewarded,alpha_beta,-300,0,5,30,8,28,9,29,0.588665421915284
Fig4D,Fig5A,Monkey_Y,MT,pre,non_rewarded,alpha_beta,-300,0,5,30,9,4,10,5,0.442348174327926
Fig4D,Fig5A,Monkey_Y,MT,pre,non_rewarded,alpha_beta,-300,0,5,30,9,5,10,6,0.446970822208892
Fig4D,Fig5A,Monkey_Y,MT,pre,non_rewarded,alpha_beta,-300,0,5,30,9,6,10,7,0.444833279747313
Fig4D,Fig5A,Monkey_Y,MT,pre,non_rewarded,alpha_beta,-300,0,5,30,9,7,10,8,0.44570213664121
Fig4D,Fig5A,Monkey_Y,MT,pre,non_rewarded,alpha_beta,-300,0,5,30,9,8,10,9,0.443137690318771
Fig4D,Fig5A,Monkey_Y,MT,pre,non_rewarded,alpha_beta,-300,0,5,30,9,9,10,10,0.44394523187181
Fig4D,Fig5A,Monkey_Y,MT,pre,non_rewarded,alpha_beta,-300,0,5,30,9,10,10,11,0.445030676938052
Fig4D,Fig5A,Monkey_Y,MT,pre,non_rewarded,alpha_beta,-300,0,5,30,9,11,10,12,0.443422302419209
Fig4D,Fig5A,Monkey_Y,MT,pre,non_rewarded,alpha_beta,-300,0,5,30,9,12,10,13,0.44866539074665
Fig4D,Fig5A,Monkey_Y,MT,pre,non_rewarded,alpha_beta,-300,0,5,30,9,13,10,14,0.459187857096855
Fig4D,Fig5A,Monkey_Y,MT,pre,non_rewarded,alpha_beta,-300,0,5,30,9,14,10,15,0.471526904371803
Fig4D,Fig5A,Monkey_Y,MT,pre,non_rewarded,alpha_beta,-300,0,5,30,9,15,10,16,0.486448360314414
Fig4D,Fig5A,Monkey_Y,MT,pre,non_rewarded,alpha_beta,-300,0,5,30,9,16,10,17,0.493610093205116
Fig4D,Fig5A,Monkey_Y,MT,pre,non_rewarded,alpha_beta,-300,0,5,30,9,17,10,18,0.492293390189156
Fig4D,Fig5A,Monkey_Y,MT,pre,non_rewarded,alpha_beta,-300,0,5,30,9,18,10,19,0.491751384995933
Fig4D,Fig5A,Monkey_Y,MT,pre,non_rewarded,alpha_beta,-300,0,5,30,9,19,10,20,0.495647171705767
Fig4D,Fig5A,Monkey_Y,MT,pre,non_rewarded,alpha_beta,-300,0,5,30,9,20,10,21,0.513276855281562
Fig4D,Fig5A,Monkey_Y,MT,pre,non_rewarded,alpha_beta,-300,0,5,30,9,21,10,22,0.534642058823873
Fig4D,Fig5A,Monkey_Y,MT,pre,non_rewarded,alpha_beta,-300,0,5,30,9,22,10,23,0.549735361887613
Fig4D,Fig5A,Monkey_Y,MT,pre,non_rewarded,alpha_beta,-300,0,5,30,9,23,10,24,0.558284932799795
Fig4D,Fig5A,Monkey_Y,MT,pre,non_rewarded,alpha_beta,-300,0,5,30,9,24,10,25,0.567099963544856
Fig4D,Fig5A,Monkey_Y,MT,pre,non_rewarded,alpha_beta,-300,0,5,30,9,25,10,26,0.564754196661364
Fig4D,Fig5A,Monkey_Y,MT,pre,non_rewarded,alpha_beta,-300,0,5,30,9,26,10,27,0.561942057657516
Fig4D,Fig5A,Monkey_Y,MT,pre,non_rewarded,alpha_beta,-300,0,5,30,9,27,10,28,0.553611783513485
Fig4D,Fig5A,Monkey_Y,MT,pre,non_rewarded,alpha_beta,-300,0,5,30,9,28,10,29,0.543031858036188
Fig4D,Fig5A,Monkey_Y,MT,pre,non_rewarded,alpha_beta,-300,0,5,30,10,4,11,5,0.430195858892043
Fig4D,Fig5A,Monkey_Y,MT,pre,non_rewarded,alpha_beta,-300,0,5,30,10,5,11,6,0.436524166988995
Fig4D,Fig5A,Monkey_Y,MT,pre,non_rewarded,alpha_beta,-300,0,5,30,10,6,11,7,0.441247798355809
Fig4D,Fig5A,Monkey_Y,MT,pre,non_rewarded,alpha_beta,-300,0,5,30,10,7,11,8,0.44150389094126
Fig4D,Fig5A,Monkey_Y,MT,pre,non_rewarded,alpha_beta,-300,0,5,30,10,8,11,9,0.439597488370509
Fig4D,Fig5A,Monkey_Y,MT,pre,non_rewarded,alpha_beta,-300,0,5,30,10,9,11,10,0.437618413511134
Fig4D,Fig5A,Monkey_Y,MT,pre,non_rewarded,alpha_beta,-300,0,5,30,10,10,11,11,0.439857435939574
Fig4D,Fig5A,Monkey_Y,MT,pre,non_rewarded,alpha_beta,-300,0,5,30,10,11,11,12,0.442961185246211
Fig4D,Fig5A,Monkey_Y,MT,pre,non_rewarded,alpha_beta,-300,0,5,30,10,12,11,13,0.448311069430489
Fig4D,Fig5A,Monkey_Y,MT,pre,non_rewarded,alpha_beta,-300,0,5,30,10,13,11,14,0.469101893331041
Fig4D,Fig5A,Monkey_Y,MT,pre,non_rewarded,alpha_beta,-300,0,5,30,10,14,11,15,0.485177001253188
Fig4D,Fig5A,Monkey_Y,MT,pre,non_rewarded,alpha_beta,-300,0,5,30,10,15,11,16,0.495459273553283
Fig4D,Fig5A,Monkey_Y,MT,pre,non_rewarded,alpha_beta,-300,0,5,30,10,16,11,17,0.502688495048281
Fig4D,Fig5A,Monkey_Y,MT,pre,non_rewarded,alpha_beta,-300,0,5,30,10,17,11,18,0.496993672522628
Fig4D,Fig5A,Monkey_Y,MT,pre,non_rewarded,alpha_beta,-300,0,5,30,10,18,11,19,0.493813177527295
Fig4D,Fig5A,Monkey_Y,MT,pre,non_rewarded,alpha_beta,-300,0,5,30,10,19,11,20,0.498716348910521
Fig4D,Fig5A,Monkey_Y,MT,pre,non_rewarded,alpha_beta,-300,0,5,30,10,20,11,21,0.513521304307991
Fig4D,Fig5A,Monkey_Y,MT,pre,non_rewarded,alpha_beta,-300,0,5,30,10,21,11,22,0.52905241790874
Fig4D,Fig5A,Monkey_Y,MT,pre,non_rewarded,alpha_beta,-300,0,5,30,10,22,11,23,0.54030244016592
Fig4D,Fig5A,Monkey_Y,MT,pre,non_rewarded,alpha_beta,-300,0,5,30,10,23,11,24,0.55178571399248
Fig4D,Fig5A,Monkey_Y,MT,pre,non_rewarded,alpha_beta,-300,0,5,30,10,24,11,25,0.55478923265952
Fig4D,Fig5A,Monkey_Y,MT,pre,non_rewarded,alpha_beta,-300,0,5,30,10,25,11,26,0.550271498559102
Fig4D,Fig5A,Monkey_Y,MT,pre,non_rewarded,alpha_beta,-300,0,5,30,10,26,11,27,0.546225033623504
Fig4D,Fig5A,Monkey_Y,MT,pre,non_rewarded,alpha_beta,-300,0,5,30,10,27,11,28,0.53611261159215
Fig4D,Fig5A,Monkey_Y,MT,pre,non_rewarded,alpha_beta,-300,0,5,30,10,28,11,29,0.527849780872914
Fig4D,Fig5A,Monkey_Y,MT,post,rewarded,alpha_beta,-300,0,5,30,0,4,1,5,0.486999913463355
Fig4D,Fig5A,Monkey_Y,MT,post,rewarded,alpha_beta,-300,0,5,30,0,5,1,6,0.494890803867571
Fig4D,Fig5A,Monkey_Y,MT,post,rewarded,alpha_beta,-300,0,5,30,0,6,1,7,0.500884148975312
Fig4D,Fig5A,Monkey_Y,MT,post,rewarded,alpha_beta,-300,0,5,30,0,7,1,8,0.500410768945015
Fig4D,Fig5A,Monkey_Y,MT,post,rewarded,alpha_beta,-300,0,5,30,0,8,1,9,0.50502723777709
Fig4D,Fig5A,Monkey_Y,MT,post,rewarded,alpha_beta,-300,0,5,30,0,9,1,10,0.508718210631135
Fig4D,Fig5A,Monkey_Y,MT,post,rewarded,alpha_beta,-300,0,5,30,0,10,1,11,0.515523666250773
Fig4D,Fig5A,Monkey_Y,MT,post,rewarded,alpha_beta,-300,0,5,30,0,11,1,12,0.517791272748096
Fig4D,Fig5A,Monkey_Y,MT,post,rewarded,alpha_beta,-300,0,5,30,0,12,1,13,0.520051885965675
Fig4D,Fig5A,Monkey_Y,MT,post,rewarded,alpha_beta,-300,0,5,30,0,13,1,14,0.520074192903043
Fig4D,Fig5A,Monkey_Y,MT,post,rewarded,alpha_beta,-300,0,5,30,0,14,1,15,0.522899054482936
Fig4D,Fig5A,Monkey_Y,MT,post,rewarded,alpha_beta,-300,0,5,30,0,15,1,16,0.524107111563188
Fig4D,Fig5A,Monkey_Y,MT,post,rewarded,alpha_beta,-300,0,5,30,0,16,1,17,0.524104246129976
Fig4D,Fig5A,Monkey_Y,MT,post,rewarded,alpha_beta,-300,0,5,30,0,17,1,18,0.52230689287073
Fig4D,Fig5A,Monkey_Y,MT,post,rewarded,alpha_beta,-300,0,5,30,0,18,1,19,0.519301395963766
Fig4D,Fig5A,Monkey_Y,MT,post,rewarded,alpha_beta,-300,0,5,30,0,19,1,20,0.517112732831425
Fig4D,Fig5A,Monkey_Y,MT,post,rewarded,alpha_beta,-300,0,5,30,0,20,1,21,0.516884303055385
Fig4D,Fig5A,Monkey_Y,MT,post,rewarded,alpha_beta,-300,0,5,30,0,21,1,22,0.514111443750549
Fig4D,Fig5A,Monkey_Y,MT,post,rewarded,alpha_beta,-300,0,5,30,0,22,1,23,0.519705125513657
Fig4D,Fig5A,Monkey_Y,MT,post,rewarded,alpha_beta,-300,0,5,30,0,23,1,24,0.529345753410797
Fig4D,Fig5A,Monkey_Y,MT,post,rewarded,alpha_beta,-300,0,5,30,0,24,1,25,0.537269882948149
Fig4D,Fig5A,Monkey_Y,MT,post,rewarded,alpha_beta,-300,0,5,30,0,25,1,26,0.537672901427402
Fig4D,Fig5A,Monkey_Y,MT,post,rewarded,alpha_beta,-300,0,5,30,0,26,1,27,0.527489514973159
Fig4D,Fig5A,Monkey_Y,MT,post,rewarded,alpha_beta,-300,0,5,30,0,27,1,28,0.517685484492103
Fig4D,Fig5A,Monkey_Y,MT,post,rewarded,alpha_beta,-300,0,5,30,0,28,1,29,0.517367857633125
Fig4D,Fig5A,Monkey_Y,MT,post,rewarded,alpha_beta,-300,0,5,30,1,4,2,5,0.479463744944182
Fig4D,Fig5A,Monkey_Y,MT,post,rewarded,alpha_beta,-300,0,5,30,1,5,2,6,0.483255565660102
Fig4D,Fig5A,Monkey_Y,MT,post,rewarded,alpha_beta,-300,0,5,30,1,6,2,7,0.489655902913388
Fig4D,Fig5A,Monkey_Y,MT,post,rewarded,alpha_beta,-300,0,5,30,1,7,2,8,0.495708143678539
Fig4D,Fig5A,Monkey_Y,MT,post,rewarded,alpha_beta,-300,0,5,30,1,8,2,9,0.501315013014631
Fig4D,Fig5A,Monkey_Y,MT,post,rewarded,alpha_beta,-300,0,5,30,1,9,2,10,0.50513526241708
Fig4D,Fig5A,Monkey_Y,MT,post,rewarded,alpha_beta,-300,0,5,30,1,10,2,11,0.507145836199653
Fig4D,Fig5A,Monkey_Y,MT,post,rewarded,alpha_beta,-300,0,5,30,1,11,2,12,0.508435061509671
Fig4D,Fig5A,Monkey_Y,MT,post,rewarded,alpha_beta,-300,0,5,30,1,12,2,13,0.50808615474697
Fig4D,Fig5A,Monkey_Y,MT,post,rewarded,alpha_beta,-300,0,5,30,1,13,2,14,0.51158685142437
Fig4D,Fig5A,Monkey_Y,MT,post,rewarded,alpha_beta,-300,0,5,30,1,14,2,15,0.517256476047803
Fig4D,Fig5A,Monkey_Y,MT,post,rewarded,alpha_beta,-300,0,5,30,1,15,2,16,0.520891157126015
Fig4D,Fig5A,Monkey_Y,MT,post,rewarded,alpha_beta,-300,0,5,30,1,16,2,17,0.521372221473281
Fig4D,Fig5A,Monkey_Y,MT,post,rewarded,alpha_beta,-300,0,5,30,1,17,2,18,0.524427753258419
Fig4D,Fig5A,Monkey_Y,MT,post,rewarded,alpha_beta,-300,0,5,30,1,18,2,19,0.52630534673803
Fig4D,Fig5A,Monkey_Y,MT,post,rewarded,alpha_beta,-300,0,5,30,1,19,2,20,0.525941937748045
Fig4D,Fig5A,Monkey_Y,MT,post,rewarded,alpha_beta,-300,0,5,30,1,20,2,21,0.523837863628048
Fig4D,Fig5A,Monkey_Y,MT,post,rewarded,alpha_beta,-300,0,5,30,1,21,2,22,0.519566862245187
Fig4D,Fig5A,Monkey_Y,MT,post,rewarded,alpha_beta,-300,0,5,30,1,22,2,23,0.514948896531791
Fig4D,Fig5A,Monkey_Y,MT,post,rewarded,alpha_beta,-300,0,5,30,1,23,2,24,0.517384391749476
Fig4D,Fig5A,Monkey_Y,MT,post,rewarded,alpha_beta,-300,0,5,30,1,24,2,25,0.519157002431933
Fig4D,Fig5A,Monkey_Y,MT,post,rewarded,alpha_beta,-300,0,5,30,1,25,2,26,0.52323864867438
Fig4D,Fig5A,Monkey_Y,MT,post,rewarded,alpha_beta,-300,0,5,30,1,26,2,27,0.518043718889648
Fig4D,Fig5A,Monkey_Y,MT,post,rewarded,alpha_beta,-300,0,5,30,1,27,2,28,0.514845181618621
Fig4D,Fig5A,Monkey_Y,MT,post,rewarded,alpha_beta,-300,0,5,30,1,28,2,29,0.509390275440033
Fig4D,Fig5A,Monkey_Y,MT,post,rewarded,alpha_beta,-300,0,5,30,2,4,3,5,0.483021352892233
Fig4D,Fig5A,Monkey_Y,MT,post,rewarded,alpha_beta,-300,0,5,30,2,5,3,6,0.48839910784887
Fig4D,Fig5A,Monkey_Y,MT,post,rewarded,alpha_beta,-300,0,5,30,2,6,3,7,0.498903291141729
Fig4D,Fig5A,Monkey_Y,MT,post,rewarded,alpha_beta,-300,0,5,30,2,7,3,8,0.5046507272037
Fig4D,Fig5A,Monkey_Y,MT,post,rewarded,alpha_beta,-300,0,5,30,2,8,3,9,0.508234949966701
Fig4D,Fig5A,Monkey_Y,MT,post,rewarded,alpha_beta,-300,0,5,30,2,9,3,10,0.511679246264046
Fig4D,Fig5A,Monkey_Y,MT,post,rewarded,alpha_beta,-300,0,5,30,2,10,3,11,0.5183495444494
Fig4D,Fig5A,Monkey_Y,MT,post,rewarded,alpha_beta,-300,0,5,30,2,11,3,12,0.522887539006599
Fig4D,Fig5A,Monkey_Y,MT,post,rewarded,alpha_beta,-300,0,5,30,2,12,3,13,0.521876898898014
Fig4D,Fig5A,Monkey_Y,MT,post,rewarded,alpha_beta,-300,0,5,30,2,13,3,14,0.519703347740749
Fig4D,Fig5A,Monkey_Y,MT,post,rewarded,alpha_beta,-300,0,5,30,2,14,3,15,0.516493198447737
Fig4D,Fig5A,Monkey_Y,MT,post,rewarded,alpha_beta,-300,0,5,30,2,15,3,16,0.511845427867811
Fig4D,Fig5A,Monkey_Y,MT,post,rewarded,alpha_beta,-300,0,5,30,2,16,3,17,0.510612455345519
Fig4D,Fig5A,Monkey_Y,MT,post,rewarded,alpha_beta,-300,0,5,30,2,17,3,18,0.513359325417299
Fig4D,Fig5A,Monkey_Y,MT,post,rewarded,alpha_beta,-300,0,5,30,2,18,3,19,0.515410432961538
Fig4D,Fig5A,Monkey_Y,MT,post,rewarded,alpha_beta,-300,0,5,30,2,19,3,20,0.513909637496289
Fig4D,Fig5A,Monkey_Y,MT,post,rewarded,alpha_beta,-300,0,5,30,2,20,3,21,0.510176538802012
Fig4D,Fig5A,Monkey_Y,MT,post,rewarded,alpha_beta,-300,0,5,30,2,21,3,22,0.505549803576994
Fig4D,Fig5A,Monkey_Y,MT,post,rewarded,alpha_beta,-300,0,5,30,2,22,3,23,0.499497757945006
Fig4D,Fig5A,Monkey_Y,MT,post,rewarded,alpha_beta,-300,0,5,30,2,23,3,24,0.499391841783366
Fig4D,Fig5A,Monkey_Y,MT,post,rewarded,alpha_beta,-300,0,5,30,2,24,3,25,0.501417864641739
Fig4D,Fig5A,Monkey_Y,MT,post,rewarded,alpha_beta,-300,0,5,30,2,25,3,26,0.50568849779503
Fig4D,Fig5A,Monkey_Y,MT,post,rewarded,alpha_beta,-300,0,5,30,2,26,3,27,0.509622958309971
Fig4D,Fig5A,Monkey_Y,MT,post,rewarded,alpha_beta,-300,0,5,30,2,27,3,28,0.506631066248899
Fig4D,Fig5A,Monkey_Y,MT,post,rewarded,alpha_beta,-300,0,5,30,2,28,3,29,0.503402912348387
Fig4D,Fig5A,Monkey_Y,MT,post,rewarded,alpha_beta,-300,0,5,30,3,4,4,5,0.488394891701211
Fig4D,Fig5A,Monkey_Y,MT,post,rewarded,alpha_beta,-300,0,5,30,3,5,4,6,0.49398737465709
Fig4D,Fig5A,Monkey_Y,MT,post,rewarded,alpha_beta,-300,0,5,30,3,6,4,7,0.497787766014465
Fig4D,Fig5A,Monkey_Y,MT,post,rewarded,alpha_beta,-300,0,5,30,3,7,4,8,0.501718793842357
Fig4D,Fig5A,Monkey_Y,MT,post,rewarded,alpha_beta,-300,0,5,30,3,8,4,9,0.501719745699227
Fig4D,Fig5A,Monkey_Y,MT,post,rewarded,alpha_beta,-300,0,5,30,3,9,4,10,0.504341673028046
Fig4D,Fig5A,Monkey_Y,MT,post,rewarded,alpha_beta,-300,0,5,30,3,10,4,11,0.509875491442773
Fig4D,Fig5A,Monkey_Y,MT,post,rewarded,alpha_beta,-300,0,5,30,3,11,4,12,0.519492124279167
Fig4D,Fig5A,Monkey_Y,MT,post,rewarded,alpha_beta,-300,0,5,30,3,12,4,13,0.519866112607145
Fig4D,Fig5A,Monkey_Y,MT,post,rewarded,alpha_beta,-300,0,5,30,3,13,4,14,0.514739208939637
Fig4D,Fig5A,Monkey_Y,MT,post,rewarded,alpha_beta,-300,0,5,30,3,14,4,15,0.510045420797557
Fig4D,Fig5A,Monkey_Y,MT,post,rewarded,alpha_beta,-300,0,5,30,3,15,4,16,0.506151907657239
Fig4D,Fig5A,Monkey_Y,MT,post,rewarded,alpha_beta,-300,0,5,30,3,16,4,17,0.504613141204875
Fig4D,Fig5A,Monkey_Y,MT,post,rewarded,alpha_beta,-300,0,5,30,3,17,4,18,0.501742226041207
Fig4D,Fig5A,Monkey_Y,MT,post,rewarded,alpha_beta,-300,0,5,30,3,18,4,19,0.499630956381031
Fig4D,Fig5A,Monkey_Y,MT,post,rewarded,alpha_beta,-300,0,5,30,3,19,4,20,0.498415785396763
Fig4D,Fig5A,Monkey_Y,MT,post,rewarded,alpha_beta,-300,0,5,30,3,20,4,21,0.495691835092205
Fig4D,Fig5A,Monkey_Y,MT,post,rewarded,alpha_beta,-300,0,5,30,3,21,4,22,0.495826444959334
Fig4D,Fig5A,Monkey_Y,MT,post,rewarded,alpha_beta,-300,0,5,30,3,22,4,23,0.494838929459635
Fig4D,Fig5A,Monkey_Y,MT,post,rewarded,alpha_beta,-300,0,5,30,3,23,4,24,0.49426776486917
Fig4D,Fig5A,Monkey_Y,MT,post,rewarded,alpha_beta,-300,0,5,30,3,24,4,25,0.493205345280214
Fig4D,Fig5A,Monkey_Y,MT,post,rewarded,alpha_beta,-300,0,5,30,3,25,4,26,0.499067556626449
Fig4D,Fig5A,Monkey_Y,MT,post,rewarded,alpha_beta,-300,0,5,30,3,26,4,27,0.505166316135849
Fig4D,Fig5A,Monkey_Y,MT,post,rewarded,alpha_beta,-300,0,5,30,3,27,4,28,0.51683706387873
Fig4D,Fig5A,Monkey_Y,MT,post,rewarded,alpha_beta,-300,0,5,30,3,28,4,29,0.516222561041198
Fig4D,Fig5A,Monkey_Y,MT,post,rewarded,alpha_beta,-300,0,5,30,4,4,5,5,0.495109717925825
Fig4D,Fig5A,Monkey_Y,MT,post,rewarded,alpha_beta,-300,0,5,30,4,5,5,6,0.500622249412189
Fig4D,Fig5A,Monkey_Y,MT,post,rewarded,alpha_beta,-300,0,5,30,4,6,5,7,0.506124412412247
Fig4D,Fig5A,Monkey_Y,MT,post,rewarded,alpha_beta,-300,0,5,30,4,7,5,8,0.507875641354355
Fig4D,Fig5A,Monkey_Y,MT,post,rewarded,alpha_beta,-300,0,5,30,4,8,5,9,0.502692475652929
Fig4D,Fig5A,Monkey_Y,MT,post,rewarded,alpha_beta,-300,0,5,30,4,9,5,10,0.498864354351406
Fig4D,Fig5A,Monkey_Y,MT,post,rewarded,alpha_beta,-300,0,5,30,4,10,5,11,0.498985781307172
Fig4D,Fig5A,Monkey_Y,MT,post,rewarded,alpha_beta,-300,0,5,30,4,11,5,12,0.501894379400571
Fig4D,Fig5A,Monkey_Y,MT,post,rewarded,alpha_beta,-300,0,5,30,4,12,5,13,0.50925450228646
Fig4D,Fig5A,Monkey_Y,MT,post,rewarded,alpha_beta,-300,0,5,30,4,13,5,14,0.511793846756769
Fig4D,Fig5A,Monkey_Y,MT,post,rewarded,alpha_beta,-300,0,5,30,4,14,5,15,0.509190889337822
Fig4D,Fig5A,Monkey_Y,MT,post,rewarded,alpha_beta,-300,0,5,30,4,15,5,16,0.504426503866819
Fig4D,Fig5A,Monkey_Y,MT,post,rewarded,alpha_beta,-300,0,5,30,4,16,5,17,0.501500611581619
Fig4D,Fig5A,Monkey_Y,MT,post,rewarded,alpha_beta,-300,0,5,30,4,17,5,18,0.499791660078755
Fig4D,Fig5A,Monkey_Y,MT,post,rewarded,alpha_beta,-300,0,5,30,4,18,5,19,0.502881015433373
Fig4D,Fig5A,Monkey_Y,MT,post,rewarded,alpha_beta,-300,0,5,30,4,19,5,20,0.503817280103688
Fig4D,Fig5A,Monkey_Y,MT,post,rewarded,alpha_beta,-300,0,5,30,4,20,5,21,0.506890267311089
Fig4D,Fig5A,Monkey_Y,MT,post,rewarded,alpha_beta,-300,0,5,30,4,21,5,22,0.508287816799171
Fig4D,Fig5A,Monkey_Y,MT,post,rewarded,alpha_beta,-300,0,5,30,4,22,5,23,0.506958636654639
Fig4D,Fig5A,Monkey_Y,MT,post,rewarded,alpha_beta,-300,0,5,30,4,23,5,24,0.505883306570233
Fig4D,Fig5A,Monkey_Y,MT,post,rewarded,alpha_beta,-300,0,5,30,4,24,5,25,0.507416479153907
Fig4D,Fig5A,Monkey_Y,MT,post,rewarded,alpha_beta,-300,0,5,30,4,25,5,26,0.513174966918669
Fig4D,Fig5A,Monkey_Y,MT,post,rewarded,alpha_beta,-300,0,5,30,4,26,5,27,0.520870382860434
Fig4D,Fig5A,Monkey_Y,MT,post,rewarded,alpha_beta,-300,0,5,30,4,27,5,28,0.522493568696058
Fig4D,Fig5A,Monkey_Y,MT,post,rewarded,alpha_beta,-300,0,5,30,4,28,5,29,0.520453884089191
Fig4D,Fig5A,Monkey_Y,MT,post,rewarded,alpha_beta,-300,0,5,30,5,4,6,5,0.49974104542586
Fig4D,Fig5A,Monkey_Y,MT,post,rewarded,alpha_beta,-300,0,5,30,5,5,6,6,0.510219981685144
Fig4D,Fig5A,Monkey_Y,MT,post,rewarded,alpha_beta,-300,0,5,30,5,6,6,7,0.516158389892285
Fig4D,Fig5A,Monkey_Y,MT,post,rewarded,alpha_beta,-300,0,5,30,5,7,6,8,0.51083328413589
Fig4D,Fig5A,Monkey_Y,MT,post,rewarded,alpha_beta,-300,0,5,30,5,8,6,9,0.503154151083752
Fig4D,Fig5A,Monkey_Y,MT,post,rewarded,alpha_beta,-300,0,5,30,5,9,6,10,0.503572820128724
Fig4D,Fig5A,Monkey_Y,MT,post,rewarded,alpha_beta,-300,0,5,30,5,10,6,11,0.504015304896857
Fig4D,Fig5A,Monkey_Y,MT,post,rewarded,alpha_beta,-300,0,5,30,5,11,6,12,0.50102105139705
Fig4D,Fig5A,Monkey_Y,MT,post,rewarded,alpha_beta,-300,0,5,30,5,12,6,13,0.502590175946391
Fig4D,Fig5A,Monkey_Y,MT,post,rewarded,alpha_beta,-300,0,5,30,5,13,6,14,0.507855660527566
Fig4D,Fig5A,Monkey_Y,MT,post,rewarded,alpha_beta,-300,0,5,30,5,14,6,15,0.515361861986602
Fig4D,Fig5A,Monkey_Y,MT,post,rewarded,alpha_beta,-300,0,5,30,5,15,6,16,0.516006660933104
Fig4D,Fig5A,Monkey_Y,MT,post,rewarded,alpha_beta,-300,0,5,30,5,16,6,17,0.515694884871357
Fig4D,Fig5A,Monkey_Y,MT,post,rewarded,alpha_beta,-300,0,5,30,5,17,6,18,0.519038824818947
Fig4D,Fig5A,Monkey_Y,MT,post,rewarded,alpha_beta,-300,0,5,30,5,18,6,19,0.51875563878977
Fig4D,Fig5A,Monkey_Y,MT,post,rewarded,alpha_beta,-300,0,5,30,5,19,6,20,0.516109242494373
Fig4D,Fig5A,Monkey_Y,MT,post,rewarded,alpha_beta,-300,0,5,30,5,20,6,21,0.516484232338973
Fig4D,Fig5A,Monkey_Y,MT,post,rewarded,alpha_beta,-300,0,5,30,5,21,6,22,0.519613959646909
Fig4D,Fig5A,Monkey_Y,MT,post,rewarded,alpha_beta,-300,0,5,30,5,22,6,23,0.521185751452761
Fig4D,Fig5A,Monkey_Y,MT,post,rewarded,alpha_beta,-300,0,5,30,5,23,6,24,0.518688449876644
Fig4D,Fig5A,Monkey_Y,MT,post,rewarded,alpha_beta,-300,0,5,30,5,24,6,25,0.518485440769946
Fig4D,Fig5A,Monkey_Y,MT,post,rewarded,alpha_beta,-300,0,5,30,5,25,6,26,0.521176988452
Fig4D,Fig5A,Monkey_Y,MT,post,rewarded,alpha_beta,-300,0,5,30,5,26,6,27,0.523839260226719
Fig4D,Fig5A,Monkey_Y,MT,post,rewarded,alpha_beta,-300,0,5,30,5,27,6,28,0.525310756052742
Fig4D,Fig5A,Monkey_Y,MT,post,rewarded,alpha_beta,-300,0,5,30,5,28,6,29,0.528487171387279
Fig4D,Fig5A,Monkey_Y,MT,post,rewarded,alpha_beta,-300,0,5,30,6,4,7,5,0.500149774738123
Fig4D,Fig5A,Monkey_Y,MT,post,rewarded,alpha_beta,-300,0,5,30,6,5,7,6,0.504235571749951
Fig4D,Fig5A,Monkey_Y,MT,post,rewarded,alpha_beta,-300,0,5,30,6,6,7,7,0.509209016418832
Fig4D,Fig5A,Monkey_Y,MT,post,rewarded,alpha_beta,-300,0,5,30,6,7,7,8,0.511008860871696
Fig4D,Fig5A,Monkey_Y,MT,post,rewarded,alpha_beta,-300,0,5,30,6,8,7,9,0.510959072057788
Fig4D,Fig5A,Monkey_Y,MT,post,rewarded,alpha_beta,-300,0,5,30,6,9,7,10,0.516043899660393
Fig4D,Fig5A,Monkey_Y,MT,post,rewarded,alpha_beta,-300,0,5,30,6,10,7,11,0.516992891944201
Fig4D,Fig5A,Monkey_Y,MT,post,rewarded,alpha_beta,-300,0,5,30,6,11,7,12,0.514303193693037
Fig4D,Fig5A,Monkey_Y,MT,post,rewarded,alpha_beta,-300,0,5,30,6,12,7,13,0.511269943264137
Fig4D,Fig5A,Monkey_Y,MT,post,rewarded,alpha_beta,-300,0,5,30,6,13,7,14,0.514834648819791
Fig4D,Fig5A,Monkey_Y,MT,post,rewarded,alpha_beta,-300,0,5,30,6,14,7,15,0.516277091802845
Fig4D,Fig5A,Monkey_Y,MT,post,rewarded,alpha_beta,-300,0,5,30,6,15,7,16,0.521170053192106
Fig4D,Fig5A,Monkey_Y,MT,post,rewarded,alpha_beta,-300,0,5,30,6,16,7,17,0.523844817457376
Fig4D,Fig5A,Monkey_Y,MT,post,rewarded,alpha_beta,-300,0,5,30,6,17,7,18,0.524882579996814
Fig4D,Fig5A,Monkey_Y,MT,post,rewarded,alpha_beta,-300,0,5,30,6,18,7,19,0.523158462158976
Fig4D,Fig5A,Monkey_Y,MT,post,rewarded,alpha_beta,-300,0,5,30,6,19,7,20,0.520304972868284
Fig4D,Fig5A,Monkey_Y,MT,post,rewarded,alpha_beta,-300,0,5,30,6,20,7,21,0.519472091943386
Fig4D,Fig5A,Monkey_Y,MT,post,rewarded,alpha_beta,-300,0,5,30,6,21,7,22,0.522564856985152
Fig4D,Fig5A,Monkey_Y,MT,post,rewarded,alpha_beta,-300,0,5,30,6,22,7,23,0.524592595050538
Fig4D,Fig5A,Monkey_Y,MT,post,rewarded,alpha_beta,-300,0,5,30,6,23,7,24,0.526043139816097
Fig4D,Fig5A,Monkey_Y,MT,post,rewarded,alpha_beta,-300,0,5,30,6,24,7,25,0.525122205099817
Fig4D,Fig5A,Monkey_Y,MT,post,rewarded,alpha_beta,-300,0,5,30,6,25,7,26,0.527027269167909
Fig4D,Fig5A,Monkey_Y,MT,post,rewarded,alpha_beta,-300,0,5,30,6,26,7,27,0.5301413349688
Fig4D,Fig5A,Monkey_Y,MT,post,rewarded,alpha_beta,-300,0,5,30,6,27,7,28,0.534188888539075
Fig4D,Fig5A,Monkey_Y,MT,post,rewarded,alpha_beta,-300,0,5,30,6,28,7,29,0.533764147712899
Fig4D,Fig5A,Monkey_Y,MT,post,rewarded,alpha_beta,-300,0,5,30,7,4,8,5,0.504418753709264
Fig4D,Fig5A,Monkey_Y,MT,post,rewarded,alpha_beta,-300,0,5,30,7,5,8,6,0.501618990491895
Fig4D,Fig5A,Monkey_Y,MT,post,rewarded,alpha_beta,-300,0,5,30,7,6,8,7,0.498877366246754
Fig4D,Fig5A,Monkey_Y,MT,post,rewarded,alpha_beta,-300,0,5,30,7,7,8,8,0.501498275454333
Fig4D,Fig5A,Monkey_Y,MT,post,rewarded,alpha_beta,-300,0,5,30,7,8,8,9,0.502815772034475
Fig4D,Fig5A,Monkey_Y,MT,post,rewarded,alpha_beta,-300,0,5,30,7,9,8,10,0.509351243683618
Fig4D,Fig5A,Monkey_Y,MT,post,rewarded,alpha_beta,-300,0,5,30,7,10,8,11,0.520966938987034
Fig4D,Fig5A,Monkey_Y,MT,post,rewarded,alpha_beta,-300,0,5,30,7,11,8,12,0.519619314231873
Fig4D,Fig5A,Monkey_Y,MT,post,rewarded,alpha_beta,-300,0,5,30,7,12,8,13,0.513160750398696
Fig4D,Fig5A,Monkey_Y,MT,post,rewarded,alpha_beta,-300,0,5,30,7,13,8,14,0.510857346000369
Fig4D,Fig5A,Monkey_Y,MT,post,rewarded,alpha_beta,-300,0,5,30,7,14,8,15,0.509837414972025
Fig4D,Fig5A,Monkey_Y,MT,post,rewarded,alpha_beta,-300,0,5,30,7,15,8,16,0.513663005128677
Fig4D,Fig5A,Monkey_Y,MT,post,rewarded,alpha_beta,-300,0,5,30,7,16,8,17,0.518188879508628
Fig4D,Fig5A,Monkey_Y,MT,post,rewarded,alpha_beta,-300,0,5,30,7,17,8,18,0.524026443552372
Fig4D,Fig5A,Monkey_Y,MT,post,rewarded,alpha_beta,-300,0,5,30,7,18,8,19,0.524404859110852
Fig4D,Fig5A,Monkey_Y,MT,post,rewarded,alpha_beta,-300,0,5,30,7,19,8,20,0.525899684271846
Fig4D,Fig5A,Monkey_Y,MT,post,rewarded,alpha_beta,-300,0,5,30,7,20,8,21,0.527279446977285
Fig4D,Fig5A,Monkey_Y,MT,post,rewarded,alpha_beta,-300,0,5,30,7,21,8,22,0.526526074860494
Fig4D,Fig5A,Monkey_Y,MT,post,rewarded,alpha_beta,-300,0,5,30,7,22,8,23,0.529013838643544
Fig4D,Fig5A,Monkey_Y,MT,post,rewarded,alpha_beta,-300,0,5,30,7,23,8,24,0.532438898740706
Fig4D,Fig5A,Monkey_Y,MT,post,rewarded,alpha_beta,-300,0,5,30,7,24,8,25,0.536287812068203
Fig4D,Fig5A,Monkey_Y,MT,post,rewarded,alpha_beta,-300,0,5,30,7,25,8,26,0.538685327206684
Fig4D,Fig5A,Monkey_Y,MT,post,rewarded,alpha_beta,-300,0,5,30,7,26,8,27,0.542035082584824
Fig4D,Fig5A,Monkey_Y,MT,post,rewarded,alpha_beta,-300,0,5,30,7,27,8,28,0.537921003091865
Fig4D,Fig5A,Monkey_Y,MT,post,rewarded,alpha_beta,-300,0,5,30,7,28,8,29,0.52928460368605
Fig4D,Fig5A,Monkey_Y,MT,post,rewarded,alpha_beta,-300,0,5,30,8,4,9,5,0.512778988181272
Fig4D,Fig5A,Monkey_Y,MT,post,rewarded,alpha_beta,-300,0,5,30,8,5,9,6,0.507473717123318
Fig4D,Fig5A,Monkey_Y,MT,post,rewarded,alpha_beta,-300,0,5,30,8,6,9,7,0.503739672620721
Fig4D,Fig5A,Monkey_Y,MT,post,rewarded,alpha_beta,-300,0,5,30,8,7,9,8,0.502676083157409
Fig4D,Fig5A,Monkey_Y,MT,post,rewarded,alpha_beta,-300,0,5,30,8,8,9,9,0.507190482204903
Fig4D,Fig5A,Monkey_Y,MT,post,rewarded,alpha_beta,-300,0,5,30,8,9,9,10,0.512639058903232
Fig4D,Fig5A,Monkey_Y,MT,post,rewarded,alpha_beta,-300,0,5,30,8,10,9,11,0.513922409260344
Fig4D,Fig5A,Monkey_Y,MT,post,rewarded,alpha_beta,-300,0,5,30,8,11,9,12,0.506449881120177
Fig4D,Fig5A,Monkey_Y,MT,post,rewarded,alpha_beta,-300,0,5,30,8,12,9,13,0.499493232627824
Fig4D,Fig5A,Monkey_Y,MT,post,rewarded,alpha_beta,-300,0,5,30,8,13,9,14,0.496737673139555
Fig4D,Fig5A,Monkey_Y,MT,post,rewarded,alpha_beta,-300,0,5,30,8,14,9,15,0.499910682523946
Fig4D,Fig5A,Monkey_Y,MT,post,rewarded,alpha_beta,-300,0,5,30,8,15,9,16,0.505902406658774
Fig4D,Fig5A,Monkey_Y,MT,post,rewarded,alpha_beta,-300,0,5,30,8,16,9,17,0.517477768110885
Fig4D,Fig5A,Monkey_Y,MT,post,rewarded,alpha_beta,-300,0,5,30,8,17,9,18,0.525393143893667
Fig4D,Fig5A,Monkey_Y,MT,post,rewarded,alpha_beta,-300,0,5,30,8,18,9,19,0.530939187930749
Fig4D,Fig5A,Monkey_Y,MT,post,rewarded,alpha_beta,-300,0,5,30,8,19,9,20,0.531702668137982
Fig4D,Fig5A,Monkey_Y,MT,post,rewarded,alpha_beta,-300,0,5,30,8,20,9,21,0.533692016633467
Fig4D,Fig5A,Monkey_Y,MT,post,rewarded,alpha_beta,-300,0,5,30,8,21,9,22,0.537225237790466
Fig4D,Fig5A,Monkey_Y,MT,post,rewarded,alpha_beta,-300,0,5,30,8,22,9,23,0.543428204457145
Fig4D,Fig5A,Monkey_Y,MT,post,rewarded,alpha_beta,-300,0,5,30,8,23,9,24,0.550036719707751
Fig4D,Fig5A,Monkey_Y,MT,post,rewarded,alpha_beta,-300,0,5,30,8,24,9,25,0.553879794065437
Fig4D,Fig5A,Monkey_Y,MT,post,rewarded,alpha_beta,-300,0,5,30,8,25,9,26,0.548984550215325
Fig4D,Fig5A,Monkey_Y,MT,post,rewarded,alpha_beta,-300,0,5,30,8,26,9,27,0.545031387968585
Fig4D,Fig5A,Monkey_Y,MT,post,rewarded,alpha_beta,-300,0,5,30,8,27,9,28,0.541819864113658
Fig4D,Fig5A,Monkey_Y,MT,post,rewarded,alpha_beta,-300,0,5,30,8,28,9,29,0.540847649750698
Fig4D,Fig5A,Monkey_Y,MT,post,rewarded,alpha_beta,-300,0,5,30,9,4,10,5,0.505223936627899
Fig4D,Fig5A,Monkey_Y,MT,post,rewarded,alpha_beta,-300,0,5,30,9,5,10,6,0.500743754922056
Fig4D,Fig5A,Monkey_Y,MT,post,rewarded,alpha_beta,-300,0,5,30,9,6,10,7,0.500088223998354
Fig4D,Fig5A,Monkey_Y,MT,post,rewarded,alpha_beta,-300,0,5,30,9,7,10,8,0.499789527059472
Fig4D,Fig5A,Monkey_Y,MT,post,rewarded,alpha_beta,-300,0,5,30,9,8,10,9,0.503505644930782
Fig4D,Fig5A,Monkey_Y,MT,post,rewarded,alpha_beta,-300,0,5,30,9,9,10,10,0.506014585265787
Fig4D,Fig5A,Monkey_Y,MT,post,rewarded,alpha_beta,-300,0,5,30,9,10,10,11,0.505845007613006
Fig4D,Fig5A,Monkey_Y,MT,post,rewarded,alpha_beta,-300,0,5,30,9,11,10,12,0.501494051717092
Fig4D,Fig5A,Monkey_Y,MT,post,rewarded,alpha_beta,-300,0,5,30,9,12,10,13,0.49927575138249
Fig4D,Fig5A,Monkey_Y,MT,post,rewarded,alpha_beta,-300,0,5,30,9,13,10,14,0.500740168517076
Fig4D,Fig5A,Monkey_Y,MT,post,rewarded,alpha_beta,-300,0,5,30,9,14,10,15,0.507761972415406
Fig4D,Fig5A,Monkey_Y,MT,post,rewarded,alpha_beta,-300,0,5,30,9,15,10,16,0.51382956744437
Fig4D,Fig5A,Monkey_Y,MT,post,rewarded,alpha_beta,-300,0,5,30,9,16,10,17,0.517002735131261
Fig4D,Fig5A,Monkey_Y,MT,post,rewarded,alpha_beta,-300,0,5,30,9,17,10,18,0.519577167433607
Fig4D,Fig5A,Monkey_Y,MT,post,rewarded,alpha_beta,-300,0,5,30,9,18,10,19,0.524893527448798
Fig4D,Fig5A,Monkey_Y,MT,post,rewarded,alpha_beta,-300,0,5,30,9,19,10,20,0.529074821628641
Fig4D,Fig5A,Monkey_Y,MT,post,rewarded,alpha_beta,-300,0,5,30,9,20,10,21,0.53459465017066
Fig4D,Fig5A,Monkey_Y,MT,post,rewarded,alpha_beta,-300,0,5,30,9,21,10,22,0.543674016764639
Fig4D,Fig5A,Monkey_Y,MT,post,rewarded,alpha_beta,-300,0,5,30,9,22,10,23,0.553364905609331
Fig4D,Fig5A,Monkey_Y,MT,post,rewarded,alpha_beta,-300,0,5,30,9,23,10,24,0.562925290011414
Fig4D,Fig5A,Monkey_Y,MT,post,rewarded,alpha_beta,-300,0,5,30,9,24,10,25,0.563211354880781
Fig4D,Fig5A,Monkey_Y,MT,post,rewarded,alpha_beta,-300,0,5,30,9,25,10,26,0.557369365417247
Fig4D,Fig5A,Monkey_Y,MT,post,rewarded,alpha_beta,-300,0,5,30,9,26,10,27,0.549113707487861
Fig4D,Fig5A,Monkey_Y,MT,post,rewarded,alpha_beta,-300,0,5,30,9,27,10,28,0.543949587438026
Fig4D,Fig5A,Monkey_Y,MT,post,rewarded,alpha_beta,-300,0,5,30,9,28,10,29,0.542771070898808
Fig4D,Fig5A,Monkey_Y,MT,post,rewarded,alpha_beta,-300,0,5,30,10,4,11,5,0.493922611983089
Fig4D,Fig5A,Monkey_Y,MT,post,rewarded,alpha_beta,-300,0,5,30,10,5,11,6,0.490607256828559
Fig4D,Fig5A,Monkey_Y,MT,post,rewarded,alpha_beta,-300,0,5,30,10,6,11,7,0.485256916906205
Fig4D,Fig5A,Monkey_Y,MT,post,rewarded,alpha_beta,-300,0,5,30,10,7,11,8,0.478856442192874
Fig4D,Fig5A,Monkey_Y,MT,post,rewarded,alpha_beta,-300,0,5,30,10,8,11,9,0.479051130459383
Fig4D,Fig5A,Monkey_Y,MT,post,rewarded,alpha_beta,-300,0,5,30,10,9,11,10,0.484713663716392
Fig4D,Fig5A,Monkey_Y,MT,post,rewarded,alpha_beta,-300,0,5,30,10,10,11,11,0.490982609894374
Fig4D,Fig5A,Monkey_Y,MT,post,rewarded,alpha_beta,-300,0,5,30,10,11,11,12,0.497017250765523
Fig4D,Fig5A,Monkey_Y,MT,post,rewarded,alpha_beta,-300,0,5,30,10,12,11,13,0.503737545842616
Fig4D,Fig5A,Monkey_Y,MT,post,rewarded,alpha_beta,-300,0,5,30,10,13,11,14,0.510727245308113
Fig4D,Fig5A,Monkey_Y,MT,post,rewarded,alpha_beta,-300,0,5,30,10,14,11,15,0.511351413497627
Fig4D,Fig5A,Monkey_Y,MT,post,rewarded,alpha_beta,-300,0,5,30,10,15,11,16,0.510066128798767
Fig4D,Fig5A,Monkey_Y,MT,post,rewarded,alpha_beta,-300,0,5,30,10,16,11,17,0.508483511783285
Fig4D,Fig5A,Monkey_Y,MT,post,rewarded,alpha_beta,-300,0,5,30,10,17,11,18,0.508910539963087
Fig4D,Fig5A,Monkey_Y,MT,post,rewarded,alpha_beta,-300,0,5,30,10,18,11,19,0.512607973593309
Fig4D,Fig5A,Monkey_Y,MT,post,rewarded,alpha_beta,-300,0,5,30,10,19,11,20,0.519398986353916
Fig4D,Fig5A,Monkey_Y,MT,post,rewarded,alpha_beta,-300,0,5,30,10,20,11,21,0.527747589541041
Fig4D,Fig5A,Monkey_Y,MT,post,rewarded,alpha_beta,-300,0,5,30,10,21,11,22,0.538226855465572
Fig4D,Fig5A,Monkey_Y,MT,post,rewarded,alpha_beta,-300,0,5,30,10,22,11,23,0.552196516307877
Fig4D,Fig5A,Monkey_Y,MT,post,rewarded,alpha_beta,-300,0,5,30,10,23,11,24,0.562233816329711
Fig4D,Fig5A,Monkey_Y,MT,post,rewarded,alpha_beta,-300,0,5,30,10,24,11,25,0.564836080746619
Fig4D,Fig5A,Monkey_Y,MT,post,rewarded,alpha_beta,-300,0,5,30,10,25,11,26,0.557468881480841
Fig4D,Fig5A,Monkey_Y,MT,post,rewarded,alpha_beta,-300,0,5,30,10,26,11,27,0.55255770097244
Fig4D,Fig5A,Monkey_Y,MT,post,rewarded,alpha_beta,-300,0,5,30,10,27,11,28,0.547288487440837
Fig4D,Fig5A,Monkey_Y,MT,post,rewarded,alpha_beta,-300,0,5,30,10,28,11,29,0.543343779564697
Fig4D,Fig5A,Monkey_Y,MT,post,non_rewarded,alpha_beta,-300,0,5,30,0,4,1,5,0.518118326282312
Fig4D,Fig5A,Monkey_Y,MT,post,non_rewarded,alpha_beta,-300,0,5,30,0,5,1,6,0.520320123430254
Fig4D,Fig5A,Monkey_Y,MT,post,non_rewarded,alpha_beta,-300,0,5,30,0,6,1,7,0.523866783057171
Fig4D,Fig5A,Monkey_Y,MT,post,non_rewarded,alpha_beta,-300,0,5,30,0,7,1,8,0.521397000000386
Fig4D,Fig5A,Monkey_Y,MT,post,non_rewarded,alpha_beta,-300,0,5,30,0,8,1,9,0.519742035864112
Fig4D,Fig5A,Monkey_Y,MT,post,non_rewarded,alpha_beta,-300,0,5,30,0,9,1,10,0.532666754602822
Fig4D,Fig5A,Monkey_Y,MT,post,non_rewarded,alpha_beta,-300,0,5,30,0,10,1,11,0.542400181433284
Fig4D,Fig5A,Monkey_Y,MT,post,non_rewarded,alpha_beta,-300,0,5,30,0,11,1,12,0.540256125531712
Fig4D,Fig5A,Monkey_Y,MT,post,non_rewarded,alpha_beta,-300,0,5,30,0,12,1,13,0.52923533667413
Fig4D,Fig5A,Monkey_Y,MT,post,non_rewarded,alpha_beta,-300,0,5,30,0,13,1,14,0.516640689467746
Fig4D,Fig5A,Monkey_Y,MT,post,non_rewarded,alpha_beta,-300,0,5,30,0,14,1,15,0.513646804062388
Fig4D,Fig5A,Monkey_Y,MT,post,non_rewarded,alpha_beta,-300,0,5,30,0,15,1,16,0.518129493386992
Fig4D,Fig5A,Monkey_Y,MT,post,non_rewarded,alpha_beta,-300,0,5,30,0,16,1,17,0.525548074116238
Fig4D,Fig5A,Monkey_Y,MT,post,non_rewarded,alpha_beta,-300,0,5,30,0,17,1,18,0.530215578139917
Fig4D,Fig5A,Monkey_Y,MT,post,non_rewarded,alpha_beta,-300,0,5,30,0,18,1,19,0.528335377121175
Fig4D,Fig5A,Monkey_Y,MT,post,non_rewarded,alpha_beta,-300,0,5,30,0,19,1,20,0.526684615755943
Fig4D,Fig5A,Monkey_Y,MT,post,non_rewarded,alpha_beta,-300,0,5,30,0,20,1,21,0.524944167675889
Fig4D,Fig5A,Monkey_Y,MT,post,non_rewarded,alpha_beta,-300,0,5,30,0,21,1,22,0.518109960129518
Fig4D,Fig5A,Monkey_Y,MT,post,non_rewarded,alpha_beta,-300,0,5,30,0,22,1,23,0.508204113017746
Fig4D,Fig5A,Monkey_Y,MT,post,non_rewarded,alpha_beta,-300,0,5,30,0,23,1,24,0.497102345800013
Fig4D,Fig5A,Monkey_Y,MT,post,non_rewarded,alpha_beta,-300,0,5,30,0,24,1,25,0.493338497991556
Fig4D,Fig5A,Monkey_Y,MT,post,non_rewarded,alpha_beta,-300,0,5,30,0,25,1,26,0.501458868742038
Fig4D,Fig5A,Monkey_Y,MT,post,non_rewarded,alpha_beta,-300,0,5,30,0,26,1,27,0.517377552341527
Fig4D,Fig5A,Monkey_Y,MT,post,non_rewarded,alpha_beta,-300,0,5,30,0,27,1,28,0.529482978834147
Fig4D,Fig5A,Monkey_Y,MT,post,non_rewarded,alpha_beta,-300,0,5,30,0,28,1,29,0.527064334478462
Fig4D,Fig5A,Monkey_Y,MT,post,non_rewarded,alpha_beta,-300,0,5,30,1,4,2,5,0.517082760551466
Fig4D,Fig5A,Monkey_Y,MT,post,non_rewarded,alpha_beta,-300,0,5,30,1,5,2,6,0.525216174090467
Fig4D,Fig5A,Monkey_Y,MT,post,non_rewarded,alpha_beta,-300,0,5,30,1,6,2,7,0.534115544521977
Fig4D,Fig5A,Monkey_Y,MT,post,non_rewarded,alpha_beta,-300,0,5,30,1,7,2,8,0.536050073804471
Fig4D,Fig5A,Monkey_Y,MT,post,non_rewarded,alpha_beta,-300,0,5,30,1,8,2,9,0.530867495101813
Fig4D,Fig5A,Monkey_Y,MT,post,non_rewarded,alpha_beta,-300,0,5,30,1,9,2,10,0.530548031053172
Fig4D,Fig5A,Monkey_Y,MT,post,non_rewarded,alpha_beta,-300,0,5,30,1,10,2,11,0.530425264995606
Fig4D,Fig5A,Monkey_Y,MT,post,non_rewarded,alpha_beta,-300,0,5,30,1,11,2,12,0.53025188075473
Fig4D,Fig5A,Monkey_Y,MT,post,non_rewarded,alpha_beta,-300,0,5,30,1,12,2,13,0.532751986092299
Fig4D,Fig5A,Monkey_Y,MT,post,non_rewarded,alpha_beta,-300,0,5,30,1,13,2,14,0.534362212088366
Fig4D,Fig5A,Monkey_Y,MT,post,non_rewarded,alpha_beta,-300,0,5,30,1,14,2,15,0.537493698221098
Fig4D,Fig5A,Monkey_Y,MT,post,non_rewarded,alpha_beta,-300,0,5,30,1,15,2,16,0.544149023849187
Fig4D,Fig5A,Monkey_Y,MT,post,non_rewarded,alpha_beta,-300,0,5,30,1,16,2,17,0.551450723106473
Fig4D,Fig5A,Monkey_Y,MT,post,non_rewarded,alpha_beta,-300,0,5,30,1,17,2,18,0.552493560009694
Fig4D,Fig5A,Monkey_Y,MT,post,non_rewarded,alpha_beta,-300,0,5,30,1,18,2,19,0.547215580598171
Fig4D,Fig5A,Monkey_Y,MT,post,non_rewarded,alpha_beta,-300,0,5,30,1,19,2,20,0.53937776268383
Fig4D,Fig5A,Monkey_Y,MT,post,non_rewarded,alpha_beta,-300,0,5,30,1,20,2,21,0.533001155042633
Fig4D,Fig5A,Monkey_Y,MT,post,non_rewarded,alpha_beta,-300,0,5,30,1,21,2,22,0.524066251849358
Fig4D,Fig5A,Monkey_Y,MT,post,non_rewarded,alpha_beta,-300,0,5,30,1,22,2,23,0.514165124167734
Fig4D,Fig5A,Monkey_Y,MT,post,non_rewarded,alpha_beta,-300,0,5,30,1,23,2,24,0.508889261046166
Fig4D,Fig5A,Monkey_Y,MT,post,non_rewarded,alpha_beta,-300,0,5,30,1,24,2,25,0.50775013836474
Fig4D,Fig5A,Monkey_Y,MT,post,non_rewarded,alpha_beta,-300,0,5,30,1,25,2,26,0.515427906488897
Fig4D,Fig5A,Monkey_Y,MT,post,non_rewarded,alpha_beta,-300,0,5,30,1,26,2,27,0.529187472049958
Fig4D,Fig5A,Monkey_Y,MT,post,non_rewarded,alpha_beta,-300,0,5,30,1,27,2,28,0.542224661127564
Fig4D,Fig5A,Monkey_Y,MT,post,non_rewarded,alpha_beta,-300,0,5,30,1,28,2,29,0.547251929314852
Fig4D,Fig5A,Monkey_Y,MT,post,non_rewarded,alpha_beta,-300,0,5,30,2,4,3,5,0.515857279770091
Fig4D,Fig5A,Monkey_Y,MT,post,non_rewarded,alpha_beta,-300,0,5,30,2,5,3,6,0.523337999697838
Fig4D,Fig5A,Monkey_Y,MT,post,non_rewarded,alpha_beta,-300,0,5,30,2,6,3,7,0.530798104840757
Fig4D,Fig5A,Monkey_Y,MT,post,non_rewarded,alpha_beta,-300,0,5,30,2,7,3,8,0.533394358223101
Fig4D,Fig5A,Monkey_Y,MT,post,non_rewarded,alpha_beta,-300,0,5,30,2,8,3,9,0.53212841698548
Fig4D,Fig5A,Monkey_Y,MT,post,non_rewarded,alpha_beta,-300,0,5,30,2,9,3,10,0.525997497320989
Fig4D,Fig5A,Monkey_Y,MT,post,non_rewarded,alpha_beta,-300,0,5,30,2,10,3,11,0.524929201657275
Fig4D,Fig5A,Monkey_Y,MT,post,non_rewarded,alpha_beta,-300,0,5,30,2,11,3,12,0.53082432880713
Fig4D,Fig5A,Monkey_Y,MT,post,non_rewarded,alpha_beta,-300,0,5,30,2,12,3,13,0.54168224416826
Fig4D,Fig5A,Monkey_Y,MT,post,non_rewarded,alpha_beta,-300,0,5,30,2,13,3,14,0.5534559421896
Fig4D,Fig5A,Monkey_Y,MT,post,non_rewarded,alpha_beta,-300,0,5,30,2,14,3,15,0.561147896431391
Fig4D,Fig5A,Monkey_Y,MT,post,non_rewarded,alpha_beta,-300,0,5,30,2,15,3,16,0.566369115525951
Fig4D,Fig5A,Monkey_Y,MT,post,non_rewarded,alpha_beta,-300,0,5,30,2,16,3,17,0.569817283518556
Fig4D,Fig5A,Monkey_Y,MT,post,non_rewarded,alpha_beta,-300,0,5,30,2,17,3,18,0.566992447899295
Fig4D,Fig5A,Monkey_Y,MT,post,non_rewarded,alpha_beta,-300,0,5,30,2,18,3,19,0.560475438781192
Fig4D,Fig5A,Monkey_Y,MT,post,non_rewarded,alpha_beta,-300,0,5,30,2,19,3,20,0.547671147157678
Fig4D,Fig5A,Monkey_Y,MT,post,non_rewarded,alpha_beta,-300,0,5,30,2,20,3,21,0.534328883752274
Fig4D,Fig5A,Monkey_Y,MT,post,non_rewarded,alpha_beta,-300,0,5,30,2,21,3,22,0.528875513395184
Fig4D,Fig5A,Monkey_Y,MT,post,non_rewarded,alpha_beta,-300,0,5,30,2,22,3,23,0.521593329992912
Fig4D,Fig5A,Monkey_Y,MT,post,non_rewarded,alpha_beta,-300,0,5,30,2,23,3,24,0.524585501625699
Fig4D,Fig5A,Monkey_Y,MT,post,non_rewarded,alpha_beta,-300,0,5,30,2,24,3,25,0.526238629013874
Fig4D,Fig5A,Monkey_Y,MT,post,non_rewarded,alpha_beta,-300,0,5,30,2,25,3,26,0.535513275369895
Fig4D,Fig5A,Monkey_Y,MT,post,non_rewarded,alpha_beta,-300,0,5,30,2,26,3,27,0.546614462842858
Fig4D,Fig5A,Monkey_Y,MT,post,non_rewarded,alpha_beta,-300,0,5,30,2,27,3,28,0.5533310188828
Fig4D,Fig5A,Monkey_Y,MT,post,non_rewarded,alpha_beta,-300,0,5,30,2,28,3,29,0.547061709749169
Fig4D,Fig5A,Monkey_Y,MT,post,non_rewarded,alpha_beta,-300,0,5,30,3,4,4,5,0.517386681969724
Fig4D,Fig5A,Monkey_Y,MT,post,non_rewarded,alpha_beta,-300,0,5,30,3,5,4,6,0.524993221033272
Fig4D,Fig5A,Monkey_Y,MT,post,non_rewarded,alpha_beta,-300,0,5,30,3,6,4,7,0.534356442795808
Fig4D,Fig5A,Monkey_Y,MT,post,non_rewarded,alpha_beta,-300,0,5,30,3,7,4,8,0.541575204374022
Fig4D,Fig5A,Monkey_Y,MT,post,non_rewarded,alpha_beta,-300,0,5,30,3,8,4,9,0.54199233711735
Fig4D,Fig5A,Monkey_Y,MT,post,non_rewarded,alpha_beta,-300,0,5,30,3,9,4,10,0.535197946589728
Fig4D,Fig5A,Monkey_Y,MT,post,non_rewarded,alpha_beta,-300,0,5,30,3,10,4,11,0.529382194317467
Fig4D,Fig5A,Monkey_Y,MT,post,non_rewarded,alpha_beta,-300,0,5,30,3,11,4,12,0.531785251999331
Fig4D,Fig5A,Monkey_Y,MT,post,non_rewarded,alpha_beta,-300,0,5,30,3,12,4,13,0.542056785721485
Fig4D,Fig5A,Monkey_Y,MT,post,non_rewarded,alpha_beta,-300,0,5,30,3,13,4,14,0.553701235268605
Fig4D,Fig5A,Monkey_Y,MT,post,non_rewarded,alpha_beta,-300,0,5,30,3,14,4,15,0.560493768638265
Fig4D,Fig5A,Monkey_Y,MT,post,non_rewarded,alpha_beta,-300,0,5,30,3,15,4,16,0.561752820022548
Fig4D,Fig5A,Monkey_Y,MT,post,non_rewarded,alpha_beta,-300,0,5,30,3,16,4,17,0.561876256758673
Fig4D,Fig5A,Monkey_Y,MT,post,non_rewarded,alpha_beta,-300,0,5,30,3,17,4,18,0.559877142192251
Fig4D,Fig5A,Monkey_Y,MT,post,non_rewarded,alpha_beta,-300,0,5,30,3,18,4,19,0.556574823728336
Fig4D,Fig5A,Monkey_Y,MT,post,non_rewarded,alpha_beta,-300,0,5,30,3,19,4,20,0.549169404457877
Fig4D,Fig5A,Monkey_Y,MT,post,non_rewarded,alpha_beta,-300,0,5,30,3,20,4,21,0.539709755604132
Fig4D,Fig5A,Monkey_Y,MT,post,non_rewarded,alpha_beta,-300,0,5,30,3,21,4,22,0.533369118549401
Fig4D,Fig5A,Monkey_Y,MT,post,non_rewarded,alpha_beta,-300,0,5,30,3,22,4,23,0.533552754863241
Fig4D,Fig5A,Monkey_Y,MT,post,non_rewarded,alpha_beta,-300,0,5,30,3,23,4,24,0.537848377042352
Fig4D,Fig5A,Monkey_Y,MT,post,non_rewarded,alpha_beta,-300,0,5,30,3,24,4,25,0.537810132106371
Fig4D,Fig5A,Monkey_Y,MT,post,non_rewarded,alpha_beta,-300,0,5,30,3,25,4,26,0.538947740306198
Fig4D,Fig5A,Monkey_Y,MT,post,non_rewarded,alpha_beta,-300,0,5,30,3,26,4,27,0.543895013351438
Fig4D,Fig5A,Monkey_Y,MT,post,non_rewarded,alpha_beta,-300,0,5,30,3,27,4,28,0.548205662799686
Fig4D,Fig5A,Monkey_Y,MT,post,non_rewarded,alpha_beta,-300,0,5,30,3,28,4,29,0.543648659559651
Fig4D,Fig5A,Monkey_Y,MT,post,non_rewarded,alpha_beta,-300,0,5,30,4,4,5,5,0.52758310670588
Fig4D,Fig5A,Monkey_Y,MT,post,non_rewarded,alpha_beta,-300,0,5,30,4,5,5,6,0.537177174399852
Fig4D,Fig5A,Monkey_Y,MT,post,non_rewarded,alpha_beta,-300,0,5,30,4,6,5,7,0.544257703033385
Fig4D,Fig5A,Monkey_Y,MT,post,non_rewarded,alpha_beta,-300,0,5,30,4,7,5,8,0.547389382121309
Fig4D,Fig5A,Monkey_Y,MT,post,non_rewarded,alpha_beta,-300,0,5,30,4,8,5,9,0.543276083702992
Fig4D,Fig5A,Monkey_Y,MT,post,non_rewarded,alpha_beta,-300,0,5,30,4,9,5,10,0.539339937849114
Fig4D,Fig5A,Monkey_Y,MT,post,non_rewarded,alpha_beta,-300,0,5,30,4,10,5,11,0.538720794919346
Fig4D,Fig5A,Monkey_Y,MT,post,non_rewarded,alpha_beta,-300,0,5,30,4,11,5,12,0.539037590725565
Fig4D,Fig5A,Monkey_Y,MT,post,non_rewarded,alpha_beta,-300,0,5,30,4,12,5,13,0.538676234264701
Fig4D,Fig5A,Monkey_Y,MT,post,non_rewarded,alpha_beta,-300,0,5,30,4,13,5,14,0.545135421411066
Fig4D,Fig5A,Monkey_Y,MT,post,non_rewarded,alpha_beta,-300,0,5,30,4,14,5,15,0.548739353004041
Fig4D,Fig5A,Monkey_Y,MT,post,non_rewarded,alpha_beta,-300,0,5,30,4,15,5,16,0.551015103283839
Fig4D,Fig5A,Monkey_Y,MT,post,non_rewarded,alpha_beta,-300,0,5,30,4,16,5,17,0.551476041342444
Fig4D,Fig5A,Monkey_Y,MT,post,non_rewarded,alpha_beta,-300,0,5,30,4,17,5,18,0.549402374850191
Fig4D,Fig5A,Monkey_Y,MT,post,non_rewarded,alpha_beta,-300,0,5,30,4,18,5,19,0.548915874167567
Fig4D,Fig5A,Monkey_Y,MT,post,non_rewarded,alpha_beta,-300,0,5,30,4,19,5,20,0.546894399197384
Fig4D,Fig5A,Monkey_Y,MT,post,non_rewarded,alpha_beta,-300,0,5,30,4,20,5,21,0.538775225162636
Fig4D,Fig5A,Monkey_Y,MT,post,non_rewarded,alpha_beta,-300,0,5,30,4,21,5,22,0.540935901879611
Fig4D,Fig5A,Monkey_Y,MT,post,non_rewarded,alpha_beta,-300,0,5,30,4,22,5,23,0.54472620629199
Fig4D,Fig5A,Monkey_Y,MT,post,non_rewarded,alpha_beta,-300,0,5,30,4,23,5,24,0.541095547031183
Fig4D,Fig5A,Monkey_Y,MT,post,non_rewarded,alpha_beta,-300,0,5,30,4,24,5,25,0.541468867488481
Fig4D,Fig5A,Monkey_Y,MT,post,non_rewarded,alpha_beta,-300,0,5,30,4,25,5,26,0.546672219998454
Fig4D,Fig5A,Monkey_Y,MT,post,non_rewarded,alpha_beta,-300,0,5,30,4,26,5,27,0.54735342415058
Fig4D,Fig5A,Monkey_Y,MT,post,non_rewarded,alpha_beta,-300,0,5,30,4,27,5,28,0.548843650291867
Fig4D,Fig5A,Monkey_Y,MT,post,non_rewarded,alpha_beta,-300,0,5,30,4,28,5,29,0.551941861893791
Fig4D,Fig5A,Monkey_Y,MT,post,non_rewarded,alpha_beta,-300,0,5,30,5,4,6,5,0.533966109067609
Fig4D,Fig5A,Monkey_Y,MT,post,non_rewarded,alpha_beta,-300,0,5,30,5,5,6,6,0.535127053346373
Fig4D,Fig5A,Monkey_Y,MT,post,non_rewarded,alpha_beta,-300,0,5,30,5,6,6,7,0.540581859671634
Fig4D,Fig5A,Monkey_Y,MT,post,non_rewarded,alpha_beta,-300,0,5,30,5,7,6,8,0.542851802162733
Fig4D,Fig5A,Monkey_Y,MT,post,non_rewarded,alpha_beta,-300,0,5,30,5,8,6,9,0.542524914415497
Fig4D,Fig5A,Monkey_Y,MT,post,non_rewarded,alpha_beta,-300,0,5,30,5,9,6,10,0.5466285419849
Fig4D,Fig5A,Monkey_Y,MT,post,non_rewarded,alpha_beta,-300,0,5,30,5,10,6,11,0.545962144172995
Fig4D,Fig5A,Monkey_Y,MT,post,non_rewarded,alpha_beta,-300,0,5,30,5,11,6,12,0.54355636615297
Fig4D,Fig5A,Monkey_Y,MT,post,non_rewarded,alpha_beta,-300,0,5,30,5,12,6,13,0.543135573520017
Fig4D,Fig5A,Monkey_Y,MT,post,non_rewarded,alpha_beta,-300,0,5,30,5,13,6,14,0.549333021019868
Fig4D,Fig5A,Monkey_Y,MT,post,non_rewarded,alpha_beta,-300,0,5,30,5,14,6,15,0.557035923335367
Fig4D,Fig5A,Monkey_Y,MT,post,non_rewarded,alpha_beta,-300,0,5,30,5,15,6,16,0.564035143638834
Fig4D,Fig5A,Monkey_Y,MT,post,non_rewarded,alpha_beta,-300,0,5,30,5,16,6,17,0.563602008425679
Fig4D,Fig5A,Monkey_Y,MT,post,non_rewarded,alpha_beta,-300,0,5,30,5,17,6,18,0.557694225542037
Fig4D,Fig5A,Monkey_Y,MT,post,non_rewarded,alpha_beta,-300,0,5,30,5,18,6,19,0.552651649762252
Fig4D,Fig5A,Monkey_Y,MT,post,non_rewarded,alpha_beta,-300,0,5,30,5,19,6,20,0.549924413416234
Fig4D,Fig5A,Monkey_Y,MT,post,non_rewarded,alpha_beta,-300,0,5,30,5,20,6,21,0.547696706983626
Fig4D,Fig5A,Monkey_Y,MT,post,non_rewarded,alpha_beta,-300,0,5,30,5,21,6,22,0.547642855864088
Fig4D,Fig5A,Monkey_Y,MT,post,non_rewarded,alpha_beta,-300,0,5,30,5,22,6,23,0.550324452714535
Fig4D,Fig5A,Monkey_Y,MT,post,non_rewarded,alpha_beta,-300,0,5,30,5,23,6,24,0.554733051257586
Fig4D,Fig5A,Monkey_Y,MT,post,non_rewarded,alpha_beta,-300,0,5,30,5,24,6,25,0.561450254433222
Fig4D,Fig5A,Monkey_Y,MT,post,non_rewarded,alpha_beta,-300,0,5,30,5,25,6,26,0.567566402946189
Fig4D,Fig5A,Monkey_Y,MT,post,non_rewarded,alpha_beta,-300,0,5,30,5,26,6,27,0.569376889609208
Fig4D,Fig5A,Monkey_Y,MT,post,non_rewarded,alpha_beta,-300,0,5,30,5,27,6,28,0.572111651214695
Fig4D,Fig5A,Monkey_Y,MT,post,non_rewarded,alpha_beta,-300,0,5,30,5,28,6,29,0.571152413849252
Fig4D,Fig5A,Monkey_Y,MT,post,non_rewarded,alpha_beta,-300,0,5,30,6,4,7,5,0.548416613922522
Fig4D,Fig5A,Monkey_Y,MT,post,non_rewarded,alpha_beta,-300,0,5,30,6,5,7,6,0.550152629364146
Fig4D,Fig5A,Monkey_Y,MT,post,non_rewarded,alpha_beta,-300,0,5,30,6,6,7,7,0.551318081445458
Fig4D,Fig5A,Monkey_Y,MT,post,non_rewarded,alpha_beta,-300,0,5,30,6,7,7,8,0.552059032508963
Fig4D,Fig5A,Monkey_Y,MT,post,non_rewarded,alpha_beta,-300,0,5,30,6,8,7,9,0.556169609158684
Fig4D,Fig5A,Monkey_Y,MT,post,non_rewarded,alpha_beta,-300,0,5,30,6,9,7,10,0.558431642929114
Fig4D,Fig5A,Monkey_Y,MT,post,non_rewarded,alpha_beta,-300,0,5,30,6,10,7,11,0.546718162146125
Fig4D,Fig5A,Monkey_Y,MT,post,non_rewarded,alpha_beta,-300,0,5,30,6,11,7,12,0.533565977977258
Fig4D,Fig5A,Monkey_Y,MT,post,non_rewarded,alpha_beta,-300,0,5,30,6,12,7,13,0.534107301868042
Fig4D,Fig5A,Monkey_Y,MT,post,non_rewarded,alpha_beta,-300,0,5,30,6,13,7,14,0.543704079691755
Fig4D,Fig5A,Monkey_Y,MT,post,non_rewarded,alpha_beta,-300,0,5,30,6,14,7,15,0.555044911030934
Fig4D,Fig5A,Monkey_Y,MT,post,non_rewarded,alpha_beta,-300,0,5,30,6,15,7,16,0.56668953236281
Fig4D,Fig5A,Monkey_Y,MT,post,non_rewarded,alpha_beta,-300,0,5,30,6,16,7,17,0.57567395460025
Fig4D,Fig5A,Monkey_Y,MT,post,non_rewarded,alpha_beta,-300,0,5,30,6,17,7,18,0.57870612057686
Fig4D,Fig5A,Monkey_Y,MT,post,non_rewarded,alpha_beta,-300,0,5,30,6,18,7,19,0.572297813090315
Fig4D,Fig5A,Monkey_Y,MT,post,non_rewarded,alpha_beta,-300,0,5,30,6,19,7,20,0.558751479811871
Fig4D,Fig5A,Monkey_Y,MT,post,non_rewarded,alpha_beta,-300,0,5,30,6,20,7,21,0.549088720564947
Fig4D,Fig5A,Monkey_Y,MT,post,non_rewarded,alpha_beta,-300,0,5,30,6,21,7,22,0.548898963448379
Fig4D,Fig5A,Monkey_Y,MT,post,non_rewarded,alpha_beta,-300,0,5,30,6,22,7,23,0.553580259864249
Fig4D,Fig5A,Monkey_Y,MT,post,non_rewarded,alpha_beta,-300,0,5,30,6,23,7,24,0.559557952152124
Fig4D,Fig5A,Monkey_Y,MT,post,non_rewarded,alpha_beta,-300,0,5,30,6,24,7,25,0.563209545938321
Fig4D,Fig5A,Monkey_Y,MT,post,non_rewarded,alpha_beta,-300,0,5,30,6,25,7,26,0.559896623828472
Fig4D,Fig5A,Monkey_Y,MT,post,non_rewarded,alpha_beta,-300,0,5,30,6,26,7,27,0.563430818702097
Fig4D,Fig5A,Monkey_Y,MT,post,non_rewarded,alpha_beta,-300,0,5,30,6,27,7,28,0.568480928449558
Fig4D,Fig5A,Monkey_Y,MT,post,non_rewarded,alpha_beta,-300,0,5,30,6,28,7,29,0.563450318271087
Fig4D,Fig5A,Monkey_Y,MT,post,non_rewarded,alpha_beta,-300,0,5,30,7,4,8,5,0.557584588106057
Fig4D,Fig5A,Monkey_Y,MT,post,non_rewarded,alpha_beta,-300,0,5,30,7,5,8,6,0.554945494861236
Fig4D,Fig5A,Monkey_Y,MT,post,non_rewarded,alpha_beta,-300,0,5,30,7,6,8,7,0.550537171994377
Fig4D,Fig5A,Monkey_Y,MT,post,non_rewarded,alpha_beta,-300,0,5,30,7,7,8,8,0.547189813722015
Fig4D,Fig5A,Monkey_Y,MT,post,non_rewarded,alpha_beta,-300,0,5,30,7,8,8,9,0.55139924276869
Fig4D,Fig5A,Monkey_Y,MT,post,non_rewarded,alpha_beta,-300,0,5,30,7,9,8,10,0.555837471576065
Fig4D,Fig5A,Monkey_Y,MT,post,non_rewarded,alpha_beta,-300,0,5,30,7,10,8,11,0.547759731300311
Fig4D,Fig5A,Monkey_Y,MT,post,non_rewarded,alpha_beta,-300,0,5,30,7,11,8,12,0.538831815341587
Fig4D,Fig5A,Monkey_Y,MT,post,non_rewarded,alpha_beta,-300,0,5,30,7,12,8,13,0.536570202223663
Fig4D,Fig5A,Monkey_Y,MT,post,non_rewarded,alpha_beta,-300,0,5,30,7,13,8,14,0.53906959937737
Fig4D,Fig5A,Monkey_Y,MT,post,non_rewarded,alpha_beta,-300,0,5,30,7,14,8,15,0.543400955828137
Fig4D,Fig5A,Monkey_Y,MT,post,non_rewarded,alpha_beta,-300,0,5,30,7,15,8,16,0.547283769663789
Fig4D,Fig5A,Monkey_Y,MT,post,non_rewarded,alpha_beta,-300,0,5,30,7,16,8,17,0.555052111183965
Fig4D,Fig5A,Monkey_Y,MT,post,non_rewarded,alpha_beta,-300,0,5,30,7,17,8,18,0.561232004108466
Fig4D,Fig5A,Monkey_Y,MT,post,non_rewarded,alpha_beta,-300,0,5,30,7,18,8,19,0.561693042276576
Fig4D,Fig5A,Monkey_Y,MT,post,non_rewarded,alpha_beta,-300,0,5,30,7,19,8,20,0.555597152684162
Fig4D,Fig5A,Monkey_Y,MT,post,non_rewarded,alpha_beta,-300,0,5,30,7,20,8,21,0.549012071733298
Fig4D,Fig5A,Monkey_Y,MT,post,non_rewarded,alpha_beta,-300,0,5,30,7,21,8,22,0.544695686297201
Fig4D,Fig5A,Monkey_Y,MT,post,non_rewarded,alpha_beta,-300,0,5,30,7,22,8,23,0.541208191673796
Fig4D,Fig5A,Monkey_Y,MT,post,non_rewarded,alpha_beta,-300,0,5,30,7,23,8,24,0.535993090207098
Fig4D,Fig5A,Monkey_Y,MT,post,non_rewarded,alpha_beta,-300,0,5,30,7,24,8,25,0.533701933844132
Fig4D,Fig5A,Monkey_Y,MT,post,non_rewarded,alpha_beta,-300,0,5,30,7,25,8,26,0.538200682709423
Fig4D,Fig5A,Monkey_Y,MT,post,non_rewarded,alpha_beta,-300,0,5,30,7,26,8,27,0.553478518435512
Fig4D,Fig5A,Monkey_Y,MT,post,non_rewarded,alpha_beta,-300,0,5,30,7,27,8,28,0.564522913452083
Fig4D,Fig5A,Monkey_Y,MT,post,non_rewarded,alpha_beta,-300,0,5,30,7,28,8,29,0.561815060223703
Fig4D,Fig5A,Monkey_Y,MT,post,non_rewarded,alpha_beta,-300,0,5,30,8,4,9,5,0.546491978015757
Fig4D,Fig5A,Monkey_Y,MT,post,non_rewarded,alpha_beta,-300,0,5,30,8,5,9,6,0.539742823049843
Fig4D,Fig5A,Monkey_Y,MT,post,non_rewarded,alpha_beta,-300,0,5,30,8,6,9,7,0.530975951975505
Fig4D,Fig5A,Monkey_Y,MT,post,non_rewarded,alpha_beta,-300,0,5,30,8,7,9,8,0.530751583855421
Fig4D,Fig5A,Monkey_Y,MT,post,non_rewarded,alpha_beta,-300,0,5,30,8,8,9,9,0.530562577996247
Fig4D,Fig5A,Monkey_Y,MT,post,non_rewarded,alpha_beta,-300,0,5,30,8,9,9,10,0.53064130010014
Fig4D,Fig5A,Monkey_Y,MT,post,non_rewarded,alpha_beta,-300,0,5,30,8,10,9,11,0.522330374064409
Fig4D,Fig5A,Monkey_Y,MT,post,non_rewarded,alpha_beta,-300,0,5,30,8,11,9,12,0.518203923111822
Fig4D,Fig5A,Monkey_Y,MT,post,non_rewarded,alpha_beta,-300,0,5,30,8,12,9,13,0.5229182314516
Fig4D,Fig5A,Monkey_Y,MT,post,non_rewarded,alpha_beta,-300,0,5,30,8,13,9,14,0.528301329290319
Fig4D,Fig5A,Monkey_Y,MT,post,non_rewarded,alpha_beta,-300,0,5,30,8,14,9,15,0.52719113224102
Fig4D,Fig5A,Monkey_Y,MT,post,non_rewarded,alpha_beta,-300,0,5,30,8,15,9,16,0.522053010196905
Fig4D,Fig5A,Monkey_Y,MT,post,non_rewarded,alpha_beta,-300,0,5,30,8,16,9,17,0.517773120965787
Fig4D,Fig5A,Monkey_Y,MT,post,non_rewarded,alpha_beta,-300,0,5,30,8,17,9,18,0.517333610562768
Fig4D,Fig5A,Monkey_Y,MT,post,non_rewarded,alpha_beta,-300,0,5,30,8,18,9,19,0.51663680820961
Fig4D,Fig5A,Monkey_Y,MT,post,non_rewarded,alpha_beta,-300,0,5,30,8,19,9,20,0.521246827139419
Fig4D,Fig5A,Monkey_Y,MT,post,non_rewarded,alpha_beta,-300,0,5,30,8,20,9,21,0.52483200746922
Fig4D,Fig5A,Monkey_Y,MT,post,non_rewarded,alpha_beta,-300,0,5,30,8,21,9,22,0.526022154347182
Fig4D,Fig5A,Monkey_Y,MT,post,non_rewarded,alpha_beta,-300,0,5,30,8,22,9,23,0.522831473506738
Fig4D,Fig5A,Monkey_Y,MT,post,non_rewarded,alpha_beta,-300,0,5,30,8,23,9,24,0.517584685166293
Fig4D,Fig5A,Monkey_Y,MT,post,non_rewarded,alpha_beta,-300,0,5,30,8,24,9,25,0.515259304198637
Fig4D,Fig5A,Monkey_Y,MT,post,non_rewarded,alpha_beta,-300,0,5,30,8,25,9,26,0.521984699788547
Fig4D,Fig5A,Monkey_Y,MT,post,non_rewarded,alpha_beta,-300,0,5,30,8,26,9,27,0.544944918019202
Fig4D,Fig5A,Monkey_Y,MT,post,non_rewarded,alpha_beta,-300,0,5,30,8,27,9,28,0.568772146190041
Fig4D,Fig5A,Monkey_Y,MT,post,non_rewarded,alpha_beta,-300,0,5,30,8,28,9,29,0.575338735442342
Fig4D,Fig5A,Monkey_Y,MT,post,non_rewarded,alpha_beta,-300,0,5,30,9,4,10,5,0.537057031738832
Fig4D,Fig5A,Monkey_Y,MT,post,non_rewarded,alpha_beta,-300,0,5,30,9,5,10,6,0.531322950415356
Fig4D,Fig5A,Monkey_Y,MT,post,non_rewarded,alpha_beta,-300,0,5,30,9,6,10,7,0.525159017661677
Fig4D,Fig5A,Monkey_Y,MT,post,non_rewarded,alpha_beta,-300,0,5,30,9,7,10,8,0.511926663781891
Fig4D,Fig5A,Monkey_Y,MT,post,non_rewarded,alpha_beta,-300,0,5,30,9,8,10,9,0.499854963879354
Fig4D,Fig5A,Monkey_Y,MT,post,non_rewarded,alpha_beta,-300,0,5,30,9,9,10,10,0.491123549879333
Fig4D,Fig5A,Monkey_Y,MT,post,non_rewarded,alpha_beta,-300,0,5,30,9,10,10,11,0.492529361162899
Fig4D,Fig5A,Monkey_Y,MT,post,non_rewarded,alpha_beta,-300,0,5,30,9,11,10,12,0.496709340968523
Fig4D,Fig5A,Monkey_Y,MT,post,non_rewarded,alpha_beta,-300,0,5,30,9,12,10,13,0.503074540389549
Fig4D,Fig5A,Monkey_Y,MT,post,non_rewarded,alpha_beta,-300,0,5,30,9,13,10,14,0.508563969399047
Fig4D,Fig5A,Monkey_Y,MT,post,non_rewarded,alpha_beta,-300,0,5,30,9,14,10,15,0.508486577243682
Fig4D,Fig5A,Monkey_Y,MT,post,non_rewarded,alpha_beta,-300,0,5,30,9,15,10,16,0.503180186982129
Fig4D,Fig5A,Monkey_Y,MT,post,non_rewarded,alpha_beta,-300,0,5,30,9,16,10,17,0.493123494049113
Fig4D,Fig5A,Monkey_Y,MT,post,non_rewarded,alpha_beta,-300,0,5,30,9,17,10,18,0.489918172596533
Fig4D,Fig5A,Monkey_Y,MT,post,non_rewarded,alpha_beta,-300,0,5,30,9,18,10,19,0.491093935838234
Fig4D,Fig5A,Monkey_Y,MT,post,non_rewarded,alpha_beta,-300,0,5,30,9,19,10,20,0.497839434508054
Fig4D,Fig5A,Monkey_Y,MT,post,non_rewarded,alpha_beta,-300,0,5,30,9,20,10,21,0.510286849464641
Fig4D,Fig5A,Monkey_Y,MT,post,non_rewarded,alpha_beta,-300,0,5,30,9,21,10,22,0.519606760674886
Fig4D,Fig5A,Monkey_Y,MT,post,non_rewarded,alpha_beta,-300,0,5,30,9,22,10,23,0.523354940037494
Fig4D,Fig5A,Monkey_Y,MT,post,non_rewarded,alpha_beta,-300,0,5,30,9,23,10,24,0.526321155620863
Fig4D,Fig5A,Monkey_Y,MT,post,non_rewarded,alpha_beta,-300,0,5,30,9,24,10,25,0.525598851008037
Fig4D,Fig5A,Monkey_Y,MT,post,non_rewarded,alpha_beta,-300,0,5,30,9,25,10,26,0.52727355337263
Fig4D,Fig5A,Monkey_Y,MT,post,non_rewarded,alpha_beta,-300,0,5,30,9,26,10,27,0.53301687964526
Fig4D,Fig5A,Monkey_Y,MT,post,non_rewarded,alpha_beta,-300,0,5,30,9,27,10,28,0.539146623129478
Fig4D,Fig5A,Monkey_Y,MT,post,non_rewarded,alpha_beta,-300,0,5,30,9,28,10,29,0.544335507454023
Fig4D,Fig5A,Monkey_Y,MT,post,non_rewarded,alpha_beta,-300,0,5,30,10,4,11,5,0.527740928408906
Fig4D,Fig5A,Monkey_Y,MT,post,non_rewarded,alpha_beta,-300,0,5,30,10,5,11,6,0.521094574202921
Fig4D,Fig5A,Monkey_Y,MT,post,non_rewarded,alpha_beta,-300,0,5,30,10,6,11,7,0.510922517112503
Fig4D,Fig5A,Monkey_Y,MT,post,non_rewarded,alpha_beta,-300,0,5,30,10,7,11,8,0.497200720717821
Fig4D,Fig5A,Monkey_Y,MT,post,non_rewarded,alpha_beta,-300,0,5,30,10,8,11,9,0.479610376074498
Fig4D,Fig5A,Monkey_Y,MT,post,non_rewarded,alpha_beta,-300,0,5,30,10,9,11,10,0.470004454108909
Fig4D,Fig5A,Monkey_Y,MT,post,non_rewarded,alpha_beta,-300,0,5,30,10,10,11,11,0.465217915627429
Fig4D,Fig5A,Monkey_Y,MT,post,non_rewarded,alpha_beta,-300,0,5,30,10,11,11,12,0.473130686449885
Fig4D,Fig5A,Monkey_Y,MT,post,non_rewarded,alpha_beta,-300,0,5,30,10,12,11,13,0.484236828739768
Fig4D,Fig5A,Monkey_Y,MT,post,non_rewarded,alpha_beta,-300,0,5,30,10,13,11,14,0.487559483367717
Fig4D,Fig5A,Monkey_Y,MT,post,non_rewarded,alpha_beta,-300,0,5,30,10,14,11,15,0.486058834150216
Fig4D,Fig5A,Monkey_Y,MT,post,non_rewarded,alpha_beta,-300,0,5,30,10,15,11,16,0.484632625410229
Fig4D,Fig5A,Monkey_Y,MT,post,non_rewarded,alpha_beta,-300,0,5,30,10,16,11,17,0.482674339228824
Fig4D,Fig5A,Monkey_Y,MT,post,non_rewarded,alpha_beta,-300,0,5,30,10,17,11,18,0.477278495022573
Fig4D,Fig5A,Monkey_Y,MT,post,non_rewarded,alpha_beta,-300,0,5,30,10,18,11,19,0.481740389885779
Fig4D,Fig5A,Monkey_Y,MT,post,non_rewarded,alpha_beta,-300,0,5,30,10,19,11,20,0.496530422403198
Fig4D,Fig5A,Monkey_Y,MT,post,non_rewarded,alpha_beta,-300,0,5,30,10,20,11,21,0.512711988134011
Fig4D,Fig5A,Monkey_Y,MT,post,non_rewarded,alpha_beta,-300,0,5,30,10,21,11,22,0.526398010114152
Fig4D,Fig5A,Monkey_Y,MT,post,non_rewarded,alpha_beta,-300,0,5,30,10,22,11,23,0.53517411283809
Fig4D,Fig5A,Monkey_Y,MT,post,non_rewarded,alpha_beta,-300,0,5,30,10,23,11,24,0.53238276601482
Fig4D,Fig5A,Monkey_Y,MT,post,non_rewarded,alpha_beta,-300,0,5,30,10,24,11,25,0.519696749071903
Fig4D,Fig5A,Monkey_Y,MT,post,non_rewarded,alpha_beta,-300,0,5,30,10,25,11,26,0.509960905378752
Fig4D,Fig5A,Monkey_Y,MT,post,non_rewarded,alpha_beta,-300,0,5,30,10,26,11,27,0.506790775204765
Fig4D,Fig5A,Monkey_Y,MT,post,non_rewarded,alpha_beta,-300,0,5,30,10,27,11,28,0.501784047287116
Fig4D,Fig5A,Monkey_Y,MT,post,non_rewarded,alpha_beta,-300,0,5,30,10,28,11,29,0.499349988593608
Fig4E,Fig5B,Monkey_C,MT,pre,rewarded,alpha_beta,-300,0,5,30,0,4,1,5,0.486530271962452
Fig4E,Fig5B,Monkey_C,MT,pre,rewarded,alpha_beta,-300,0,5,30,0,5,1,6,0.490345469534821
Fig4E,Fig5B,Monkey_C,MT,pre,rewarded,alpha_beta,-300,0,5,30,0,6,1,7,0.494506404399591
Fig4E,Fig5B,Monkey_C,MT,pre,rewarded,alpha_beta,-300,0,5,30,0,7,1,8,0.50012520203875
Fig4E,Fig5B,Monkey_C,MT,pre,rewarded,alpha_beta,-300,0,5,30,0,8,1,9,0.501452088128214
Fig4E,Fig5B,Monkey_C,MT,pre,rewarded,alpha_beta,-300,0,5,30,0,9,1,10,0.501649687245195
Fig4E,Fig5B,Monkey_C,MT,pre,rewarded,alpha_beta,-300,0,5,30,0,10,1,11,0.500618951560488
Fig4E,Fig5B,Monkey_C,MT,pre,rewarded,alpha_beta,-300,0,5,30,0,11,1,12,0.50176546287196
Fig4E,Fig5B,Monkey_C,MT,pre,rewarded,alpha_beta,-300,0,5,30,0,12,1,13,0.506116727333092
Fig4E,Fig5B,Monkey_C,MT,pre,rewarded,alpha_beta,-300,0,5,30,0,13,1,14,0.508206455730716
Fig4E,Fig5B,Monkey_C,MT,pre,rewarded,alpha_beta,-300,0,5,30,0,14,1,15,0.506869561497467
Fig4E,Fig5B,Monkey_C,MT,pre,rewarded,alpha_beta,-300,0,5,30,0,15,1,16,0.503787221522918
Fig4E,Fig5B,Monkey_C,MT,pre,rewarded,alpha_beta,-300,0,5,30,0,16,1,17,0.503786629482431
Fig4E,Fig5B,Monkey_C,MT,pre,rewarded,alpha_beta,-300,0,5,30,0,17,1,18,0.50458766781008
Fig4E,Fig5B,Monkey_C,MT,pre,rewarded,alpha_beta,-300,0,5,30,0,18,1,19,0.505356271389949
Fig4E,Fig5B,Monkey_C,MT,pre,rewarded,alpha_beta,-300,0,5,30,0,19,1,20,0.505242592047906
Fig4E,Fig5B,Monkey_C,MT,pre,rewarded,alpha_beta,-300,0,5,30,0,20,1,21,0.503205189505994
Fig4E,Fig5B,Monkey_C,MT,pre,rewarded,alpha_beta,-300,0,5,30,0,21,1,22,0.498915297500709
Fig4E,Fig5B,Monkey_C,MT,pre,rewarded,alpha_beta,-300,0,5,30,0,22,1,23,0.495163299033538
Fig4E,Fig5B,Monkey_C,MT,pre,rewarded,alpha_beta,-300,0,5,30,0,23,1,24,0.493778368009454
Fig4E,Fig5B,Monkey_C,MT,pre,rewarded,alpha_beta,-300,0,5,30,0,24,1,25,0.493166347833186
Fig4E,Fig5B,Monkey_C,MT,pre,rewarded,alpha_beta,-300,0,5,30,0,25,1,26,0.497642666275044
Fig4E,Fig5B,Monkey_C,MT,pre,rewarded,alpha_beta,-300,0,5,30,0,26,1,27,0.503508355086577
Fig4E,Fig5B,Monkey_C,MT,pre,rewarded,alpha_beta,-300,0,5,30,0,27,1,28,0.503610933219213
Fig4E,Fig5B,Monkey_C,MT,pre,rewarded,alpha_beta,-300,0,5,30,0,28,1,29,0.496646133450225
Fig4E,Fig5B,Monkey_C,MT,pre,rewarded,alpha_beta,-300,0,5,30,1,4,2,5,0.481299551803623
Fig4E,Fig5B,Monkey_C,MT,pre,rewarded,alpha_beta,-300,0,5,30,1,5,2,6,0.477112455716337
Fig4E,Fig5B,Monkey_C,MT,pre,rewarded,alpha_beta,-300,0,5,30,1,6,2,7,0.478291350883638
Fig4E,Fig5B,Monkey_C,MT,pre,rewarded,alpha_beta,-300,0,5,30,1,7,2,8,0.485890971036532
Fig4E,Fig5B,Monkey_C,MT,pre,rewarded,alpha_beta,-300,0,5,30,1,8,2,9,0.495244584249388
Fig4E,Fig5B,Monkey_C,MT,pre,rewarded,alpha_beta,-300,0,5,30,1,9,2,10,0.503679727028446
Fig4E,Fig5B,Monkey_C,MT,pre,rewarded,alpha_beta,-300,0,5,30,1,10,2,11,0.504220900395743
Fig4E,Fig5B,Monkey_C,MT,pre,rewarded,alpha_beta,-300,0,5,30,1,11,2,12,0.500752057468112
Fig4E,Fig5B,Monkey_C,MT,pre,rewarded,alpha_beta,-300,0,5,30,1,12,2,13,0.499306430452591
Fig4E,Fig5B,Monkey_C,MT,pre,rewarded,alpha_beta,-300,0,5,30,1,13,2,14,0.496541652828501
Fig4E,Fig5B,Monkey_C,MT,pre,rewarded,alpha_beta,-300,0,5,30,1,14,2,15,0.494085443839443
Fig4E,Fig5B,Monkey_C,MT,pre,rewarded,alpha_beta,-300,0,5,30,1,15,2,16,0.49445168089296
Fig4E,Fig5B,Monkey_C,MT,pre,rewarded,alpha_beta,-300,0,5,30,1,16,2,17,0.491398167970972
Fig4E,Fig5B,Monkey_C,MT,pre,rewarded,alpha_beta,-300,0,5,30,1,17,2,18,0.491110591997872
Fig4E,Fig5B,Monkey_C,MT,pre,rewarded,alpha_beta,-300,0,5,30,1,18,2,19,0.494333522503471
Fig4E,Fig5B,Monkey_C,MT,pre,rewarded,alpha_beta,-300,0,5,30,1,19,2,20,0.497016413137371
Fig4E,Fig5B,Monkey_C,MT,pre,rewarded,alpha_beta,-300,0,5,30,1,20,2,21,0.495120328272098
Fig4E,Fig5B,Monkey_C,MT,pre,rewarded,alpha_beta,-300,0,5,30,1,21,2,22,0.492559719253014
Fig4E,Fig5B,Monkey_C,MT,pre,rewarded,alpha_beta,-300,0,5,30,1,22,2,23,0.4898890728472
Fig4E,Fig5B,Monkey_C,MT,pre,rewarded,alpha_beta,-300,0,5,30,1,23,2,24,0.487741032447176
Fig4E,Fig5B,Monkey_C,MT,pre,rewarded,alpha_beta,-300,0,5,30,1,24,2,25,0.489494789154643
Fig4E,Fig5B,Monkey_C,MT,pre,rewarded,alpha_beta,-300,0,5,30,1,25,2,26,0.493191489837061
Fig4E,Fig5B,Monkey_C,MT,pre,rewarded,alpha_beta,-300,0,5,30,1,26,2,27,0.496355488669428
Fig4E,Fig5B,Monkey_C,MT,pre,rewarded,alpha_beta,-300,0,5,30,1,27,2,28,0.493738135986147
Fig4E,Fig5B,Monkey_C,MT,pre,rewarded,alpha_beta,-300,0,5,30,1,28,2,29,0.484921777996797
Fig4E,Fig5B,Monkey_C,MT,pre,rewarded,alpha_beta,-300,0,5,30,2,4,3,5,0.491821952306331
Fig4E,Fig5B,Monkey_C,MT,pre,rewarded,alpha_beta,-300,0,5,30,2,5,3,6,0.483973296161208
Fig4E,Fig5B,Monkey_C,MT,pre,rewarded,alpha_beta,-300,0,5,30,2,6,3,7,0.477780338777301
Fig4E,Fig5B,Monkey_C,MT,pre,rewarded,alpha_beta,-300,0,5,30,2,7,3,8,0.479011707724209
Fig4E,Fig5B,Monkey_C,MT,pre,rewarded,alpha_beta,-300,0,5,30,2,8,3,9,0.483773202418846
Fig4E,Fig5B,Monkey_C,MT,pre,rewarded,alpha_beta,-300,0,5,30,2,9,3,10,0.489634414022401
Fig4E,Fig5B,Monkey_C,MT,pre,rewarded,alpha_beta,-300,0,5,30,2,10,3,11,0.492391181586654
Fig4E,Fig5B,Monkey_C,MT,pre,rewarded,alpha_beta,-300,0,5,30,2,11,3,12,0.49159454863192
Fig4E,Fig5B,Monkey_C,MT,pre,rewarded,alpha_beta,-300,0,5,30,2,12,3,13,0.492310941533609
Fig4E,Fig5B,Monkey_C,MT,pre,rewarded,alpha_beta,-300,0,5,30,2,13,3,14,0.492023264830467
Fig4E,Fig5B,Monkey_C,MT,pre,rewarded,alpha_beta,-300,0,5,30,2,14,3,15,0.489068687568451
Fig4E,Fig5B,Monkey_C,MT,pre,rewarded,alpha_beta,-300,0,5,30,2,15,3,16,0.486977594285465
Fig4E,Fig5B,Monkey_C,MT,pre,rewarded,alpha_beta,-300,0,5,30,2,16,3,17,0.487115284128541
Fig4E,Fig5B,Monkey_C,MT,pre,rewarded,alpha_beta,-300,0,5,30,2,17,3,18,0.487174255254533
Fig4E,Fig5B,Monkey_C,MT,pre,rewarded,alpha_beta,-300,0,5,30,2,18,3,19,0.488744342926497
Fig4E,Fig5B,Monkey_C,MT,pre,rewarded,alpha_beta,-300,0,5,30,2,19,3,20,0.490030325816715
Fig4E,Fig5B,Monkey_C,MT,pre,rewarded,alpha_beta,-300,0,5,30,2,20,3,21,0.489356660885831
Fig4E,Fig5B,Monkey_C,MT,pre,rewarded,alpha_beta,-300,0,5,30,2,21,3,22,0.487606427008954
Fig4E,Fig5B,Monkey_C,MT,pre,rewarded,alpha_beta,-300,0,5,30,2,22,3,23,0.482566565427705
Fig4E,Fig5B,Monkey_C,MT,pre,rewarded,alpha_beta,-300,0,5,30,2,23,3,24,0.477756679710489
Fig4E,Fig5B,Monkey_C,MT,pre,rewarded,alpha_beta,-300,0,5,30,2,24,3,25,0.479115773392578
Fig4E,Fig5B,Monkey_C,MT,pre,rewarded,alpha_beta,-300,0,5,30,2,25,3,26,0.485826246418249
Fig4E,Fig5B,Monkey_C,MT,pre,rewarded,alpha_beta,-300,0,5,30,2,26,3,27,0.489560944649208
Fig4E,Fig5B,Monkey_C,MT,pre,rewarded,alpha_beta,-300,0,5,30,2,27,3,28,0.486989372285022
Fig4E,Fig5B,Monkey_C,MT,pre,rewarded,alpha_beta,-300,0,5,30,2,28,3,29,0.485296013805086
Fig4E,Fig5B,Monkey_C,MT,pre,rewarded,alpha_beta,-300,0,5,30,3,4,4,5,0.502467810514639
Fig4E,Fig5B,Monkey_C,MT,pre,rewarded,alpha_beta,-300,0,5,30,3,5,4,6,0.497863479594964
Fig4E,Fig5B,Monkey_C,MT,pre,rewarded,alpha_beta,-300,0,5,30,3,6,4,7,0.49098048166412
Fig4E,Fig5B,Monkey_C,MT,pre,rewarded,alpha_beta,-300,0,5,30,3,7,4,8,0.484918632544594
Fig4E,Fig5B,Monkey_C,MT,pre,rewarded,alpha_beta,-300,0,5,30,3,8,4,9,0.480857274068705
Fig4E,Fig5B,Monkey_C,MT,pre,rewarded,alpha_beta,-300,0,5,30,3,9,4,10,0.4817215313908
Fig4E,Fig5B,Monkey_C,MT,pre,rewarded,alpha_beta,-300,0,5,30,3,10,4,11,0.482982857570994
Fig4E,Fig5B,Monkey_C,MT,pre,rewarded,alpha_beta,-300,0,5,30,3,11,4,12,0.486400462937415
Fig4E,Fig5B,Monkey_C,MT,pre,rewarded,alpha_beta,-300,0,5,30,3,12,4,13,0.491062232495345
Fig4E,Fig5B,Monkey_C,MT,pre,rewarded,alpha_beta,-300,0,5,30,3,13,4,14,0.491252089022655
Fig4E,Fig5B,Monkey_C,MT,pre,rewarded,alpha_beta,-300,0,5,30,3,14,4,15,0.487549582825487
Fig4E,Fig5B,Monkey_C,MT,pre,rewarded,alpha_beta,-300,0,5,30,3,15,4,16,0.483789949626625
Fig4E,Fig5B,Monkey_C,MT,pre,rewarded,alpha_beta,-300,0,5,30,3,16,4,17,0.484109445028169
Fig4E,Fig5B,Monkey_C,MT,pre,rewarded,alpha_beta,-300,0,5,30,3,17,4,18,0.483427308388428
Fig4E,Fig5B,Monkey_C,MT,pre,rewarded,alpha_beta,-300,0,5,30,3,18,4,19,0.484957682632974
Fig4E,Fig5B,Monkey_C,MT,pre,rewarded,alpha_beta,-300,0,5,30,3,19,4,20,0.484052411264517
Fig4E,Fig5B,Monkey_C,MT,pre,rewarded,alpha_beta,-300,0,5,30,3,20,4,21,0.484604653171501
Fig4E,Fig5B,Monkey_C,MT,pre,rewarded,alpha_beta,-300,0,5,30,3,21,4,22,0.481076890163119
Fig4E,Fig5B,Monkey_C,MT,pre,rewarded,alpha_beta,-300,0,5,30,3,22,4,23,0.476081529914933
Fig4E,Fig5B,Monkey_C,MT,pre,rewarded,alpha_beta,-300,0,5,30,3,23,4,24,0.47052485720822
Fig4E,Fig5B,Monkey_C,MT,pre,rewarded,alpha_beta,-300,0,5,30,3,24,4,25,0.469064586416742
Fig4E,Fig5B,Monkey_C,MT,pre,rewarded,alpha_beta,-300,0,5,30,3,25,4,26,0.471501328448564
Fig4E,Fig5B,Monkey_C,MT,pre,rewarded,alpha_beta,-300,0,5,30,3,26,4,27,0.471698987003361
Fig4E,Fig5B,Monkey_C,MT,pre,rewarded,alpha_beta,-300,0,5,30,3,27,4,28,0.471828832779439
Fig4E,Fig5B,Monkey_C,MT,pre,rewarded,alpha_beta,-300,0,5,30,3,28,4,29,0.472649421453545
Fig4E,Fig5B,Monkey_C,MT,pre,rewarded,alpha_beta,-300,0,5,30,4,4,5,5,0.495889421054687
Fig4E,Fig5B,Monkey_C,MT,pre,rewarded,alpha_beta,-300,0,5,30,4,5,5,6,0.497703719659812
Fig4E,Fig5B,Monkey_C,MT,pre,rewarded,alpha_beta,-300,0,5,30,4,6,5,7,0.499050789447609
Fig4E,Fig5B,Monkey_C,MT,pre,rewarded,alpha_beta,-300,0,5,30,4,7,5,8,0.496452973353097
Fig4E,Fig5B,Monkey_C,MT,pre,rewarded,alpha_beta,-300,0,5,30,4,8,5,9,0.488893575911202
Fig4E,Fig5B,Monkey_C,MT,pre,rewarded,alpha_beta,-300,0,5,30,4,9,5,10,0.484461000730759
Fig4E,Fig5B,Monkey_C,MT,pre,rewarded,alpha_beta,-300,0,5,30,4,10,5,11,0.484389766694584
Fig4E,Fig5B,Monkey_C,MT,pre,rewarded,alpha_beta,-300,0,5,30,4,11,5,12,0.484511921386098
Fig4E,Fig5B,Monkey_C,MT,pre,rewarded,alpha_beta,-300,0,5,30,4,12,5,13,0.487853132835751
Fig4E,Fig5B,Monkey_C,MT,pre,rewarded,alpha_beta,-300,0,5,30,4,13,5,14,0.488373418965634
Fig4E,Fig5B,Monkey_C,MT,pre,rewarded,alpha_beta,-300,0,5,30,4,14,5,15,0.48442162220151
Fig4E,Fig5B,Monkey_C,MT,pre,rewarded,alpha_beta,-300,0,5,30,4,15,5,16,0.478738981490015
Fig4E,Fig5B,Monkey_C,MT,pre,rewarded,alpha_beta,-300,0,5,30,4,16,5,17,0.477377370878994
Fig4E,Fig5B,Monkey_C,MT,pre,rewarded,alpha_beta,-300,0,5,30,4,17,5,18,0.4769254916952
Fig4E,Fig5B,Monkey_C,MT,pre,rewarded,alpha_beta,-300,0,5,30,4,18,5,19,0.477363348881591
Fig4E,Fig5B,Monkey_C,MT,pre,rewarded,alpha_beta,-300,0,5,30,4,19,5,20,0.480982618819525
Fig4E,Fig5B,Monkey_C,MT,pre,rewarded,alpha_beta,-300,0,5,30,4,20,5,21,0.483043341487083
Fig4E,Fig5B,Monkey_C,MT,pre,rewarded,alpha_beta,-300,0,5,30,4,21,5,22,0.478328375640947
Fig4E,Fig5B,Monkey_C,MT,pre,rewarded,alpha_beta,-300,0,5,30,4,22,5,23,0.472288329737326
Fig4E,Fig5B,Monkey_C,MT,pre,rewarded,alpha_beta,-300,0,5,30,4,23,5,24,0.464689878834693
Fig4E,Fig5B,Monkey_C,MT,pre,rewarded,alpha_beta,-300,0,5,30,4,24,5,25,0.459585646828585
Fig4E,Fig5B,Monkey_C,MT,pre,rewarded,alpha_beta,-300,0,5,30,4,25,5,26,0.45663952414538
Fig4E,Fig5B,Monkey_C,MT,pre,rewarded,alpha_beta,-300,0,5,30,4,26,5,27,0.457261959543565
Fig4E,Fig5B,Monkey_C,MT,pre,rewarded,alpha_beta,-300,0,5,30,4,27,5,28,0.457736991384759
Fig4E,Fig5B,Monkey_C,MT,pre,rewarded,alpha_beta,-300,0,5,30,4,28,5,29,0.459536066723978
Fig4E,Fig5B,Monkey_C,MT,pre,rewarded,alpha_beta,-300,0,5,30,5,4,6,5,0.497158716807257
Fig4E,Fig5B,Monkey_C,MT,pre,rewarded,alpha_beta,-300,0,5,30,5,5,6,6,0.498694364442909
Fig4E,Fig5B,Monkey_C,MT,pre,rewarded,alpha_beta,-300,0,5,30,5,6,6,7,0.50000901469686
Fig4E,Fig5B,Monkey_C,MT,pre,rewarded,alpha_beta,-300,0,5,30,5,7,6,8,0.499316883249478
Fig4E,Fig5B,Monkey_C,MT,pre,rewarded,alpha_beta,-300,0,5,30,5,8,6,9,0.494722242168955
Fig4E,Fig5B,Monkey_C,MT,pre,rewarded,alpha_beta,-300,0,5,30,5,9,6,10,0.490735711168582
Fig4E,Fig5B,Monkey_C,MT,pre,rewarded,alpha_beta,-300,0,5,30,5,10,6,11,0.490722961182562
Fig4E,Fig5B,Monkey_C,MT,pre,rewarded,alpha_beta,-300,0,5,30,5,11,6,12,0.490171743035406
Fig4E,Fig5B,Monkey_C,MT,pre,rewarded,alpha_beta,-300,0,5,30,5,12,6,13,0.491896391692392
Fig4E,Fig5B,Monkey_C,MT,pre,rewarded,alpha_beta,-300,0,5,30,5,13,6,14,0.491921685222455
Fig4E,Fig5B,Monkey_C,MT,pre,rewarded,alpha_beta,-300,0,5,30,5,14,6,15,0.487904866459365
Fig4E,Fig5B,Monkey_C,MT,pre,rewarded,alpha_beta,-300,0,5,30,5,15,6,16,0.4827694193495
Fig4E,Fig5B,Monkey_C,MT,pre,rewarded,alpha_beta,-300,0,5,30,5,16,6,17,0.477786146361452
Fig4E,Fig5B,Monkey_C,MT,pre,rewarded,alpha_beta,-300,0,5,30,5,17,6,18,0.474175593912145
Fig4E,Fig5B,Monkey_C,MT,pre,rewarded,alpha_beta,-300,0,5,30,5,18,6,19,0.474819974874245
Fig4E,Fig5B,Monkey_C,MT,pre,rewarded,alpha_beta,-300,0,5,30,5,19,6,20,0.47435528716719
Fig4E,Fig5B,Monkey_C,MT,pre,rewarded,alpha_beta,-300,0,5,30,5,20,6,21,0.47392346140523
Fig4E,Fig5B,Monkey_C,MT,pre,rewarded,alpha_beta,-300,0,5,30,5,21,6,22,0.472711581335886
Fig4E,Fig5B,Monkey_C,MT,pre,rewarded,alpha_beta,-300,0,5,30,5,22,6,23,0.4663156250571
Fig4E,Fig5B,Monkey_C,MT,pre,rewarded,alpha_beta,-300,0,5,30,5,23,6,24,0.462444172352616
Fig4E,Fig5B,Monkey_C,MT,pre,rewarded,alpha_beta,-300,0,5,30,5,24,6,25,0.458356153679317
Fig4E,Fig5B,Monkey_C,MT,pre,rewarded,alpha_beta,-300,0,5,30,5,25,6,26,0.457578235530958
Fig4E,Fig5B,Monkey_C,MT,pre,rewarded,alpha_beta,-300,0,5,30,5,26,6,27,0.457261680116858
Fig4E,Fig5B,Monkey_C,MT,pre,rewarded,alpha_beta,-300,0,5,30,5,27,6,28,0.459928549270645
Fig4E,Fig5B,Monkey_C,MT,pre,rewarded,alpha_beta,-300,0,5,30,5,28,6,29,0.460742508367434
Fig4E,Fig5B,Monkey_C,MT,pre,rewarded,alpha_beta,-300,0,5,30,6,4,7,5,0.490784528660355
Fig4E,Fig5B,Monkey_C,MT,pre,rewarded,alpha_beta,-300,0,5,30,6,5,7,6,0.492960426330006
Fig4E,Fig5B,Monkey_C,MT,pre,rewarded,alpha_beta,-300,0,5,30,6,6,7,7,0.494000833957373
Fig4E,Fig5B,Monkey_C,MT,pre,rewarded,alpha_beta,-300,0,5,30,6,7,7,8,0.495697973636528
Fig4E,Fig5B,Monkey_C,MT,pre,rewarded,alpha_beta,-300,0,5,30,6,8,7,9,0.493048315753843
Fig4E,Fig5B,Monkey_C,MT,pre,rewarded,alpha_beta,-300,0,5,30,6,9,7,10,0.489454607276004
Fig4E,Fig5B,Monkey_C,MT,pre,rewarded,alpha_beta,-300,0,5,30,6,10,7,11,0.48825372471605
Fig4E,Fig5B,Monkey_C,MT,pre,rewarded,alpha_beta,-300,0,5,30,6,11,7,12,0.493375145785515
Fig4E,Fig5B,Monkey_C,MT,pre,rewarded,alpha_beta,-300,0,5,30,6,12,7,13,0.499698555146059
Fig4E,Fig5B,Monkey_C,MT,pre,rewarded,alpha_beta,-300,0,5,30,6,13,7,14,0.503563517383005
Fig4E,Fig5B,Monkey_C,MT,pre,rewarded,alpha_beta,-300,0,5,30,6,14,7,15,0.503115007319244
Fig4E,Fig5B,Monkey_C,MT,pre,rewarded,alpha_beta,-300,0,5,30,6,15,7,16,0.498760958133276
Fig4E,Fig5B,Monkey_C,MT,pre,rewarded,alpha_beta,-300,0,5,30,6,16,7,17,0.489770334871956
Fig4E,Fig5B,Monkey_C,MT,pre,rewarded,alpha_beta,-300,0,5,30,6,17,7,18,0.480177482904136
Fig4E,Fig5B,Monkey_C,MT,pre,rewarded,alpha_beta,-300,0,5,30,6,18,7,19,0.474272491747993
Fig4E,Fig5B,Monkey_C,MT,pre,rewarded,alpha_beta,-300,0,5,30,6,19,7,20,0.473033358693467
Fig4E,Fig5B,Monkey_C,MT,pre,rewarded,alpha_beta,-300,0,5,30,6,20,7,21,0.472193093707658
Fig4E,Fig5B,Monkey_C,MT,pre,rewarded,alpha_beta,-300,0,5,30,6,21,7,22,0.469512263622978
Fig4E,Fig5B,Monkey_C,MT,pre,rewarded,alpha_beta,-300,0,5,30,6,22,7,23,0.465274859480729
Fig4E,Fig5B,Monkey_C,MT,pre,rewarded,alpha_beta,-300,0,5,30,6,23,7,24,0.463344916943261
Fig4E,Fig5B,Monkey_C,MT,pre,rewarded,alpha_beta,-300,0,5,30,6,24,7,25,0.463780393244719
Fig4E,Fig5B,Monkey_C,MT,pre,rewarded,alpha_beta,-300,0,5,30,6,25,7,26,0.470586625954485
Fig4E,Fig5B,Monkey_C,MT,pre,rewarded,alpha_beta,-300,0,5,30,6,26,7,27,0.476696872630535
Fig4E,Fig5B,Monkey_C,MT,pre,rewarded,alpha_beta,-300,0,5,30,6,27,7,28,0.479653553688434
Fig4E,Fig5B,Monkey_C,MT,pre,rewarded,alpha_beta,-300,0,5,30,6,28,7,29,0.477241240713292
Fig4E,Fig5B,Monkey_C,MT,pre,rewarded,alpha_beta,-300,0,5,30,7,4,8,5,0.491126799091818
Fig4E,Fig5B,Monkey_C,MT,pre,rewarded,alpha_beta,-300,0,5,30,7,5,8,6,0.495441462793047
Fig4E,Fig5B,Monkey_C,MT,pre,rewarded,alpha_beta,-300,0,5,30,7,6,8,7,0.499581213806165
Fig4E,Fig5B,Monkey_C,MT,pre,rewarded,alpha_beta,-300,0,5,30,7,7,8,8,0.500970159239538
Fig4E,Fig5B,Monkey_C,MT,pre,rewarded,alpha_beta,-300,0,5,30,7,8,8,9,0.498899475353794
Fig4E,Fig5B,Monkey_C,MT,pre,rewarded,alpha_beta,-300,0,5,30,7,9,8,10,0.489458356303692
Fig4E,Fig5B,Monkey_C,MT,pre,rewarded,alpha_beta,-300,0,5,30,7,10,8,11,0.484590524657396
Fig4E,Fig5B,Monkey_C,MT,pre,rewarded,alpha_beta,-300,0,5,30,7,11,8,12,0.485651353810998
Fig4E,Fig5B,Monkey_C,MT,pre,rewarded,alpha_beta,-300,0,5,30,7,12,8,13,0.488954270695488
Fig4E,Fig5B,Monkey_C,MT,pre,rewarded,alpha_beta,-300,0,5,30,7,13,8,14,0.493402133235805
Fig4E,Fig5B,Monkey_C,MT,pre,rewarded,alpha_beta,-300,0,5,30,7,14,8,15,0.496037024768806
Fig4E,Fig5B,Monkey_C,MT,pre,rewarded,alpha_beta,-300,0,5,30,7,15,8,16,0.493892005120374
Fig4E,Fig5B,Monkey_C,MT,pre,rewarded,alpha_beta,-300,0,5,30,7,16,8,17,0.488823132961295
Fig4E,Fig5B,Monkey_C,MT,pre,rewarded,alpha_beta,-300,0,5,30,7,17,8,18,0.480659108625468
Fig4E,Fig5B,Monkey_C,MT,pre,rewarded,alpha_beta,-300,0,5,30,7,18,8,19,0.475825457957055
Fig4E,Fig5B,Monkey_C,MT,pre,rewarded,alpha_beta,-300,0,5,30,7,19,8,20,0.476196489469321
Fig4E,Fig5B,Monkey_C,MT,pre,rewarded,alpha_beta,-300,0,5,30,7,20,8,21,0.477231701557239
Fig4E,Fig5B,Monkey_C,MT,pre,rewarded,alpha_beta,-300,0,5,30,7,21,8,22,0.474253441238681
Fig4E,Fig5B,Monkey_C,MT,pre,rewarded,alpha_beta,-300,0,5,30,7,22,8,23,0.469948551091565
Fig4E,Fig5B,Monkey_C,MT,pre,rewarded,alpha_beta,-300,0,5,30,7,23,8,24,0.464387537450805
Fig4E,Fig5B,Monkey_C,MT,pre,rewarded,alpha_beta,-300,0,5,30,7,24,8,25,0.469716684867437
Fig4E,Fig5B,Monkey_C,MT,pre,rewarded,alpha_beta,-300,0,5,30,7,25,8,26,0.479521399034935
Fig4E,Fig5B,Monkey_C,MT,pre,rewarded,alpha_beta,-300,0,5,30,7,26,8,27,0.487021077856133
Fig4E,Fig5B,Monkey_C,MT,pre,rewarded,alpha_beta,-300,0,5,30,7,27,8,28,0.487317038086709
Fig4E,Fig5B,Monkey_C,MT,pre,rewarded,alpha_beta,-300,0,5,30,7,28,8,29,0.480222733341439
Fig4E,Fig5B,Monkey_C,MT,pre,rewarded,alpha_beta,-300,0,5,30,8,4,9,5,0.487479302764316
Fig4E,Fig5B,Monkey_C,MT,pre,rewarded,alpha_beta,-300,0,5,30,8,5,9,6,0.492143143275959
Fig4E,Fig5B,Monkey_C,MT,pre,rewarded,alpha_beta,-300,0,5,30,8,6,9,7,0.497013942386754
Fig4E,Fig5B,Monkey_C,MT,pre,rewarded,alpha_beta,-300,0,5,30,8,7,9,8,0.500524744253379
Fig4E,Fig5B,Monkey_C,MT,pre,rewarded,alpha_beta,-300,0,5,30,8,8,9,9,0.496531131990454
Fig4E,Fig5B,Monkey_C,MT,pre,rewarded,alpha_beta,-300,0,5,30,8,9,9,10,0.491056660190666
Fig4E,Fig5B,Monkey_C,MT,pre,rewarded,alpha_beta,-300,0,5,30,8,10,9,11,0.48524752301052
Fig4E,Fig5B,Monkey_C,MT,pre,rewarded,alpha_beta,-300,0,5,30,8,11,9,12,0.481287695530865
Fig4E,Fig5B,Monkey_C,MT,pre,rewarded,alpha_beta,-300,0,5,30,8,12,9,13,0.480070409015552
Fig4E,Fig5B,Monkey_C,MT,pre,rewarded,alpha_beta,-300,0,5,30,8,13,9,14,0.480125376079262
Fig4E,Fig5B,Monkey_C,MT,pre,rewarded,alpha_beta,-300,0,5,30,8,14,9,15,0.483281963426223
Fig4E,Fig5B,Monkey_C,MT,pre,rewarded,alpha_beta,-300,0,5,30,8,15,9,16,0.487152216605866
Fig4E,Fig5B,Monkey_C,MT,pre,rewarded,alpha_beta,-300,0,5,30,8,16,9,17,0.490769743781862
Fig4E,Fig5B,Monkey_C,MT,pre,rewarded,alpha_beta,-300,0,5,30,8,17,9,18,0.492070253411876
Fig4E,Fig5B,Monkey_C,MT,pre,rewarded,alpha_beta,-300,0,5,30,8,18,9,19,0.486420170347627
Fig4E,Fig5B,Monkey_C,MT,pre,rewarded,alpha_beta,-300,0,5,30,8,19,9,20,0.484621833075838
Fig4E,Fig5B,Monkey_C,MT,pre,rewarded,alpha_beta,-300,0,5,30,8,20,9,21,0.484463987030646
Fig4E,Fig5B,Monkey_C,MT,pre,rewarded,alpha_beta,-300,0,5,30,8,21,9,22,0.479205911240481
Fig4E,Fig5B,Monkey_C,MT,pre,rewarded,alpha_beta,-300,0,5,30,8,22,9,23,0.469019272115404
Fig4E,Fig5B,Monkey_C,MT,pre,rewarded,alpha_beta,-300,0,5,30,8,23,9,24,0.465683101134204
Fig4E,Fig5B,Monkey_C,MT,pre,rewarded,alpha_beta,-300,0,5,30,8,24,9,25,0.467719422222136
Fig4E,Fig5B,Monkey_C,MT,pre,rewarded,alpha_beta,-300,0,5,30,8,25,9,26,0.470654794497838
Fig4E,Fig5B,Monkey_C,MT,pre,rewarded,alpha_beta,-300,0,5,30,8,26,9,27,0.470770479492475
Fig4E,Fig5B,Monkey_C,MT,pre,rewarded,alpha_beta,-300,0,5,30,8,27,9,28,0.469267363559903
Fig4E,Fig5B,Monkey_C,MT,pre,rewarded,alpha_beta,-300,0,5,30,8,28,9,29,0.466040251464186
Fig4E,Fig5B,Monkey_C,MT,pre,rewarded,alpha_beta,-300,0,5,30,9,4,10,5,0.475309647617227
Fig4E,Fig5B,Monkey_C,MT,pre,rewarded,alpha_beta,-300,0,5,30,9,5,10,6,0.478413569745765
Fig4E,Fig5B,Monkey_C,MT,pre,rewarded,alpha_beta,-300,0,5,30,9,6,10,7,0.486833821378722
Fig4E,Fig5B,Monkey_C,MT,pre,rewarded,alpha_beta,-300,0,5,30,9,7,10,8,0.493603583011089
Fig4E,Fig5B,Monkey_C,MT,pre,rewarded,alpha_beta,-300,0,5,30,9,8,10,9,0.49526825504281
Fig4E,Fig5B,Monkey_C,MT,pre,rewarded,alpha_beta,-300,0,5,30,9,9,10,10,0.488911087283867
Fig4E,Fig5B,Monkey_C,MT,pre,rewarded,alpha_beta,-300,0,5,30,9,10,10,11,0.48329389707161
Fig4E,Fig5B,Monkey_C,MT,pre,rewarded,alpha_beta,-300,0,5,30,9,11,10,12,0.479512851639628
Fig4E,Fig5B,Monkey_C,MT,pre,rewarded,alpha_beta,-300,0,5,30,9,12,10,13,0.477813247322256
Fig4E,Fig5B,Monkey_C,MT,pre,rewarded,alpha_beta,-300,0,5,30,9,13,10,14,0.480063143231352
Fig4E,Fig5B,Monkey_C,MT,pre,rewarded,alpha_beta,-300,0,5,30,9,14,10,15,0.485650003679703
Fig4E,Fig5B,Monkey_C,MT,pre,rewarded,alpha_beta,-300,0,5,30,9,15,10,16,0.490544306153996
Fig4E,Fig5B,Monkey_C,MT,pre,rewarded,alpha_beta,-300,0,5,30,9,16,10,17,0.49259494468474
Fig4E,Fig5B,Monkey_C,MT,pre,rewarded,alpha_beta,-300,0,5,30,9,17,10,18,0.492663936179316
Fig4E,Fig5B,Monkey_C,MT,pre,rewarded,alpha_beta,-300,0,5,30,9,18,10,19,0.491808124296173
Fig4E,Fig5B,Monkey_C,MT,pre,rewarded,alpha_beta,-300,0,5,30,9,19,10,20,0.493668077772498
Fig4E,Fig5B,Monkey_C,MT,pre,rewarded,alpha_beta,-300,0,5,30,9,20,10,21,0.497620271056974
Fig4E,Fig5B,Monkey_C,MT,pre,rewarded,alpha_beta,-300,0,5,30,9,21,10,22,0.494706095183463
Fig4E,Fig5B,Monkey_C,MT,pre,rewarded,alpha_beta,-300,0,5,30,9,22,10,23,0.48601746815666
Fig4E,Fig5B,Monkey_C,MT,pre,rewarded,alpha_beta,-300,0,5,30,9,23,10,24,0.481005966115648
Fig4E,Fig5B,Monkey_C,MT,pre,rewarded,alpha_beta,-300,0,5,30,9,24,10,25,0.474506664492722
Fig4E,Fig5B,Monkey_C,MT,pre,rewarded,alpha_beta,-300,0,5,30,9,25,10,26,0.470435628728219
Fig4E,Fig5B,Monkey_C,MT,pre,rewarded,alpha_beta,-300,0,5,30,9,26,10,27,0.467130928709297
Fig4E,Fig5B,Monkey_C,MT,pre,rewarded,alpha_beta,-300,0,5,30,9,27,10,28,0.472419513898929
Fig4E,Fig5B,Monkey_C,MT,pre,rewarded,alpha_beta,-300,0,5,30,9,28,10,29,0.480417296895278
Fig4E,Fig5B,Monkey_C,MT,pre,rewarded,alpha_beta,-300,0,5,30,10,4,11,5,0.466333944301181
Fig4E,Fig5B,Monkey_C,MT,pre,rewarded,alpha_beta,-300,0,5,30,10,5,11,6,0.474326269767998
Fig4E,Fig5B,Monkey_C,MT,pre,rewarded,alpha_beta,-300,0,5,30,10,6,11,7,0.483456428472097
Fig4E,Fig5B,Monkey_C,MT,pre,rewarded,alpha_beta,-300,0,5,30,10,7,11,8,0.488661589604295
Fig4E,Fig5B,Monkey_C,MT,pre,rewarded,alpha_beta,-300,0,5,30,10,8,11,9,0.490082217519622
Fig4E,Fig5B,Monkey_C,MT,pre,rewarded,alpha_beta,-300,0,5,30,10,9,11,10,0.486521406626574
Fig4E,Fig5B,Monkey_C,MT,pre,rewarded,alpha_beta,-300,0,5,30,10,10,11,11,0.482524561325936
Fig4E,Fig5B,Monkey_C,MT,pre,rewarded,alpha_beta,-300,0,5,30,10,11,11,12,0.477132823514774
Fig4E,Fig5B,Monkey_C,MT,pre,rewarded,alpha_beta,-300,0,5,30,10,12,11,13,0.476366412236032
Fig4E,Fig5B,Monkey_C,MT,pre,rewarded,alpha_beta,-300,0,5,30,10,13,11,14,0.479179516367189
Fig4E,Fig5B,Monkey_C,MT,pre,rewarded,alpha_beta,-300,0,5,30,10,14,11,15,0.484195630223093
Fig4E,Fig5B,Monkey_C,MT,pre,rewarded,alpha_beta,-300,0,5,30,10,15,11,16,0.487657266689372
Fig4E,Fig5B,Monkey_C,MT,pre,rewarded,alpha_beta,-300,0,5,30,10,16,11,17,0.488702705300433
Fig4E,Fig5B,Monkey_C,MT,pre,rewarded,alpha_beta,-300,0,5,30,10,17,11,18,0.487532067237374
Fig4E,Fig5B,Monkey_C,MT,pre,rewarded,alpha_beta,-300,0,5,30,10,18,11,19,0.488213555177177
Fig4E,Fig5B,Monkey_C,MT,pre,rewarded,alpha_beta,-300,0,5,30,10,19,11,20,0.494422606202
Fig4E,Fig5B,Monkey_C,MT,pre,rewarded,alpha_beta,-300,0,5,30,10,20,11,21,0.502550230950591
Fig4E,Fig5B,Monkey_C,MT,pre,rewarded,alpha_beta,-300,0,5,30,10,21,11,22,0.512167562637109
Fig4E,Fig5B,Monkey_C,MT,pre,rewarded,alpha_beta,-300,0,5,30,10,22,11,23,0.51776566212085
Fig4E,Fig5B,Monkey_C,MT,pre,rewarded,alpha_beta,-300,0,5,30,10,23,11,24,0.515317726350541
Fig4E,Fig5B,Monkey_C,MT,pre,rewarded,alpha_beta,-300,0,5,30,10,24,11,25,0.505815590187682
Fig4E,Fig5B,Monkey_C,MT,pre,rewarded,alpha_beta,-300,0,5,30,10,25,11,26,0.491151391018073
Fig4E,Fig5B,Monkey_C,MT,pre,rewarded,alpha_beta,-300,0,5,30,10,26,11,27,0.484743060043092
Fig4E,Fig5B,Monkey_C,MT,pre,rewarded,alpha_beta,-300,0,5,30,10,27,11,28,0.485582770390934
Fig4E,Fig5B,Monkey_C,MT,pre,rewarded,alpha_beta,-300,0,5,30,10,28,11,29,0.489364044817538
Fig4E,Fig5B,Monkey_C,MT,pre,non_rewarded,alpha_beta,-300,0,5,30,0,4,1,5,0.517192278689674
Fig4E,Fig5B,Monkey_C,MT,pre,non_rewarded,alpha_beta,-300,0,5,30,0,5,1,6,0.528254419191919
Fig4E,Fig5B,Monkey_C,MT,pre,non_rewarded,alpha_beta,-300,0,5,30,0,6,1,7,0.538475510311448
Fig4E,Fig5B,Monkey_C,MT,pre,non_rewarded,alpha_beta,-300,0,5,30,0,7,1,8,0.544812710437711
Fig4E,Fig5B,Monkey_C,MT,pre,non_rewarded,alpha_beta,-300,0,5,30,0,8,1,9,0.548766352763748
Fig4E,Fig5B,Monkey_C,MT,pre,non_rewarded,alpha_beta,-300,0,5,30,0,9,1,10,0.558667490881033
Fig4E,Fig5B,Monkey_C,MT,pre,non_rewarded,alpha_beta,-300,0,5,30,0,10,1,11,0.564494248035915
Fig4E,Fig5B,Monkey_C,MT,pre,non_rewarded,alpha_beta,-300,0,5,30,0,11,1,12,0.571239697320426
Fig4E,Fig5B,Monkey_C,MT,pre,non_rewarded,alpha_beta,-300,0,5,30,0,12,1,13,0.56960665684624
Fig4E,Fig5B,Monkey_C,MT,pre,non_rewarded,alpha_beta,-300,0,5,30,0,13,1,14,0.560841970047699
Fig4E,Fig5B,Monkey_C,MT,pre,non_rewarded,alpha_beta,-300,0,5,30,0,14,1,15,0.549886539001123
Fig4E,Fig5B,Monkey_C,MT,pre,non_rewarded,alpha_beta,-300,0,5,30,0,15,1,16,0.543274893027497
Fig4E,Fig5B,Monkey_C,MT,pre,non_rewarded,alpha_beta,-300,0,5,30,0,16,1,17,0.528885206228956
Fig4E,Fig5B,Monkey_C,MT,pre,non_rewarded,alpha_beta,-300,0,5,30,0,17,1,18,0.527667780232884
Fig4E,Fig5B,Monkey_C,MT,pre,non_rewarded,alpha_beta,-300,0,5,30,0,18,1,19,0.531519930204826
Fig4E,Fig5B,Monkey_C,MT,pre,non_rewarded,alpha_beta,-300,0,5,30,0,19,1,20,0.534922006523569
Fig4E,Fig5B,Monkey_C,MT,pre,non_rewarded,alpha_beta,-300,0,5,30,0,20,1,21,0.525939867424242
Fig4E,Fig5B,Monkey_C,MT,pre,non_rewarded,alpha_beta,-300,0,5,30,0,21,1,22,0.516259294332211
Fig4E,Fig5B,Monkey_C,MT,pre,non_rewarded,alpha_beta,-300,0,5,30,0,22,1,23,0.5017578125
Fig4E,Fig5B,Monkey_C,MT,pre,non_rewarded,alpha_beta,-300,0,5,30,0,23,1,24,0.490304827791807
Fig4E,Fig5B,Monkey_C,MT,pre,non_rewarded,alpha_beta,-300,0,5,30,0,24,1,25,0.482378296857464
Fig4E,Fig5B,Monkey_C,MT,pre,non_rewarded,alpha_beta,-300,0,5,30,0,25,1,26,0.480179310465769
Fig4E,Fig5B,Monkey_C,MT,pre,non_rewarded,alpha_beta,-300,0,5,30,0,26,1,27,0.487291096731201
Fig4E,Fig5B,Monkey_C,MT,pre,non_rewarded,alpha_beta,-300,0,5,30,0,27,1,28,0.493583710367564
Fig4E,Fig5B,Monkey_C,MT,pre,non_rewarded,alpha_beta,-300,0,5,30,0,28,1,29,0.500048839085297
Fig4E,Fig5B,Monkey_C,MT,pre,non_rewarded,alpha_beta,-300,0,5,30,1,4,2,5,0.521444479517396
Fig4E,Fig5B,Monkey_C,MT,pre,non_rewarded,alpha_beta,-300,0,5,30,1,5,2,6,0.537383294753086
Fig4E,Fig5B,Monkey_C,MT,pre,non_rewarded,alpha_beta,-300,0,5,30,1,6,2,7,0.550104517396184
Fig4E,Fig5B,Monkey_C,MT,pre,non_rewarded,alpha_beta,-300,0,5,30,1,7,2,8,0.560610093995511
Fig4E,Fig5B,Monkey_C,MT,pre,non_rewarded,alpha_beta,-300,0,5,30,1,8,2,9,0.569005243406285
Fig4E,Fig5B,Monkey_C,MT,pre,non_rewarded,alpha_beta,-300,0,5,30,1,9,2,10,0.578783363145342
Fig4E,Fig5B,Monkey_C,MT,pre,non_rewarded,alpha_beta,-300,0,5,30,1,10,2,11,0.56949082842312
Fig4E,Fig5B,Monkey_C,MT,pre,non_rewarded,alpha_beta,-300,0,5,30,1,11,2,12,0.56236119879349
Fig4E,Fig5B,Monkey_C,MT,pre,non_rewarded,alpha_beta,-300,0,5,30,1,12,2,13,0.552257426697531
Fig4E,Fig5B,Monkey_C,MT,pre,non_rewarded,alpha_beta,-300,0,5,30,1,13,2,14,0.540725133277216
Fig4E,Fig5B,Monkey_C,MT,pre,non_rewarded,alpha_beta,-300,0,5,30,1,14,2,15,0.533769333964647
Fig4E,Fig5B,Monkey_C,MT,pre,non_rewarded,alpha_beta,-300,0,5,30,1,15,2,16,0.5251320496633
Fig4E,Fig5B,Monkey_C,MT,pre,non_rewarded,alpha_beta,-300,0,5,30,1,16,2,17,0.521036054994388
Fig4E,Fig5B,Monkey_C,MT,pre,non_rewarded,alpha_beta,-300,0,5,30,1,17,2,18,0.520817243616723
Fig4E,Fig5B,Monkey_C,MT,pre,non_rewarded,alpha_beta,-300,0,5,30,1,18,2,19,0.525910449985971
Fig4E,Fig5B,Monkey_C,MT,pre,non_rewarded,alpha_beta,-300,0,5,30,1,19,2,20,0.525969898639169
Fig4E,Fig5B,Monkey_C,MT,pre,non_rewarded,alpha_beta,-300,0,5,30,1,20,2,21,0.519277760241302
Fig4E,Fig5B,Monkey_C,MT,pre,non_rewarded,alpha_beta,-300,0,5,30,1,21,2,22,0.509056712962963
Fig4E,Fig5B,Monkey_C,MT,pre,non_rewarded,alpha_beta,-300,0,5,30,1,22,2,23,0.503985471029742
Fig4E,Fig5B,Monkey_C,MT,pre,non_rewarded,alpha_beta,-300,0,5,30,1,23,2,24,0.491906784862514
Fig4E,Fig5B,Monkey_C,MT,pre,non_rewarded,alpha_beta,-300,0,5,30,1,24,2,25,0.485895105569585
Fig4E,Fig5B,Monkey_C,MT,pre,non_rewarded,alpha_beta,-300,0,5,30,1,25,2,26,0.48061561798541
Fig4E,Fig5B,Monkey_C,MT,pre,non_rewarded,alpha_beta,-300,0,5,30,1,26,2,27,0.48054819023569
Fig4E,Fig5B,Monkey_C,MT,pre,non_rewarded,alpha_beta,-300,0,5,30,1,27,2,28,0.482284301346801
Fig4E,Fig5B,Monkey_C,MT,pre,non_rewarded,alpha_beta,-300,0,5,30,1,28,2,29,0.487668087121212
Fig4E,Fig5B,Monkey_C,MT,pre,non_rewarded,alpha_beta,-300,0,5,30,2,4,3,5,0.541331281565656
Fig4E,Fig5B,Monkey_C,MT,pre,non_rewarded,alpha_beta,-300,0,5,30,2,5,3,6,0.548310316708754
Fig4E,Fig5B,Monkey_C,MT,pre,non_rewarded,alpha_beta,-300,0,5,30,2,6,3,7,0.555328151304714
Fig4E,Fig5B,Monkey_C,MT,pre,non_rewarded,alpha_beta,-300,0,5,30,2,7,3,8,0.56100212191358
Fig4E,Fig5B,Monkey_C,MT,pre,non_rewarded,alpha_beta,-300,0,5,30,2,8,3,9,0.56740569760101
Fig4E,Fig5B,Monkey_C,MT,pre,non_rewarded,alpha_beta,-300,0,5,30,2,9,3,10,0.57005247790404
Fig4E,Fig5B,Monkey_C,MT,pre,non_rewarded,alpha_beta,-300,0,5,30,2,10,3,11,0.568251394149832
Fig4E,Fig5B,Monkey_C,MT,pre,non_rewarded,alpha_beta,-300,0,5,30,2,11,3,12,0.565436570566779
Fig4E,Fig5B,Monkey_C,MT,pre,non_rewarded,alpha_beta,-300,0,5,30,2,12,3,13,0.555285318462402
Fig4E,Fig5B,Monkey_C,MT,pre,non_rewarded,alpha_beta,-300,0,5,30,2,13,3,14,0.545062429854096
Fig4E,Fig5B,Monkey_C,MT,pre,non_rewarded,alpha_beta,-300,0,5,30,2,14,3,15,0.533063929222784
Fig4E,Fig5B,Monkey_C,MT,pre,non_rewarded,alpha_beta,-300,0,5,30,2,15,3,16,0.527738978324916
Fig4E,Fig5B,Monkey_C,MT,pre,non_rewarded,alpha_beta,-300,0,5,30,2,16,3,17,0.525181721731201
Fig4E,Fig5B,Monkey_C,MT,pre,non_rewarded,alpha_beta,-300,0,5,30,2,17,3,18,0.527379480569585
Fig4E,Fig5B,Monkey_C,MT,pre,non_rewarded,alpha_beta,-300,0,5,30,2,18,3,19,0.529217960858586
Fig4E,Fig5B,Monkey_C,MT,pre,non_rewarded,alpha_beta,-300,0,5,30,2,19,3,20,0.535715926627385
Fig4E,Fig5B,Monkey_C,MT,pre,non_rewarded,alpha_beta,-300,0,5,30,2,20,3,21,0.532033266694725
Fig4E,Fig5B,Monkey_C,MT,pre,non_rewarded,alpha_beta,-300,0,5,30,2,21,3,22,0.523939569304153
Fig4E,Fig5B,Monkey_C,MT,pre,non_rewarded,alpha_beta,-300,0,5,30,2,22,3,23,0.516925022797419
Fig4E,Fig5B,Monkey_C,MT,pre,non_rewarded,alpha_beta,-300,0,5,30,2,23,3,24,0.507836919542649
Fig4E,Fig5B,Monkey_C,MT,pre,non_rewarded,alpha_beta,-300,0,5,30,2,24,3,25,0.505630874719416
Fig4E,Fig5B,Monkey_C,MT,pre,non_rewarded,alpha_beta,-300,0,5,30,2,25,3,26,0.500842803030303
Fig4E,Fig5B,Monkey_C,MT,pre,non_rewarded,alpha_beta,-300,0,5,30,2,26,3,27,0.498330659020763
Fig4E,Fig5B,Monkey_C,MT,pre,non_rewarded,alpha_beta,-300,0,5,30,2,27,3,28,0.500533898007856
Fig4E,Fig5B,Monkey_C,MT,pre,non_rewarded,alpha_beta,-300,0,5,30,2,28,3,29,0.498327370931538
Fig4E,Fig5B,Monkey_C,MT,pre,non_rewarded,alpha_beta,-300,0,5,30,3,4,4,5,0.558325529601571
Fig4E,Fig5B,Monkey_C,MT,pre,non_rewarded,alpha_beta,-300,0,5,30,3,5,4,6,0.558273928521324
Fig4E,Fig5B,Monkey_C,MT,pre,non_rewarded,alpha_beta,-300,0,5,30,3,6,4,7,0.556863031355219
Fig4E,Fig5B,Monkey_C,MT,pre,non_rewarded,alpha_beta,-300,0,5,30,3,7,4,8,0.548576651936027
Fig4E,Fig5B,Monkey_C,MT,pre,non_rewarded,alpha_beta,-300,0,5,30,3,8,4,9,0.539831211419753
Fig4E,Fig5B,Monkey_C,MT,pre,non_rewarded,alpha_beta,-300,0,5,30,3,9,4,10,0.545118152006173
Fig4E,Fig5B,Monkey_C,MT,pre,non_rewarded,alpha_beta,-300,0,5,30,3,10,4,11,0.551906346450617
Fig4E,Fig5B,Monkey_C,MT,pre,non_rewarded,alpha_beta,-300,0,5,30,3,11,4,12,0.553843776304714
Fig4E,Fig5B,Monkey_C,MT,pre,non_rewarded,alpha_beta,-300,0,5,30,3,12,4,13,0.552301618616723
Fig4E,Fig5B,Monkey_C,MT,pre,non_rewarded,alpha_beta,-300,0,5,30,3,13,4,14,0.546853035563973
Fig4E,Fig5B,Monkey_C,MT,pre,non_rewarded,alpha_beta,-300,0,5,30,3,14,4,15,0.534547339716611
Fig4E,Fig5B,Monkey_C,MT,pre,non_rewarded,alpha_beta,-300,0,5,30,3,15,4,16,0.523116845538721
Fig4E,Fig5B,Monkey_C,MT,pre,non_rewarded,alpha_beta,-300,0,5,30,3,16,4,17,0.519720906986532
Fig4E,Fig5B,Monkey_C,MT,pre,non_rewarded,alpha_beta,-300,0,5,30,3,17,4,18,0.514406784862514
Fig4E,Fig5B,Monkey_C,MT,pre,non_rewarded,alpha_beta,-300,0,5,30,3,18,4,19,0.516551276655443
Fig4E,Fig5B,Monkey_C,MT,pre,non_rewarded,alpha_beta,-300,0,5,30,3,19,4,20,0.523478798400673
Fig4E,Fig5B,Monkey_C,MT,pre,non_rewarded,alpha_beta,-300,0,5,30,3,20,4,21,0.519972949985971
Fig4E,Fig5B,Monkey_C,MT,pre,non_rewarded,alpha_beta,-300,0,5,30,3,21,4,22,0.521128910634119
Fig4E,Fig5B,Monkey_C,MT,pre,non_rewarded,alpha_beta,-300,0,5,30,3,22,4,23,0.521238469767116
Fig4E,Fig5B,Monkey_C,MT,pre,non_rewarded,alpha_beta,-300,0,5,30,3,23,4,24,0.516828352974186
Fig4E,Fig5B,Monkey_C,MT,pre,non_rewarded,alpha_beta,-300,0,5,30,3,24,4,25,0.517643536054994
Fig4E,Fig5B,Monkey_C,MT,pre,non_rewarded,alpha_beta,-300,0,5,30,3,25,4,26,0.511104140361953
Fig4E,Fig5B,Monkey_C,MT,pre,non_rewarded,alpha_beta,-300,0,5,30,3,26,4,27,0.509421077090348
Fig4E,Fig5B,Monkey_C,MT,pre,non_rewarded,alpha_beta,-300,0,5,30,3,27,4,28,0.507980017185746
Fig4E,Fig5B,Monkey_C,MT,pre,non_rewarded,alpha_beta,-300,0,5,30,3,28,4,29,0.505856218434343
Fig4E,Fig5B,Monkey_C,MT,pre,non_rewarded,alpha_beta,-300,0,5,30,4,4,5,5,0.554301916736813
Fig4E,Fig5B,Monkey_C,MT,pre,non_rewarded,alpha_beta,-300,0,5,30,4,5,5,6,0.545189569304153
Fig4E,Fig5B,Monkey_C,MT,pre,non_rewarded,alpha_beta,-300,0,5,30,4,6,5,7,0.530358445566779
Fig4E,Fig5B,Monkey_C,MT,pre,non_rewarded,alpha_beta,-300,0,5,30,4,7,5,8,0.520485716540404
Fig4E,Fig5B,Monkey_C,MT,pre,non_rewarded,alpha_beta,-300,0,5,30,4,8,5,9,0.515841005541526
Fig4E,Fig5B,Monkey_C,MT,pre,non_rewarded,alpha_beta,-300,0,5,30,4,9,5,10,0.522725256032548
Fig4E,Fig5B,Monkey_C,MT,pre,non_rewarded,alpha_beta,-300,0,5,30,4,10,5,11,0.53368941147587
Fig4E,Fig5B,Monkey_C,MT,pre,non_rewarded,alpha_beta,-300,0,5,30,4,11,5,12,0.536431984778339
Fig4E,Fig5B,Monkey_C,MT,pre,non_rewarded,alpha_beta,-300,0,5,30,4,12,5,13,0.540842233094837
Fig4E,Fig5B,Monkey_C,MT,pre,non_rewarded,alpha_beta,-300,0,5,30,4,13,5,14,0.535487338664422
Fig4E,Fig5B,Monkey_C,MT,pre,non_rewarded,alpha_beta,-300,0,5,30,4,14,5,15,0.523582307449495
Fig4E,Fig5B,Monkey_C,MT,pre,non_rewarded,alpha_beta,-300,0,5,30,4,15,5,16,0.515652137696408
Fig4E,Fig5B,Monkey_C,MT,pre,non_rewarded,alpha_beta,-300,0,5,30,4,16,5,17,0.5096726378367
Fig4E,Fig5B,Monkey_C,MT,pre,non_rewarded,alpha_beta,-300,0,5,30,4,17,5,18,0.49887933150954
Fig4E,Fig5B,Monkey_C,MT,pre,non_rewarded,alpha_beta,-300,0,5,30,4,18,5,19,0.490989495650954
Fig4E,Fig5B,Monkey_C,MT,pre,non_rewarded,alpha_beta,-300,0,5,30,4,19,5,20,0.489271666315937
Fig4E,Fig5B,Monkey_C,MT,pre,non_rewarded,alpha_beta,-300,0,5,30,4,20,5,21,0.490068479938272
Fig4E,Fig5B,Monkey_C,MT,pre,non_rewarded,alpha_beta,-300,0,5,30,4,21,5,22,0.495519079685746
Fig4E,Fig5B,Monkey_C,MT,pre,non_rewarded,alpha_beta,-300,0,5,30,4,22,5,23,0.506022902637486
Fig4E,Fig5B,Monkey_C,MT,pre,non_rewarded,alpha_beta,-300,0,5,30,4,23,5,24,0.510113417157688
Fig4E,Fig5B,Monkey_C,MT,pre,non_rewarded,alpha_beta,-300,0,5,30,4,24,5,25,0.514643702651515
Fig4E,Fig5B,Monkey_C,MT,pre,non_rewarded,alpha_beta,-300,0,5,30,4,25,5,26,0.514412966470258
Fig4E,Fig5B,Monkey_C,MT,pre,non_rewarded,alpha_beta,-300,0,5,30,4,26,5,27,0.501805292508417
Fig4E,Fig5B,Monkey_C,MT,pre,non_rewarded,alpha_beta,-300,0,5,30,4,27,5,28,0.49070847362514
Fig4E,Fig5B,Monkey_C,MT,pre,non_rewarded,alpha_beta,-300,0,5,30,4,28,5,29,0.491475256032547
Fig4E,Fig5B,Monkey_C,MT,pre,non_rewarded,alpha_beta,-300,0,5,30,5,4,6,5,0.535386854657688
Fig4E,Fig5B,Monkey_C,MT,pre,non_rewarded,alpha_beta,-300,0,5,30,5,5,6,6,0.531908275462963
Fig4E,Fig5B,Monkey_C,MT,pre,non_rewarded,alpha_beta,-300,0,5,30,5,6,6,7,0.520834867774972
Fig4E,Fig5B,Monkey_C,MT,pre,non_rewarded,alpha_beta,-300,0,5,30,5,7,6,8,0.511275427890011
Fig4E,Fig5B,Monkey_C,MT,pre,non_rewarded,alpha_beta,-300,0,5,30,5,8,6,9,0.510805143448373
Fig4E,Fig5B,Monkey_C,MT,pre,non_rewarded,alpha_beta,-300,0,5,30,5,9,6,10,0.514977597152076
Fig4E,Fig5B,Monkey_C,MT,pre,non_rewarded,alpha_beta,-300,0,5,30,5,10,6,11,0.522049181046577
Fig4E,Fig5B,Monkey_C,MT,pre,non_rewarded,alpha_beta,-300,0,5,30,5,11,6,12,0.528406723484848
Fig4E,Fig5B,Monkey_C,MT,pre,non_rewarded,alpha_beta,-300,0,5,30,5,12,6,13,0.527307230289001
Fig4E,Fig5B,Monkey_C,MT,pre,non_rewarded,alpha_beta,-300,0,5,30,5,13,6,14,0.511326985129069
Fig4E,Fig5B,Monkey_C,MT,pre,non_rewarded,alpha_beta,-300,0,5,30,5,14,6,15,0.498578843995511
Fig4E,Fig5B,Monkey_C,MT,pre,non_rewarded,alpha_beta,-300,0,5,30,5,15,6,16,0.491052670805275
Fig4E,Fig5B,Monkey_C,MT,pre,non_rewarded,alpha_beta,-300,0,5,30,5,16,6,17,0.49287317620651
Fig4E,Fig5B,Monkey_C,MT,pre,non_rewarded,alpha_beta,-300,0,5,30,5,17,6,18,0.493175373526936
Fig4E,Fig5B,Monkey_C,MT,pre,non_rewarded,alpha_beta,-300,0,5,30,5,18,6,19,0.488221845187991
Fig4E,Fig5B,Monkey_C,MT,pre,non_rewarded,alpha_beta,-300,0,5,30,5,19,6,20,0.487887599957912
Fig4E,Fig5B,Monkey_C,MT,pre,non_rewarded,alpha_beta,-300,0,5,30,5,20,6,21,0.481505594135802
Fig4E,Fig5B,Monkey_C,MT,pre,non_rewarded,alpha_beta,-300,0,5,30,5,21,6,22,0.482953449424804
Fig4E,Fig5B,Monkey_C,MT,pre,non_rewarded,alpha_beta,-300,0,5,30,5,22,6,23,0.491214269430415
Fig4E,Fig5B,Monkey_C,MT,pre,non_rewarded,alpha_beta,-300,0,5,30,5,23,6,24,0.499665140993266
Fig4E,Fig5B,Monkey_C,MT,pre,non_rewarded,alpha_beta,-300,0,5,30,5,24,6,25,0.498973458543771
Fig4E,Fig5B,Monkey_C,MT,pre,non_rewarded,alpha_beta,-300,0,5,30,5,25,6,26,0.498884987023008
Fig4E,Fig5B,Monkey_C,MT,pre,non_rewarded,alpha_beta,-300,0,5,30,5,26,6,27,0.505242354096521
Fig4E,Fig5B,Monkey_C,MT,pre,non_rewarded,alpha_beta,-300,0,5,30,5,27,6,28,0.50738145342312
Fig4E,Fig5B,Monkey_C,MT,pre,non_rewarded,alpha_beta,-300,0,5,30,5,28,6,29,0.505650121001683
Fig4E,Fig5B,Monkey_C,MT,pre,non_rewarded,alpha_beta,-300,0,5,30,6,4,7,5,0.534345275673401
Fig4E,Fig5B,Monkey_C,MT,pre,non_rewarded,alpha_beta,-300,0,5,30,6,5,7,6,0.532795358094837
Fig4E,Fig5B,Monkey_C,MT,pre,non_rewarded,alpha_beta,-300,0,5,30,6,6,7,7,0.52497439674523
Fig4E,Fig5B,Monkey_C,MT,pre,non_rewarded,alpha_beta,-300,0,5,30,6,7,7,8,0.522699740460157
Fig4E,Fig5B,Monkey_C,MT,pre,non_rewarded,alpha_beta,-300,0,5,30,6,8,7,9,0.522104070216049
Fig4E,Fig5B,Monkey_C,MT,pre,non_rewarded,alpha_beta,-300,0,5,30,6,9,7,10,0.525986996703143
Fig4E,Fig5B,Monkey_C,MT,pre,non_rewarded,alpha_beta,-300,0,5,30,6,10,7,11,0.528637591189675
Fig4E,Fig5B,Monkey_C,MT,pre,non_rewarded,alpha_beta,-300,0,5,30,6,11,7,12,0.526284853745791
Fig4E,Fig5B,Monkey_C,MT,pre,non_rewarded,alpha_beta,-300,0,5,30,6,12,7,13,0.519790746001684
Fig4E,Fig5B,Monkey_C,MT,pre,non_rewarded,alpha_beta,-300,0,5,30,6,13,7,14,0.504468118686869
Fig4E,Fig5B,Monkey_C,MT,pre,non_rewarded,alpha_beta,-300,0,5,30,6,14,7,15,0.492487724466891
Fig4E,Fig5B,Monkey_C,MT,pre,non_rewarded,alpha_beta,-300,0,5,30,6,15,7,16,0.488397692199775
Fig4E,Fig5B,Monkey_C,MT,pre,non_rewarded,alpha_beta,-300,0,5,30,6,16,7,17,0.490266773639169
Fig4E,Fig5B,Monkey_C,MT,pre,non_rewarded,alpha_beta,-300,0,5,30,6,17,7,18,0.497018623737374
Fig4E,Fig5B,Monkey_C,MT,pre,non_rewarded,alpha_beta,-300,0,5,30,6,18,7,19,0.506537861251403
Fig4E,Fig5B,Monkey_C,MT,pre,non_rewarded,alpha_beta,-300,0,5,30,6,19,7,20,0.51264682414422
Fig4E,Fig5B,Monkey_C,MT,pre,non_rewarded,alpha_beta,-300,0,5,30,6,20,7,21,0.507088681958474
Fig4E,Fig5B,Monkey_C,MT,pre,non_rewarded,alpha_beta,-300,0,5,30,6,21,7,22,0.506051355569585
Fig4E,Fig5B,Monkey_C,MT,pre,non_rewarded,alpha_beta,-300,0,5,30,6,22,7,23,0.505245817550505
Fig4E,Fig5B,Monkey_C,MT,pre,non_rewarded,alpha_beta,-300,0,5,30,6,23,7,24,0.501704808501683
Fig4E,Fig5B,Monkey_C,MT,pre,non_rewarded,alpha_beta,-300,0,5,30,6,24,7,25,0.503469723274411
Fig4E,Fig5B,Monkey_C,MT,pre,non_rewarded,alpha_beta,-300,0,5,30,6,25,7,26,0.502075792648709
Fig4E,Fig5B,Monkey_C,MT,pre,non_rewarded,alpha_beta,-300,0,5,30,6,26,7,27,0.500114381663861
Fig4E,Fig5B,Monkey_C,MT,pre,non_rewarded,alpha_beta,-300,0,5,30,6,27,7,28,0.50873654075477
Fig4E,Fig5B,Monkey_C,MT,pre,non_rewarded,alpha_beta,-300,0,5,30,6,28,7,29,0.524462068602694
Fig4E,Fig5B,Monkey_C,MT,pre,non_rewarded,alpha_beta,-300,0,5,30,7,4,8,5,0.526349519500561
Fig4E,Fig5B,Monkey_C,MT,pre,non_rewarded,alpha_beta,-300,0,5,30,7,5,8,6,0.515070189744669
Fig4E,Fig5B,Monkey_C,MT,pre,non_rewarded,alpha_beta,-300,0,5,30,7,6,8,7,0.510272955246914
Fig4E,Fig5B,Monkey_C,MT,pre,non_rewarded,alpha_beta,-300,0,5,30,7,7,8,8,0.512658310535915
Fig4E,Fig5B,Monkey_C,MT,pre,non_rewarded,alpha_beta,-300,0,5,30,7,8,8,9,0.514578773849607
Fig4E,Fig5B,Monkey_C,MT,pre,non_rewarded,alpha_beta,-300,0,5,30,7,9,8,10,0.519043034511784
Fig4E,Fig5B,Monkey_C,MT,pre,non_rewarded,alpha_beta,-300,0,5,30,7,10,8,11,0.517838453984287
Fig4E,Fig5B,Monkey_C,MT,pre,non_rewarded,alpha_beta,-300,0,5,30,7,11,8,12,0.512966777146465
Fig4E,Fig5B,Monkey_C,MT,pre,non_rewarded,alpha_beta,-300,0,5,30,7,12,8,13,0.507793209876543
Fig4E,Fig5B,Monkey_C,MT,pre,non_rewarded,alpha_beta,-300,0,5,30,7,13,8,14,0.502313236531987
Fig4E,Fig5B,Monkey_C,MT,pre,non_rewarded,alpha_beta,-300,0,5,30,7,14,8,15,0.494265177819865
Fig4E,Fig5B,Monkey_C,MT,pre,non_rewarded,alpha_beta,-300,0,5,30,7,15,8,16,0.492341557940516
Fig4E,Fig5B,Monkey_C,MT,pre,non_rewarded,alpha_beta,-300,0,5,30,7,16,8,17,0.498565165544332
Fig4E,Fig5B,Monkey_C,MT,pre,non_rewarded,alpha_beta,-300,0,5,30,7,17,8,18,0.508631015011223
Fig4E,Fig5B,Monkey_C,MT,pre,non_rewarded,alpha_beta,-300,0,5,30,7,18,8,19,0.517644588243546
Fig4E,Fig5B,Monkey_C,MT,pre,non_rewarded,alpha_beta,-300,0,5,30,7,19,8,20,0.524273419963524
Fig4E,Fig5B,Monkey_C,MT,pre,non_rewarded,alpha_beta,-300,0,5,30,7,20,8,21,0.52780986952862
Fig4E,Fig5B,Monkey_C,MT,pre,non_rewarded,alpha_beta,-300,0,5,30,7,21,8,22,0.525890984497755
Fig4E,Fig5B,Monkey_C,MT,pre,non_rewarded,alpha_beta,-300,0,5,30,7,22,8,23,0.529024095117845
Fig4E,Fig5B,Monkey_C,MT,pre,non_rewarded,alpha_beta,-300,0,5,30,7,23,8,24,0.525643194093715
Fig4E,Fig5B,Monkey_C,MT,pre,non_rewarded,alpha_beta,-300,0,5,30,7,24,8,25,0.51742323407688
Fig4E,Fig5B,Monkey_C,MT,pre,non_rewarded,alpha_beta,-300,0,5,30,7,25,8,26,0.505284047067901
Fig4E,Fig5B,Monkey_C,MT,pre,non_rewarded,alpha_beta,-300,0,5,30,7,26,8,27,0.503152576108305
Fig4E,Fig5B,Monkey_C,MT,pre,non_rewarded,alpha_beta,-300,0,5,30,7,27,8,28,0.511976273148148
Fig4E,Fig5B,Monkey_C,MT,pre,non_rewarded,alpha_beta,-300,0,5,30,7,28,8,29,0.522652435816498
Fig4E,Fig5B,Monkey_C,MT,pre,non_rewarded,alpha_beta,-300,0,5,30,8,4,9,5,0.497704212261504
Fig4E,Fig5B,Monkey_C,MT,pre,non_rewarded,alpha_beta,-300,0,5,30,8,5,9,6,0.495683177258698
Fig4E,Fig5B,Monkey_C,MT,pre,non_rewarded,alpha_beta,-300,0,5,30,8,6,9,7,0.48913659161055
Fig4E,Fig5B,Monkey_C,MT,pre,non_rewarded,alpha_beta,-300,0,5,30,8,7,9,8,0.488906863776655
Fig4E,Fig5B,Monkey_C,MT,pre,non_rewarded,alpha_beta,-300,0,5,30,8,8,9,9,0.48743125701459
Fig4E,Fig5B,Monkey_C,MT,pre,non_rewarded,alpha_beta,-300,0,5,30,8,9,9,10,0.488194751332772
Fig4E,Fig5B,Monkey_C,MT,pre,non_rewarded,alpha_beta,-300,0,5,30,8,10,9,11,0.499045270412458
Fig4E,Fig5B,Monkey_C,MT,pre,non_rewarded,alpha_beta,-300,0,5,30,8,11,9,12,0.510153093434343
Fig4E,Fig5B,Monkey_C,MT,pre,non_rewarded,alpha_beta,-300,0,5,30,8,12,9,13,0.508250824214366
Fig4E,Fig5B,Monkey_C,MT,pre,non_rewarded,alpha_beta,-300,0,5,30,8,13,9,14,0.505726404671717
Fig4E,Fig5B,Monkey_C,MT,pre,non_rewarded,alpha_beta,-300,0,5,30,8,14,9,15,0.503421015712682
Fig4E,Fig5B,Monkey_C,MT,pre,non_rewarded,alpha_beta,-300,0,5,30,8,15,9,16,0.501606604236813
Fig4E,Fig5B,Monkey_C,MT,pre,non_rewarded,alpha_beta,-300,0,5,30,8,16,9,17,0.504539755190797
Fig4E,Fig5B,Monkey_C,MT,pre,non_rewarded,alpha_beta,-300,0,5,30,8,17,9,18,0.504445978886083
Fig4E,Fig5B,Monkey_C,MT,pre,non_rewarded,alpha_beta,-300,0,5,30,8,18,9,19,0.509067322530864
Fig4E,Fig5B,Monkey_C,MT,pre,non_rewarded,alpha_beta,-300,0,5,30,8,19,9,20,0.516743257225028
Fig4E,Fig5B,Monkey_C,MT,pre,non_rewarded,alpha_beta,-300,0,5,30,8,20,9,21,0.516514230850168
Fig4E,Fig5B,Monkey_C,MT,pre,non_rewarded,alpha_beta,-300,0,5,30,8,21,9,22,0.521154908459596
Fig4E,Fig5B,Monkey_C,MT,pre,non_rewarded,alpha_beta,-300,0,5,30,8,22,9,23,0.520651830808081
Fig4E,Fig5B,Monkey_C,MT,pre,non_rewarded,alpha_beta,-300,0,5,30,8,23,9,24,0.520020999929854
Fig4E,Fig5B,Monkey_C,MT,pre,non_rewarded,alpha_beta,-300,0,5,30,8,24,9,25,0.514854184203142
Fig4E,Fig5B,Monkey_C,MT,pre,non_rewarded,alpha_beta,-300,0,5,30,8,25,9,26,0.505703870300224
Fig4E,Fig5B,Monkey_C,MT,pre,non_rewarded,alpha_beta,-300,0,5,30,8,26,9,27,0.498548812780584
Fig4E,Fig5B,Monkey_C,MT,pre,non_rewarded,alpha_beta,-300,0,5,30,8,27,9,28,0.502219679433221
Fig4E,Fig5B,Monkey_C,MT,pre,non_rewarded,alpha_beta,-300,0,5,30,8,28,9,29,0.512933983936588
Fig4E,Fig5B,Monkey_C,MT,pre,non_rewarded,alpha_beta,-300,0,5,30,9,4,10,5,0.468333596380472
Fig4E,Fig5B,Monkey_C,MT,pre,non_rewarded,alpha_beta,-300,0,5,30,9,5,10,6,0.473189358866442
Fig4E,Fig5B,Monkey_C,MT,pre,non_rewarded,alpha_beta,-300,0,5,30,9,6,10,7,0.478743949915825
Fig4E,Fig5B,Monkey_C,MT,pre,non_rewarded,alpha_beta,-300,0,5,30,9,7,10,8,0.477676811517957
Fig4E,Fig5B,Monkey_C,MT,pre,non_rewarded,alpha_beta,-300,0,5,30,9,8,10,9,0.478861619668911
Fig4E,Fig5B,Monkey_C,MT,pre,non_rewarded,alpha_beta,-300,0,5,30,9,9,10,10,0.485021306818182
Fig4E,Fig5B,Monkey_C,MT,pre,non_rewarded,alpha_beta,-300,0,5,30,9,10,10,11,0.502723414702581
Fig4E,Fig5B,Monkey_C,MT,pre,non_rewarded,alpha_beta,-300,0,5,30,9,11,10,12,0.514754226290685
Fig4E,Fig5B,Monkey_C,MT,pre,non_rewarded,alpha_beta,-300,0,5,30,9,12,10,13,0.515507944023569
Fig4E,Fig5B,Monkey_C,MT,pre,non_rewarded,alpha_beta,-300,0,5,30,9,13,10,14,0.514719986321549
Fig4E,Fig5B,Monkey_C,MT,pre,non_rewarded,alpha_beta,-300,0,5,30,9,14,10,15,0.507310255331089
Fig4E,Fig5B,Monkey_C,MT,pre,non_rewarded,alpha_beta,-300,0,5,30,9,15,10,16,0.50215251473064
Fig4E,Fig5B,Monkey_C,MT,pre,non_rewarded,alpha_beta,-300,0,5,30,9,16,10,17,0.503485549943883
Fig4E,Fig5B,Monkey_C,MT,pre,non_rewarded,alpha_beta,-300,0,5,30,9,17,10,18,0.503051566007295
Fig4E,Fig5B,Monkey_C,MT,pre,non_rewarded,alpha_beta,-300,0,5,30,9,18,10,19,0.509966198442761
Fig4E,Fig5B,Monkey_C,MT,pre,non_rewarded,alpha_beta,-300,0,5,30,9,19,10,20,0.514587410563974
Fig4E,Fig5B,Monkey_C,MT,pre,non_rewarded,alpha_beta,-300,0,5,30,9,20,10,21,0.50681840102413
Fig4E,Fig5B,Monkey_C,MT,pre,non_rewarded,alpha_beta,-300,0,5,30,9,21,10,22,0.49365837191358
Fig4E,Fig5B,Monkey_C,MT,pre,non_rewarded,alpha_beta,-300,0,5,30,9,22,10,23,0.489250491021324
Fig4E,Fig5B,Monkey_C,MT,pre,non_rewarded,alpha_beta,-300,0,5,30,9,23,10,24,0.490771078843996
Fig4E,Fig5B,Monkey_C,MT,pre,non_rewarded,alpha_beta,-300,0,5,30,9,24,10,25,0.500446084104938
Fig4E,Fig5B,Monkey_C,MT,pre,non_rewarded,alpha_beta,-300,0,5,30,9,25,10,26,0.502505962401796
Fig4E,Fig5B,Monkey_C,MT,pre,non_rewarded,alpha_beta,-300,0,5,30,9,26,10,27,0.503925452441077
Fig4E,Fig5B,Monkey_C,MT,pre,non_rewarded,alpha_beta,-300,0,5,30,9,27,10,28,0.508018246703143
Fig4E,Fig5B,Monkey_C,MT,pre,non_rewarded,alpha_beta,-300,0,5,30,9,28,10,29,0.516269114758698
Fig4E,Fig5B,Monkey_C,MT,pre,non_rewarded,alpha_beta,-300,0,5,30,10,4,11,5,0.472427442831089
Fig4E,Fig5B,Monkey_C,MT,pre,non_rewarded,alpha_beta,-300,0,5,30,10,5,11,6,0.482513897657127
Fig4E,Fig5B,Monkey_C,MT,pre,non_rewarded,alpha_beta,-300,0,5,30,10,6,11,7,0.492186886223345
Fig4E,Fig5B,Monkey_C,MT,pre,non_rewarded,alpha_beta,-300,0,5,30,10,7,11,8,0.497018536054994
Fig4E,Fig5B,Monkey_C,MT,pre,non_rewarded,alpha_beta,-300,0,5,30,10,8,11,9,0.49753774726431
Fig4E,Fig5B,Monkey_C,MT,pre,non_rewarded,alpha_beta,-300,0,5,30,10,9,11,10,0.500568927118406
Fig4E,Fig5B,Monkey_C,MT,pre,non_rewarded,alpha_beta,-300,0,5,30,10,10,11,11,0.509703940446128
Fig4E,Fig5B,Monkey_C,MT,pre,non_rewarded,alpha_beta,-300,0,5,30,10,11,11,12,0.518756225448934
Fig4E,Fig5B,Monkey_C,MT,pre,non_rewarded,alpha_beta,-300,0,5,30,10,12,11,13,0.524468907828283
Fig4E,Fig5B,Monkey_C,MT,pre,non_rewarded,alpha_beta,-300,0,5,30,10,13,11,14,0.522446338383838
Fig4E,Fig5B,Monkey_C,MT,pre,non_rewarded,alpha_beta,-300,0,5,30,10,14,11,15,0.517327923330527
Fig4E,Fig5B,Monkey_C,MT,pre,non_rewarded,alpha_beta,-300,0,5,30,10,15,11,16,0.509095249368687
Fig4E,Fig5B,Monkey_C,MT,pre,non_rewarded,alpha_beta,-300,0,5,30,10,16,11,17,0.505782039141414
Fig4E,Fig5B,Monkey_C,MT,pre,non_rewarded,alpha_beta,-300,0,5,30,10,17,11,18,0.504441945496633
Fig4E,Fig5B,Monkey_C,MT,pre,non_rewarded,alpha_beta,-300,0,5,30,10,18,11,19,0.501025401585297
Fig4E,Fig5B,Monkey_C,MT,pre,non_rewarded,alpha_beta,-300,0,5,30,10,19,11,20,0.503762845468575
Fig4E,Fig5B,Monkey_C,MT,pre,non_rewarded,alpha_beta,-300,0,5,30,10,20,11,21,0.499426557239057
Fig4E,Fig5B,Monkey_C,MT,pre,non_rewarded,alpha_beta,-300,0,5,30,10,21,11,22,0.500511495159933
Fig4E,Fig5B,Monkey_C,MT,pre,non_rewarded,alpha_beta,-300,0,5,30,10,22,11,23,0.5099231463945
Fig4E,Fig5B,Monkey_C,MT,pre,non_rewarded,alpha_beta,-300,0,5,30,10,23,11,24,0.514358077300786
Fig4E,Fig5B,Monkey_C,MT,pre,non_rewarded,alpha_beta,-300,0,5,30,10,24,11,25,0.514599160002806
Fig4E,Fig5B,Monkey_C,MT,pre,non_rewarded,alpha_beta,-300,0,5,30,10,25,11,26,0.513486777497194
Fig4E,Fig5B,Monkey_C,MT,pre,non_rewarded,alpha_beta,-300,0,5,30,10,26,11,27,0.524107612584175
Fig4E,Fig5B,Monkey_C,MT,pre,non_rewarded,alpha_beta,-300,0,5,30,10,27,11,28,0.533638818742985
Fig4E,Fig5B,Monkey_C,MT,pre,non_rewarded,alpha_beta,-300,0,5,30,10,28,11,29,0.533066559694164
Fig4E,Fig5B,Monkey_C,MT,post,rewarded,alpha_beta,-300,0,5,30,0,4,1,5,0.482362876411395
Fig4E,Fig5B,Monkey_C,MT,post,rewarded,alpha_beta,-300,0,5,30,0,5,1,6,0.479781597976544
Fig4E,Fig5B,Monkey_C,MT,post,rewarded,alpha_beta,-300,0,5,30,0,6,1,7,0.475016742155632
Fig4E,Fig5B,Monkey_C,MT,post,rewarded,alpha_beta,-300,0,5,30,0,7,1,8,0.472227400639646
Fig4E,Fig5B,Monkey_C,MT,post,rewarded,alpha_beta,-300,0,5,30,0,8,1,9,0.475517382473772
Fig4E,Fig5B,Monkey_C,MT,post,rewarded,alpha_beta,-300,0,5,30,0,9,1,10,0.479685656253785
Fig4E,Fig5B,Monkey_C,MT,post,rewarded,alpha_beta,-300,0,5,30,0,10,1,11,0.487264972548683
Fig4E,Fig5B,Monkey_C,MT,post,rewarded,alpha_beta,-300,0,5,30,0,11,1,12,0.48902368337041
Fig4E,Fig5B,Monkey_C,MT,post,rewarded,alpha_beta,-300,0,5,30,0,12,1,13,0.487679788650079
Fig4E,Fig5B,Monkey_C,MT,post,rewarded,alpha_beta,-300,0,5,30,0,13,1,14,0.484078516032177
Fig4E,Fig5B,Monkey_C,MT,post,rewarded,alpha_beta,-300,0,5,30,0,14,1,15,0.479210905452909
Fig4E,Fig5B,Monkey_C,MT,post,rewarded,alpha_beta,-300,0,5,30,0,15,1,16,0.47511452281258
Fig4E,Fig5B,Monkey_C,MT,post,rewarded,alpha_beta,-300,0,5,30,0,16,1,17,0.473245264912309
Fig4E,Fig5B,Monkey_C,MT,post,rewarded,alpha_beta,-300,0,5,30,0,17,1,18,0.47241699539067
Fig4E,Fig5B,Monkey_C,MT,post,rewarded,alpha_beta,-300,0,5,30,0,18,1,19,0.474254459891373
Fig4E,Fig5B,Monkey_C,MT,post,rewarded,alpha_beta,-300,0,5,30,0,19,1,20,0.480289810171332
Fig4E,Fig5B,Monkey_C,MT,post,rewarded,alpha_beta,-300,0,5,30,0,20,1,21,0.483692512800301
Fig4E,Fig5B,Monkey_C,MT,post,rewarded,alpha_beta,-300,0,5,30,0,21,1,22,0.488739356841762
Fig4E,Fig5B,Monkey_C,MT,post,rewarded,alpha_beta,-300,0,5,30,0,22,1,23,0.487808829638124
Fig4E,Fig5B,Monkey_C,MT,post,rewarded,alpha_beta,-300,0,5,30,0,23,1,24,0.485799472171574
Fig4E,Fig5B,Monkey_C,MT,post,rewarded,alpha_beta,-300,0,5,30,0,24,1,25,0.488585910813992
Fig4E,Fig5B,Monkey_C,MT,post,rewarded,alpha_beta,-300,0,5,30,0,25,1,26,0.492621418144966
Fig4E,Fig5B,Monkey_C,MT,post,rewarded,alpha_beta,-300,0,5,30,0,26,1,27,0.496694244686744
Fig4E,Fig5B,Monkey_C,MT,post,rewarded,alpha_beta,-300,0,5,30,0,27,1,28,0.498175493937215
Fig4E,Fig5B,Monkey_C,MT,post,rewarded,alpha_beta,-300,0,5,30,0,28,1,29,0.496034418241933
Fig4E,Fig5B,Monkey_C,MT,post,rewarded,alpha_beta,-300,0,5,30,1,4,2,5,0.470635207822287
Fig4E,Fig5B,Monkey_C,MT,post,rewarded,alpha_beta,-300,0,5,30,1,5,2,6,0.466539827203783
Fig4E,Fig5B,Monkey_C,MT,post,rewarded,alpha_beta,-300,0,5,30,1,6,2,7,0.464517339681549
Fig4E,Fig5B,Monkey_C,MT,post,rewarded,alpha_beta,-300,0,5,30,1,7,2,8,0.464833055158001
Fig4E,Fig5B,Monkey_C,MT,post,rewarded,alpha_beta,-300,0,5,30,1,8,2,9,0.469783700239745
Fig4E,Fig5B,Monkey_C,MT,post,rewarded,alpha_beta,-300,0,5,30,1,9,2,10,0.474956763367301
Fig4E,Fig5B,Monkey_C,MT,post,rewarded,alpha_beta,-300,0,5,30,1,10,2,11,0.484030079452097
Fig4E,Fig5B,Monkey_C,MT,post,rewarded,alpha_beta,-300,0,5,30,1,11,2,12,0.49079592260115
Fig4E,Fig5B,Monkey_C,MT,post,rewarded,alpha_beta,-300,0,5,30,1,12,2,13,0.490790180353614
Fig4E,Fig5B,Monkey_C,MT,post,rewarded,alpha_beta,-300,0,5,30,1,13,2,14,0.487054972798134
Fig4E,Fig5B,Monkey_C,MT,post,rewarded,alpha_beta,-300,0,5,30,1,14,2,15,0.482191491124673
Fig4E,Fig5B,Monkey_C,MT,post,rewarded,alpha_beta,-300,0,5,30,1,15,2,16,0.479092657209472
Fig4E,Fig5B,Monkey_C,MT,post,rewarded,alpha_beta,-300,0,5,30,1,16,2,17,0.478080121011249
Fig4E,Fig5B,Monkey_C,MT,post,rewarded,alpha_beta,-300,0,5,30,1,17,2,18,0.479183934899375
Fig4E,Fig5B,Monkey_C,MT,post,rewarded,alpha_beta,-300,0,5,30,1,18,2,19,0.482834165561073
Fig4E,Fig5B,Monkey_C,MT,post,rewarded,alpha_beta,-300,0,5,30,1,19,2,20,0.487658353935452
Fig4E,Fig5B,Monkey_C,MT,post,rewarded,alpha_beta,-300,0,5,30,1,20,2,21,0.491528286056022
Fig4E,Fig5B,Monkey_C,MT,post,rewarded,alpha_beta,-300,0,5,30,1,21,2,22,0.492698256898286
Fig4E,Fig5B,Monkey_C,MT,post,rewarded,alpha_beta,-300,0,5,30,1,22,2,23,0.491419175063933
Fig4E,Fig5B,Monkey_C,MT,post,rewarded,alpha_beta,-300,0,5,30,1,23,2,24,0.490318093493872
Fig4E,Fig5B,Monkey_C,MT,post,rewarded,alpha_beta,-300,0,5,30,1,24,2,25,0.490921206227004
Fig4E,Fig5B,Monkey_C,MT,post,rewarded,alpha_beta,-300,0,5,30,1,25,2,26,0.490647505463555
Fig4E,Fig5B,Monkey_C,MT,post,rewarded,alpha_beta,-300,0,5,30,1,26,2,27,0.490595270941161
Fig4E,Fig5B,Monkey_C,MT,post,rewarded,alpha_beta,-300,0,5,30,1,27,2,28,0.495156394285397
Fig4E,Fig5B,Monkey_C,MT,post,rewarded,alpha_beta,-300,0,5,30,1,28,2,29,0.495749743784086
Fig4E,Fig5B,Monkey_C,MT,post,rewarded,alpha_beta,-300,0,5,30,2,4,3,5,0.468912270380022
Fig4E,Fig5B,Monkey_C,MT,post,rewarded,alpha_beta,-300,0,5,30,2,5,3,6,0.469113417110976
Fig4E,Fig5B,Monkey_C,MT,post,rewarded,alpha_beta,-300,0,5,30,2,6,3,7,0.467640264390494
Fig4E,Fig5B,Monkey_C,MT,post,rewarded,alpha_beta,-300,0,5,30,2,7,3,8,0.469197819774687
Fig4E,Fig5B,Monkey_C,MT,post,rewarded,alpha_beta,-300,0,5,30,2,8,3,9,0.471691212839427
Fig4E,Fig5B,Monkey_C,MT,post,rewarded,alpha_beta,-300,0,5,30,2,9,3,10,0.476747089349774
Fig4E,Fig5B,Monkey_C,MT,post,rewarded,alpha_beta,-300,0,5,30,2,10,3,11,0.484758814525971
Fig4E,Fig5B,Monkey_C,MT,post,rewarded,alpha_beta,-300,0,5,30,2,11,3,12,0.491883735239976
Fig4E,Fig5B,Monkey_C,MT,post,rewarded,alpha_beta,-300,0,5,30,2,12,3,13,0.491270224241641
Fig4E,Fig5B,Monkey_C,MT,post,rewarded,alpha_beta,-300,0,5,30,2,13,3,14,0.485364143163807
Fig4E,Fig5B,Monkey_C,MT,post,rewarded,alpha_beta,-300,0,5,30,2,14,3,15,0.480069478866078
Fig4E,Fig5B,Monkey_C,MT,post,rewarded,alpha_beta,-300,0,5,30,2,15,3,16,0.478101659884311
Fig4E,Fig5B,Monkey_C,MT,post,rewarded,alpha_beta,-300,0,5,30,2,16,3,17,0.478439237813958
Fig4E,Fig5B,Monkey_C,MT,post,rewarded,alpha_beta,-300,0,5,30,2,17,3,18,0.481122642876855
Fig4E,Fig5B,Monkey_C,MT,post,rewarded,alpha_beta,-300,0,5,30,2,18,3,19,0.486355077998445
Fig4E,Fig5B,Monkey_C,MT,post,rewarded,alpha_beta,-300,0,5,30,2,19,3,20,0.493537499602339
Fig4E,Fig5B,Monkey_C,MT,post,rewarded,alpha_beta,-300,0,5,30,2,20,3,21,0.496844322784209
Fig4E,Fig5B,Monkey_C,MT,post,rewarded,alpha_beta,-300,0,5,30,2,21,3,22,0.495442867532002
Fig4E,Fig5B,Monkey_C,MT,post,rewarded,alpha_beta,-300,0,5,30,2,22,3,23,0.495429342689156
Fig4E,Fig5B,Monkey_C,MT,post,rewarded,alpha_beta,-300,0,5,30,2,23,3,24,0.494256946072341
Fig4E,Fig5B,Monkey_C,MT,post,rewarded,alpha_beta,-300,0,5,30,2,24,3,25,0.492720611446978
Fig4E,Fig5B,Monkey_C,MT,post,rewarded,alpha_beta,-300,0,5,30,2,25,3,26,0.491956498722517
Fig4E,Fig5B,Monkey_C,MT,post,rewarded,alpha_beta,-300,0,5,30,2,26,3,27,0.491559990719813
Fig4E,Fig5B,Monkey_C,MT,post,rewarded,alpha_beta,-300,0,5,30,2,27,3,28,0.492625531958565
Fig4E,Fig5B,Monkey_C,MT,post,rewarded,alpha_beta,-300,0,5,30,2,28,3,29,0.493762951500505
Fig4E,Fig5B,Monkey_C,MT,post,rewarded,alpha_beta,-300,0,5,30,3,4,4,5,0.474444416873845
Fig4E,Fig5B,Monkey_C,MT,post,rewarded,alpha_beta,-300,0,5,30,3,5,4,6,0.475468665283417
Fig4E,Fig5B,Monkey_C,MT,post,rewarded,alpha_beta,-300,0,5,30,3,6,4,7,0.474742193611839
Fig4E,Fig5B,Monkey_C,MT,post,rewarded,alpha_beta,-300,0,5,30,3,7,4,8,0.476422841476119
Fig4E,Fig5B,Monkey_C,MT,post,rewarded,alpha_beta,-300,0,5,30,3,8,4,9,0.479973438726632
Fig4E,Fig5B,Monkey_C,MT,post,rewarded,alpha_beta,-300,0,5,30,3,9,4,10,0.48705934841259
Fig4E,Fig5B,Monkey_C,MT,post,rewarded,alpha_beta,-300,0,5,30,3,10,4,11,0.492121063522912
Fig4E,Fig5B,Monkey_C,MT,post,rewarded,alpha_beta,-300,0,5,30,3,11,4,12,0.492765659383346
Fig4E,Fig5B,Monkey_C,MT,post,rewarded,alpha_beta,-300,0,5,30,3,12,4,13,0.488743214450173
Fig4E,Fig5B,Monkey_C,MT,post,rewarded,alpha_beta,-300,0,5,30,3,13,4,14,0.48407913805838
Fig4E,Fig5B,Monkey_C,MT,post,rewarded,alpha_beta,-300,0,5,30,3,14,4,15,0.478808549018276
Fig4E,Fig5B,Monkey_C,MT,post,rewarded,alpha_beta,-300,0,5,30,3,15,4,16,0.474407440551811
Fig4E,Fig5B,Monkey_C,MT,post,rewarded,alpha_beta,-300,0,5,30,3,16,4,17,0.475680401780367
Fig4E,Fig5B,Monkey_C,MT,post,rewarded,alpha_beta,-300,0,5,30,3,17,4,18,0.480319308283717
Fig4E,Fig5B,Monkey_C,MT,post,rewarded,alpha_beta,-300,0,5,30,3,18,4,19,0.486437686889005
Fig4E,Fig5B,Monkey_C,MT,post,rewarded,alpha_beta,-300,0,5,30,3,19,4,20,0.495140776977264
Fig4E,Fig5B,Monkey_C,MT,post,rewarded,alpha_beta,-300,0,5,30,3,20,4,21,0.49742158877989
Fig4E,Fig5B,Monkey_C,MT,post,rewarded,alpha_beta,-300,0,5,30,3,21,4,22,0.491749991192636
Fig4E,Fig5B,Monkey_C,MT,post,rewarded,alpha_beta,-300,0,5,30,3,22,4,23,0.488153457624016
Fig4E,Fig5B,Monkey_C,MT,post,rewarded,alpha_beta,-300,0,5,30,3,23,4,24,0.487491188610557
Fig4E,Fig5B,Monkey_C,MT,post,rewarded,alpha_beta,-300,0,5,30,3,24,4,25,0.490817729105458
Fig4E,Fig5B,Monkey_C,MT,post,rewarded,alpha_beta,-300,0,5,30,3,25,4,26,0.496054364811451
Fig4E,Fig5B,Monkey_C,MT,post,rewarded,alpha_beta,-300,0,5,30,3,26,4,27,0.498242388810516
Fig4E,Fig5B,Monkey_C,MT,post,rewarded,alpha_beta,-300,0,5,30,3,27,4,28,0.497701843518831
Fig4E,Fig5B,Monkey_C,MT,post,rewarded,alpha_beta,-300,0,5,30,3,28,4,29,0.493740553590521
Fig4E,Fig5B,Monkey_C,MT,post,rewarded,alpha_beta,-300,0,5,30,4,4,5,5,0.466604994163487
Fig4E,Fig5B,Monkey_C,MT,post,rewarded,alpha_beta,-300,0,5,30,4,5,5,6,0.463686454047526
Fig4E,Fig5B,Monkey_C,MT,post,rewarded,alpha_beta,-300,0,5,30,4,6,5,7,0.465338941430896
Fig4E,Fig5B,Monkey_C,MT,post,rewarded,alpha_beta,-300,0,5,30,4,7,5,8,0.468581873861949
Fig4E,Fig5B,Monkey_C,MT,post,rewarded,alpha_beta,-300,0,5,30,4,8,5,9,0.475820054766749
Fig4E,Fig5B,Monkey_C,MT,post,rewarded,alpha_beta,-300,0,5,30,4,9,5,10,0.487507948156302
Fig4E,Fig5B,Monkey_C,MT,post,rewarded,alpha_beta,-300,0,5,30,4,10,5,11,0.49694488565435
Fig4E,Fig5B,Monkey_C,MT,post,rewarded,alpha_beta,-300,0,5,30,4,11,5,12,0.495837203606811
Fig4E,Fig5B,Monkey_C,MT,post,rewarded,alpha_beta,-300,0,5,30,4,12,5,13,0.489376896461713
Fig4E,Fig5B,Monkey_C,MT,post,rewarded,alpha_beta,-300,0,5,30,4,13,5,14,0.486524462736772
Fig4E,Fig5B,Monkey_C,MT,post,rewarded,alpha_beta,-300,0,5,30,4,14,5,15,0.483343144982969
Fig4E,Fig5B,Monkey_C,MT,post,rewarded,alpha_beta,-300,0,5,30,4,15,5,16,0.485069781881365
Fig4E,Fig5B,Monkey_C,MT,post,rewarded,alpha_beta,-300,0,5,30,4,16,5,17,0.49090207295047
Fig4E,Fig5B,Monkey_C,MT,post,rewarded,alpha_beta,-300,0,5,30,4,17,5,18,0.497771366352499
Fig4E,Fig5B,Monkey_C,MT,post,rewarded,alpha_beta,-300,0,5,30,4,18,5,19,0.502661377703761
Fig4E,Fig5B,Monkey_C,MT,post,rewarded,alpha_beta,-300,0,5,30,4,19,5,20,0.503396088703023
Fig4E,Fig5B,Monkey_C,MT,post,rewarded,alpha_beta,-300,0,5,30,4,20,5,21,0.497695384449881
Fig4E,Fig5B,Monkey_C,MT,post,rewarded,alpha_beta,-300,0,5,30,4,21,5,22,0.484632228621129
Fig4E,Fig5B,Monkey_C,MT,post,rewarded,alpha_beta,-300,0,5,30,4,22,5,23,0.475787813116596
Fig4E,Fig5B,Monkey_C,MT,post,rewarded,alpha_beta,-300,0,5,30,4,23,5,24,0.475931043553533
Fig4E,Fig5B,Monkey_C,MT,post,rewarded,alpha_beta,-300,0,5,30,4,24,5,25,0.479936763140418
Fig4E,Fig5B,Monkey_C,MT,post,rewarded,alpha_beta,-300,0,5,30,4,25,5,26,0.484212639133427
Fig4E,Fig5B,Monkey_C,MT,post,rewarded,alpha_beta,-300,0,5,30,4,26,5,27,0.486789024049181
Fig4E,Fig5B,Monkey_C,MT,post,rewarded,alpha_beta,-300,0,5,30,4,27,5,28,0.486152359640477
Fig4E,Fig5B,Monkey_C,MT,post,rewarded,alpha_beta,-300,0,5,30,4,28,5,29,0.484453326550739
Fig4E,Fig5B,Monkey_C,MT,post,rewarded,alpha_beta,-300,0,5,30,5,4,6,5,0.468407711331551
Fig4E,Fig5B,Monkey_C,MT,post,rewarded,alpha_beta,-300,0,5,30,5,5,6,6,0.461915179081497
Fig4E,Fig5B,Monkey_C,MT,post,rewarded,alpha_beta,-300,0,5,30,5,6,6,7,0.460086919541081
Fig4E,Fig5B,Monkey_C,MT,post,rewarded,alpha_beta,-300,0,5,30,5,7,6,8,0.463301610937987
Fig4E,Fig5B,Monkey_C,MT,post,rewarded,alpha_beta,-300,0,5,30,5,8,6,9,0.472982390534139
Fig4E,Fig5B,Monkey_C,MT,post,rewarded,alpha_beta,-300,0,5,30,5,9,6,10,0.48390044908646
Fig4E,Fig5B,Monkey_C,MT,post,rewarded,alpha_beta,-300,0,5,30,5,10,6,11,0.492114429832363
Fig4E,Fig5B,Monkey_C,MT,post,rewarded,alpha_beta,-300,0,5,30,5,11,6,12,0.492017430961473
Fig4E,Fig5B,Monkey_C,MT,post,rewarded,alpha_beta,-300,0,5,30,5,12,6,13,0.49225326589081
Fig4E,Fig5B,Monkey_C,MT,post,rewarded,alpha_beta,-300,0,5,30,5,13,6,14,0.491921567356832
Fig4E,Fig5B,Monkey_C,MT,post,rewarded,alpha_beta,-300,0,5,30,5,14,6,15,0.492879906861862
Fig4E,Fig5B,Monkey_C,MT,post,rewarded,alpha_beta,-300,0,5,30,5,15,6,16,0.497607166407296
Fig4E,Fig5B,Monkey_C,MT,post,rewarded,alpha_beta,-300,0,5,30,5,16,6,17,0.503087638600833
Fig4E,Fig5B,Monkey_C,MT,post,rewarded,alpha_beta,-300,0,5,30,5,17,6,18,0.508792052178934
Fig4E,Fig5B,Monkey_C,MT,post,rewarded,alpha_beta,-300,0,5,30,5,18,6,19,0.511973371492802
Fig4E,Fig5B,Monkey_C,MT,post,rewarded,alpha_beta,-300,0,5,30,5,19,6,20,0.50918880250225
Fig4E,Fig5B,Monkey_C,MT,post,rewarded,alpha_beta,-300,0,5,30,5,20,6,21,0.50011698438459
Fig4E,Fig5B,Monkey_C,MT,post,rewarded,alpha_beta,-300,0,5,30,5,21,6,22,0.488464738809137
Fig4E,Fig5B,Monkey_C,MT,post,rewarded,alpha_beta,-300,0,5,30,5,22,6,23,0.480301219381222
Fig4E,Fig5B,Monkey_C,MT,post,rewarded,alpha_beta,-300,0,5,30,5,23,6,24,0.472785855597271
Fig4E,Fig5B,Monkey_C,MT,post,rewarded,alpha_beta,-300,0,5,30,5,24,6,25,0.470947152274634
Fig4E,Fig5B,Monkey_C,MT,post,rewarded,alpha_beta,-300,0,5,30,5,25,6,26,0.470312680478867
Fig4E,Fig5B,Monkey_C,MT,post,rewarded,alpha_beta,-300,0,5,30,5,26,6,27,0.471510208079653
Fig4E,Fig5B,Monkey_C,MT,post,rewarded,alpha_beta,-300,0,5,30,5,27,6,28,0.467832700516623
Fig4E,Fig5B,Monkey_C,MT,post,rewarded,alpha_beta,-300,0,5,30,5,28,6,29,0.466168396832252
Fig4E,Fig5B,Monkey_C,MT,post,rewarded,alpha_beta,-300,0,5,30,6,4,7,5,0.4755883725725
Fig4E,Fig5B,Monkey_C,MT,post,rewarded,alpha_beta,-300,0,5,30,6,5,7,6,0.474865350673645
Fig4E,Fig5B,Monkey_C,MT,post,rewarded,alpha_beta,-300,0,5,30,6,6,7,7,0.473753599589204
Fig4E,Fig5B,Monkey_C,MT,post,rewarded,alpha_beta,-300,0,5,30,6,7,7,8,0.473372359791839
Fig4E,Fig5B,Monkey_C,MT,post,rewarded,alpha_beta,-300,0,5,30,6,8,7,9,0.480623028604829
Fig4E,Fig5B,Monkey_C,MT,post,rewarded,alpha_beta,-300,0,5,30,6,9,7,10,0.484466844549156
Fig4E,Fig5B,Monkey_C,MT,post,rewarded,alpha_beta,-300,0,5,30,6,10,7,11,0.487399523946579
Fig4E,Fig5B,Monkey_C,MT,post,rewarded,alpha_beta,-300,0,5,30,6,11,7,12,0.48777950833923
Fig4E,Fig5B,Monkey_C,MT,post,rewarded,alpha_beta,-300,0,5,30,6,12,7,13,0.487395297902627
Fig4E,Fig5B,Monkey_C,MT,post,rewarded,alpha_beta,-300,0,5,30,6,13,7,14,0.48841422254283
Fig4E,Fig5B,Monkey_C,MT,post,rewarded,alpha_beta,-300,0,5,30,6,14,7,15,0.489271852275634
Fig4E,Fig5B,Monkey_C,MT,post,rewarded,alpha_beta,-300,0,5,30,6,15,7,16,0.494122492189132
Fig4E,Fig5B,Monkey_C,MT,post,rewarded,alpha_beta,-300,0,5,30,6,16,7,17,0.49638499764034
Fig4E,Fig5B,Monkey_C,MT,post,rewarded,alpha_beta,-300,0,5,30,6,17,7,18,0.497500774515269
Fig4E,Fig5B,Monkey_C,MT,post,rewarded,alpha_beta,-300,0,5,30,6,18,7,19,0.498899693994884
Fig4E,Fig5B,Monkey_C,MT,post,rewarded,alpha_beta,-300,0,5,30,6,19,7,20,0.498091427529163
Fig4E,Fig5B,Monkey_C,MT,post,rewarded,alpha_beta,-300,0,5,30,6,20,7,21,0.492557478021643
Fig4E,Fig5B,Monkey_C,MT,post,rewarded,alpha_beta,-300,0,5,30,6,21,7,22,0.487200560230618
Fig4E,Fig5B,Monkey_C,MT,post,rewarded,alpha_beta,-300,0,5,30,6,22,7,23,0.484998604284121
Fig4E,Fig5B,Monkey_C,MT,post,rewarded,alpha_beta,-300,0,5,30,6,23,7,24,0.483026222656693
Fig4E,Fig5B,Monkey_C,MT,post,rewarded,alpha_beta,-300,0,5,30,6,24,7,25,0.477403168219673
Fig4E,Fig5B,Monkey_C,MT,post,rewarded,alpha_beta,-300,0,5,30,6,25,7,26,0.470801867430901
Fig4E,Fig5B,Monkey_C,MT,post,rewarded,alpha_beta,-300,0,5,30,6,26,7,27,0.46574951882416
Fig4E,Fig5B,Monkey_C,MT,post,rewarded,alpha_beta,-300,0,5,30,6,27,7,28,0.464131505312505
Fig4E,Fig5B,Monkey_C,MT,post,rewarded,alpha_beta,-300,0,5,30,6,28,7,29,0.467860093120871
Fig4E,Fig5B,Monkey_C,MT,post,rewarded,alpha_beta,-300,0,5,30,7,4,8,5,0.477652594675409
Fig4E,Fig5B,Monkey_C,MT,post,rewarded,alpha_beta,-300,0,5,30,7,5,8,6,0.475481440457686
Fig4E,Fig5B,Monkey_C,MT,post,rewarded,alpha_beta,-300,0,5,30,7,6,8,7,0.475814391820852
Fig4E,Fig5B,Monkey_C,MT,post,rewarded,alpha_beta,-300,0,5,30,7,7,8,8,0.477862337595326
Fig4E,Fig5B,Monkey_C,MT,post,rewarded,alpha_beta,-300,0,5,30,7,8,8,9,0.484339755290114
Fig4E,Fig5B,Monkey_C,MT,post,rewarded,alpha_beta,-300,0,5,30,7,9,8,10,0.485107708769322
Fig4E,Fig5B,Monkey_C,MT,post,rewarded,alpha_beta,-300,0,5,30,7,10,8,11,0.486417339824614
Fig4E,Fig5B,Monkey_C,MT,post,rewarded,alpha_beta,-300,0,5,30,7,11,8,12,0.485687045143317
Fig4E,Fig5B,Monkey_C,MT,post,rewarded,alpha_beta,-300,0,5,30,7,12,8,13,0.486383260167092
Fig4E,Fig5B,Monkey_C,MT,post,rewarded,alpha_beta,-300,0,5,30,7,13,8,14,0.486136721547318
Fig4E,Fig5B,Monkey_C,MT,post,rewarded,alpha_beta,-300,0,5,30,7,14,8,15,0.486194252195442
Fig4E,Fig5B,Monkey_C,MT,post,rewarded,alpha_beta,-300,0,5,30,7,15,8,16,0.48606485901213
Fig4E,Fig5B,Monkey_C,MT,post,rewarded,alpha_beta,-300,0,5,30,7,16,8,17,0.484296604978283
Fig4E,Fig5B,Monkey_C,MT,post,rewarded,alpha_beta,-300,0,5,30,7,17,8,18,0.482746714893801
Fig4E,Fig5B,Monkey_C,MT,post,rewarded,alpha_beta,-300,0,5,30,7,18,8,19,0.48379433636803
Fig4E,Fig5B,Monkey_C,MT,post,rewarded,alpha_beta,-300,0,5,30,7,19,8,20,0.484390187469637
Fig4E,Fig5B,Monkey_C,MT,post,rewarded,alpha_beta,-300,0,5,30,7,20,8,21,0.486563190307425
Fig4E,Fig5B,Monkey_C,MT,post,rewarded,alpha_beta,-300,0,5,30,7,21,8,22,0.487041407343964
Fig4E,Fig5B,Monkey_C,MT,post,rewarded,alpha_beta,-300,0,5,30,7,22,8,23,0.484833078054788
Fig4E,Fig5B,Monkey_C,MT,post,rewarded,alpha_beta,-300,0,5,30,7,23,8,24,0.477159345335894
Fig4E,Fig5B,Monkey_C,MT,post,rewarded,alpha_beta,-300,0,5,30,7,24,8,25,0.467463044367086
Fig4E,Fig5B,Monkey_C,MT,post,rewarded,alpha_beta,-300,0,5,30,7,25,8,26,0.4595170292829
Fig4E,Fig5B,Monkey_C,MT,post,rewarded,alpha_beta,-300,0,5,30,7,26,8,27,0.459516763164209
Fig4E,Fig5B,Monkey_C,MT,post,rewarded,alpha_beta,-300,0,5,30,7,27,8,28,0.46625253348364
Fig4E,Fig5B,Monkey_C,MT,post,rewarded,alpha_beta,-300,0,5,30,7,28,8,29,0.474303207820677
Fig4E,Fig5B,Monkey_C,MT,post,rewarded,alpha_beta,-300,0,5,30,8,4,9,5,0.472275090749989
Fig4E,Fig5B,Monkey_C,MT,post,rewarded,alpha_beta,-300,0,5,30,8,5,9,6,0.471643017163136
Fig4E,Fig5B,Monkey_C,MT,post,rewarded,alpha_beta,-300,0,5,30,8,6,9,7,0.472036060228578
Fig4E,Fig5B,Monkey_C,MT,post,rewarded,alpha_beta,-300,0,5,30,8,7,9,8,0.473030642448639
Fig4E,Fig5B,Monkey_C,MT,post,rewarded,alpha_beta,-300,0,5,30,8,8,9,9,0.476475497420946
Fig4E,Fig5B,Monkey_C,MT,post,rewarded,alpha_beta,-300,0,5,30,8,9,9,10,0.480945280804583
Fig4E,Fig5B,Monkey_C,MT,post,rewarded,alpha_beta,-300,0,5,30,8,10,9,11,0.484966899537363
Fig4E,Fig5B,Monkey_C,MT,post,rewarded,alpha_beta,-300,0,5,30,8,11,9,12,0.486572020113965
Fig4E,Fig5B,Monkey_C,MT,post,rewarded,alpha_beta,-300,0,5,30,8,12,9,13,0.489057299845401
Fig4E,Fig5B,Monkey_C,MT,post,rewarded,alpha_beta,-300,0,5,30,8,13,9,14,0.491838701140674
Fig4E,Fig5B,Monkey_C,MT,post,rewarded,alpha_beta,-300,0,5,30,8,14,9,15,0.491818696757282
Fig4E,Fig5B,Monkey_C,MT,post,rewarded,alpha_beta,-300,0,5,30,8,15,9,16,0.489520516348264
Fig4E,Fig5B,Monkey_C,MT,post,rewarded,alpha_beta,-300,0,5,30,8,16,9,17,0.487307026740544
Fig4E,Fig5B,Monkey_C,MT,post,rewarded,alpha_beta,-300,0,5,30,8,17,9,18,0.487605639164836
Fig4E,Fig5B,Monkey_C,MT,post,rewarded,alpha_beta,-300,0,5,30,8,18,9,19,0.489808686163927
Fig4E,Fig5B,Monkey_C,MT,post,rewarded,alpha_beta,-300,0,5,30,8,19,9,20,0.491933838698245
Fig4E,Fig5B,Monkey_C,MT,post,rewarded,alpha_beta,-300,0,5,30,8,20,9,21,0.493153070763045
Fig4E,Fig5B,Monkey_C,MT,post,rewarded,alpha_beta,-300,0,5,30,8,21,9,22,0.487944935883827
Fig4E,Fig5B,Monkey_C,MT,post,rewarded,alpha_beta,-300,0,5,30,8,22,9,23,0.479125975132024
Fig4E,Fig5B,Monkey_C,MT,post,rewarded,alpha_beta,-300,0,5,30,8,23,9,24,0.467328542494156
Fig4E,Fig5B,Monkey_C,MT,post,rewarded,alpha_beta,-300,0,5,30,8,24,9,25,0.458355022973541
Fig4E,Fig5B,Monkey_C,MT,post,rewarded,alpha_beta,-300,0,5,30,8,25,9,26,0.454733586274795
Fig4E,Fig5B,Monkey_C,MT,post,rewarded,alpha_beta,-300,0,5,30,8,26,9,27,0.458460503887707
Fig4E,Fig5B,Monkey_C,MT,post,rewarded,alpha_beta,-300,0,5,30,8,27,9,28,0.468709112569527
Fig4E,Fig5B,Monkey_C,MT,post,rewarded,alpha_beta,-300,0,5,30,8,28,9,29,0.476370460601209
Fig4E,Fig5B,Monkey_C,MT,post,rewarded,alpha_beta,-300,0,5,30,9,4,10,5,0.469242077720475
Fig4E,Fig5B,Monkey_C,MT,post,rewarded,alpha_beta,-300,0,5,30,9,5,10,6,0.467538451853132
Fig4E,Fig5B,Monkey_C,MT,post,rewarded,alpha_beta,-300,0,5,30,9,6,10,7,0.46868004866998
Fig4E,Fig5B,Monkey_C,MT,post,rewarded,alpha_beta,-300,0,5,30,9,7,10,8,0.473325349602412
Fig4E,Fig5B,Monkey_C,MT,post,rewarded,alpha_beta,-300,0,5,30,9,8,10,9,0.481430985726008
Fig4E,Fig5B,Monkey_C,MT,post,rewarded,alpha_beta,-300,0,5,30,9,9,10,10,0.489670779954453
Fig4E,Fig5B,Monkey_C,MT,post,rewarded,alpha_beta,-300,0,5,30,9,10,10,11,0.494600107443436
Fig4E,Fig5B,Monkey_C,MT,post,rewarded,alpha_beta,-300,0,5,30,9,11,10,12,0.496298603161761
Fig4E,Fig5B,Monkey_C,MT,post,rewarded,alpha_beta,-300,0,5,30,9,12,10,13,0.492525681440961
Fig4E,Fig5B,Monkey_C,MT,post,rewarded,alpha_beta,-300,0,5,30,9,13,10,14,0.490989011270477
Fig4E,Fig5B,Monkey_C,MT,post,rewarded,alpha_beta,-300,0,5,30,9,14,10,15,0.489294428111718
Fig4E,Fig5B,Monkey_C,MT,post,rewarded,alpha_beta,-300,0,5,30,9,15,10,16,0.490605446899258
Fig4E,Fig5B,Monkey_C,MT,post,rewarded,alpha_beta,-300,0,5,30,9,16,10,17,0.491806553409259
Fig4E,Fig5B,Monkey_C,MT,post,rewarded,alpha_beta,-300,0,5,30,9,17,10,18,0.493329532783584
Fig4E,Fig5B,Monkey_C,MT,post,rewarded,alpha_beta,-300,0,5,30,9,18,10,19,0.495946325093881
Fig4E,Fig5B,Monkey_C,MT,post,rewarded,alpha_beta,-300,0,5,30,9,19,10,20,0.496277014320532
Fig4E,Fig5B,Monkey_C,MT,post,rewarded,alpha_beta,-300,0,5,30,9,20,10,21,0.497390951950676
Fig4E,Fig5B,Monkey_C,MT,post,rewarded,alpha_beta,-300,0,5,30,9,21,10,22,0.493021873713672
Fig4E,Fig5B,Monkey_C,MT,post,rewarded,alpha_beta,-300,0,5,30,9,22,10,23,0.483641213253819
Fig4E,Fig5B,Monkey_C,MT,post,rewarded,alpha_beta,-300,0,5,30,9,23,10,24,0.472441800080705
Fig4E,Fig5B,Monkey_C,MT,post,rewarded,alpha_beta,-300,0,5,30,9,24,10,25,0.463935638173432
Fig4E,Fig5B,Monkey_C,MT,post,rewarded,alpha_beta,-300,0,5,30,9,25,10,26,0.463308536020986
Fig4E,Fig5B,Monkey_C,MT,post,rewarded,alpha_beta,-300,0,5,30,9,26,10,27,0.468139477897472
Fig4E,Fig5B,Monkey_C,MT,post,rewarded,alpha_beta,-300,0,5,30,9,27,10,28,0.473444953813758
Fig4E,Fig5B,Monkey_C,MT,post,rewarded,alpha_beta,-300,0,5,30,9,28,10,29,0.482818766736471
Fig4E,Fig5B,Monkey_C,MT,post,rewarded,alpha_beta,-300,0,5,30,10,4,11,5,0.469622855382679
Fig4E,Fig5B,Monkey_C,MT,post,rewarded,alpha_beta,-300,0,5,30,10,5,11,6,0.471007462123608
Fig4E,Fig5B,Monkey_C,MT,post,rewarded,alpha_beta,-300,0,5,30,10,6,11,7,0.473215312655132
Fig4E,Fig5B,Monkey_C,MT,post,rewarded,alpha_beta,-300,0,5,30,10,7,11,8,0.480658903917507
Fig4E,Fig5B,Monkey_C,MT,post,rewarded,alpha_beta,-300,0,5,30,10,8,11,9,0.489227715445477
Fig4E,Fig5B,Monkey_C,MT,post,rewarded,alpha_beta,-300,0,5,30,10,9,11,10,0.497512800775464
Fig4E,Fig5B,Monkey_C,MT,post,rewarded,alpha_beta,-300,0,5,30,10,10,11,11,0.495542003654094
Fig4E,Fig5B,Monkey_C,MT,post,rewarded,alpha_beta,-300,0,5,30,10,11,11,12,0.492557223912614
Fig4E,Fig5B,Monkey_C,MT,post,rewarded,alpha_beta,-300,0,5,30,10,12,11,13,0.491485944664739
Fig4E,Fig5B,Monkey_C,MT,post,rewarded,alpha_beta,-300,0,5,30,10,13,11,14,0.490243350461409
Fig4E,Fig5B,Monkey_C,MT,post,rewarded,alpha_beta,-300,0,5,30,10,14,11,15,0.49028493838961
Fig4E,Fig5B,Monkey_C,MT,post,rewarded,alpha_beta,-300,0,5,30,10,15,11,16,0.491742455851996
Fig4E,Fig5B,Monkey_C,MT,post,rewarded,alpha_beta,-300,0,5,30,10,16,11,17,0.49413629761318
Fig4E,Fig5B,Monkey_C,MT,post,rewarded,alpha_beta,-300,0,5,30,10,17,11,18,0.494842539727285
Fig4E,Fig5B,Monkey_C,MT,post,rewarded,alpha_beta,-300,0,5,30,10,18,11,19,0.492841273573725
Fig4E,Fig5B,Monkey_C,MT,post,rewarded,alpha_beta,-300,0,5,30,10,19,11,20,0.493279906093885
Fig4E,Fig5B,Monkey_C,MT,post,rewarded,alpha_beta,-300,0,5,30,10,20,11,21,0.494998223080868
Fig4E,Fig5B,Monkey_C,MT,post,rewarded,alpha_beta,-300,0,5,30,10,21,11,22,0.498466277783285
Fig4E,Fig5B,Monkey_C,MT,post,rewarded,alpha_beta,-300,0,5,30,10,22,11,23,0.49699753687218
Fig4E,Fig5B,Monkey_C,MT,post,rewarded,alpha_beta,-300,0,5,30,10,23,11,24,0.495614323825073
Fig4E,Fig5B,Monkey_C,MT,post,rewarded,alpha_beta,-300,0,5,30,10,24,11,25,0.49199117847244
Fig4E,Fig5B,Monkey_C,MT,post,rewarded,alpha_beta,-300,0,5,30,10,25,11,26,0.489843175307969
Fig4E,Fig5B,Monkey_C,MT,post,rewarded,alpha_beta,-300,0,5,30,10,26,11,27,0.489910186643654
Fig4E,Fig5B,Monkey_C,MT,post,rewarded,alpha_beta,-300,0,5,30,10,27,11,28,0.488566710989349
Fig4E,Fig5B,Monkey_C,MT,post,rewarded,alpha_beta,-300,0,5,30,10,28,11,29,0.493129344893988
Fig4E,Fig5B,Monkey_C,MT,post,non_rewarded,alpha_beta,-300,0,5,30,0,4,1,5,0.539738068181818
Fig4E,Fig5B,Monkey_C,MT,post,non_rewarded,alpha_beta,-300,0,5,30,0,5,1,6,0.540972017045455
Fig4E,Fig5B,Monkey_C,MT,post,non_rewarded,alpha_beta,-300,0,5,30,0,6,1,7,0.533826846590909
Fig4E,Fig5B,Monkey_C,MT,post,non_rewarded,alpha_beta,-300,0,5,30,0,7,1,8,0.531955397727273
Fig4E,Fig5B,Monkey_C,MT,post,non_rewarded,alpha_beta,-300,0,5,30,0,8,1,9,0.533052130681818
Fig4E,Fig5B,Monkey_C,MT,post,non_rewarded,alpha_beta,-300,0,5,30,0,9,1,10,0.540808238636364
Fig4E,Fig5B,Monkey_C,MT,post,non_rewarded,alpha_beta,-300,0,5,30,0,10,1,11,0.541501136363636
Fig4E,Fig5B,Monkey_C,MT,post,non_rewarded,alpha_beta,-300,0,5,30,0,11,1,12,0.537291477272727
Fig4E,Fig5B,Monkey_C,MT,post,non_rewarded,alpha_beta,-300,0,5,30,0,12,1,13,0.531857528409091
Fig4E,Fig5B,Monkey_C,MT,post,non_rewarded,alpha_beta,-300,0,5,30,0,13,1,14,0.528235085227272
Fig4E,Fig5B,Monkey_C,MT,post,non_rewarded,alpha_beta,-300,0,5,30,0,14,1,15,0.532260653409091
Fig4E,Fig5B,Monkey_C,MT,post,non_rewarded,alpha_beta,-300,0,5,30,0,15,1,16,0.535781392045454
Fig4E,Fig5B,Monkey_C,MT,post,non_rewarded,alpha_beta,-300,0,5,30,0,16,1,17,0.534705681818182
Fig4E,Fig5B,Monkey_C,MT,post,non_rewarded,alpha_beta,-300,0,5,30,0,17,1,18,0.537711505681818
Fig4E,Fig5B,Monkey_C,MT,post,non_rewarded,alpha_beta,-300,0,5,30,0,18,1,19,0.538107670454545
Fig4E,Fig5B,Monkey_C,MT,post,non_rewarded,alpha_beta,-300,0,5,30,0,19,1,20,0.532222869318182
Fig4E,Fig5B,Monkey_C,MT,post,non_rewarded,alpha_beta,-300,0,5,30,0,20,1,21,0.523965056818182
Fig4E,Fig5B,Monkey_C,MT,post,non_rewarded,alpha_beta,-300,0,5,30,0,21,1,22,0.517047017045455
Fig4E,Fig5B,Monkey_C,MT,post,non_rewarded,alpha_beta,-300,0,5,30,0,22,1,23,0.512831534090909
Fig4E,Fig5B,Monkey_C,MT,post,non_rewarded,alpha_beta,-300,0,5,30,0,23,1,24,0.507092045454546
Fig4E,Fig5B,Monkey_C,MT,post,non_rewarded,alpha_beta,-300,0,5,30,0,24,1,25,0.502244744318182
Fig4E,Fig5B,Monkey_C,MT,post,non_rewarded,alpha_beta,-300,0,5,30,0,25,1,26,0.499633522727273
Fig4E,Fig5B,Monkey_C,MT,post,non_rewarded,alpha_beta,-300,0,5,30,0,26,1,27,0.502755113636364
Fig4E,Fig5B,Monkey_C,MT,post,non_rewarded,alpha_beta,-300,0,5,30,0,27,1,28,0.505065767045454
Fig4E,Fig5B,Monkey_C,MT,post,non_rewarded,alpha_beta,-300,0,5,30,0,28,1,29,0.504974431818182
Fig4E,Fig5B,Monkey_C,MT,post,non_rewarded,alpha_beta,-300,0,5,30,1,4,2,5,0.522693181818182
Fig4E,Fig5B,Monkey_C,MT,post,non_rewarded,alpha_beta,-300,0,5,30,1,5,2,6,0.527461931818182
Fig4E,Fig5B,Monkey_C,MT,post,non_rewarded,alpha_beta,-300,0,5,30,1,6,2,7,0.528638068181818
Fig4E,Fig5B,Monkey_C,MT,post,non_rewarded,alpha_beta,-300,0,5,30,1,7,2,8,0.528529971590909
Fig4E,Fig5B,Monkey_C,MT,post,non_rewarded,alpha_beta,-300,0,5,30,1,8,2,9,0.537855255681818
Fig4E,Fig5B,Monkey_C,MT,post,non_rewarded,alpha_beta,-300,0,5,30,1,9,2,10,0.556938210227273
Fig4E,Fig5B,Monkey_C,MT,post,non_rewarded,alpha_beta,-300,0,5,30,1,10,2,11,0.552172443181818
Fig4E,Fig5B,Monkey_C,MT,post,non_rewarded,alpha_beta,-300,0,5,30,1,11,2,12,0.545652556818182
Fig4E,Fig5B,Monkey_C,MT,post,non_rewarded,alpha_beta,-300,0,5,30,1,12,2,13,0.534829403409091
Fig4E,Fig5B,Monkey_C,MT,post,non_rewarded,alpha_beta,-300,0,5,30,1,13,2,14,0.533522301136364
Fig4E,Fig5B,Monkey_C,MT,post,non_rewarded,alpha_beta,-300,0,5,30,1,14,2,15,0.532961931818182
Fig4E,Fig5B,Monkey_C,MT,post,non_rewarded,alpha_beta,-300,0,5,30,1,15,2,16,0.530784517045455
Fig4E,Fig5B,Monkey_C,MT,post,non_rewarded,alpha_beta,-300,0,5,30,1,16,2,17,0.5275375
Fig4E,Fig5B,Monkey_C,MT,post,non_rewarded,alpha_beta,-300,0,5,30,1,17,2,18,0.525619034090909
Fig4E,Fig5B,Monkey_C,MT,post,non_rewarded,alpha_beta,-300,0,5,30,1,18,2,19,0.520512073863636
Fig4E,Fig5B,Monkey_C,MT,post,non_rewarded,alpha_beta,-300,0,5,30,1,19,2,20,0.516295028409091
Fig4E,Fig5B,Monkey_C,MT,post,non_rewarded,alpha_beta,-300,0,5,30,1,20,2,21,0.513746448863636
Fig4E,Fig5B,Monkey_C,MT,post,non_rewarded,alpha_beta,-300,0,5,30,1,21,2,22,0.510499857954545
Fig4E,Fig5B,Monkey_C,MT,post,non_rewarded,alpha_beta,-300,0,5,30,1,22,2,23,0.509126420454545
Fig4E,Fig5B,Monkey_C,MT,post,non_rewarded,alpha_beta,-300,0,5,30,1,23,2,24,0.501788920454545
Fig4E,Fig5B,Monkey_C,MT,post,non_rewarded,alpha_beta,-300,0,5,30,1,24,2,25,0.498467755681818
Fig4E,Fig5B,Monkey_C,MT,post,non_rewarded,alpha_beta,-300,0,5,30,1,25,2,26,0.4985546875
Fig4E,Fig5B,Monkey_C,MT,post,non_rewarded,alpha_beta,-300,0,5,30,1,26,2,27,0.502136221590909
Fig4E,Fig5B,Monkey_C,MT,post,non_rewarded,alpha_beta,-300,0,5,30,1,27,2,28,0.497635795454545
Fig4E,Fig5B,Monkey_C,MT,post,non_rewarded,alpha_beta,-300,0,5,30,1,28,2,29,0.493389772727273
Fig4E,Fig5B,Monkey_C,MT,post,non_rewarded,alpha_beta,-300,0,5,30,2,4,3,5,0.514975852272727
Fig4E,Fig5B,Monkey_C,MT,post,non_rewarded,alpha_beta,-300,0,5,30,2,5,3,6,0.514831676136363
Fig4E,Fig5B,Monkey_C,MT,post,non_rewarded,alpha_beta,-300,0,5,30,2,6,3,7,0.514420170454545
Fig4E,Fig5B,Monkey_C,MT,post,non_rewarded,alpha_beta,-300,0,5,30,2,7,3,8,0.516322301136364
Fig4E,Fig5B,Monkey_C,MT,post,non_rewarded,alpha_beta,-300,0,5,30,2,8,3,9,0.527138352272727
Fig4E,Fig5B,Monkey_C,MT,post,non_rewarded,alpha_beta,-300,0,5,30,2,9,3,10,0.543611505681818
Fig4E,Fig5B,Monkey_C,MT,post,non_rewarded,alpha_beta,-300,0,5,30,2,10,3,11,0.542172017045455
Fig4E,Fig5B,Monkey_C,MT,post,non_rewarded,alpha_beta,-300,0,5,30,2,11,3,12,0.538003409090909
Fig4E,Fig5B,Monkey_C,MT,post,non_rewarded,alpha_beta,-300,0,5,30,2,12,3,13,0.532332386363636
Fig4E,Fig5B,Monkey_C,MT,post,non_rewarded,alpha_beta,-300,0,5,30,2,13,3,14,0.529413636363636
Fig4E,Fig5B,Monkey_C,MT,post,non_rewarded,alpha_beta,-300,0,5,30,2,14,3,15,0.529483948863636
Fig4E,Fig5B,Monkey_C,MT,post,non_rewarded,alpha_beta,-300,0,5,30,2,15,3,16,0.52563125
Fig4E,Fig5B,Monkey_C,MT,post,non_rewarded,alpha_beta,-300,0,5,30,2,16,3,17,0.524346448863636
Fig4E,Fig5B,Monkey_C,MT,post,non_rewarded,alpha_beta,-300,0,5,30,2,17,3,18,0.523564772727273
Fig4E,Fig5B,Monkey_C,MT,post,non_rewarded,alpha_beta,-300,0,5,30,2,18,3,19,0.517808522727273
Fig4E,Fig5B,Monkey_C,MT,post,non_rewarded,alpha_beta,-300,0,5,30,2,19,3,20,0.513549857954545
Fig4E,Fig5B,Monkey_C,MT,post,non_rewarded,alpha_beta,-300,0,5,30,2,20,3,21,0.511608522727273
Fig4E,Fig5B,Monkey_C,MT,post,non_rewarded,alpha_beta,-300,0,5,30,2,21,3,22,0.50734375
Fig4E,Fig5B,Monkey_C,MT,post,non_rewarded,alpha_beta,-300,0,5,30,2,22,3,23,0.504778125
Fig4E,Fig5B,Monkey_C,MT,post,non_rewarded,alpha_beta,-300,0,5,30,2,23,3,24,0.506987642045454
Fig4E,Fig5B,Monkey_C,MT,post,non_rewarded,alpha_beta,-300,0,5,30,2,24,3,25,0.510291335227273
Fig4E,Fig5B,Monkey_C,MT,post,non_rewarded,alpha_beta,-300,0,5,30,2,25,3,26,0.509991335227273
Fig4E,Fig5B,Monkey_C,MT,post,non_rewarded,alpha_beta,-300,0,5,30,2,26,3,27,0.499647869318182
Fig4E,Fig5B,Monkey_C,MT,post,non_rewarded,alpha_beta,-300,0,5,30,2,27,3,28,0.489021448863636
Fig4E,Fig5B,Monkey_C,MT,post,non_rewarded,alpha_beta,-300,0,5,30,2,28,3,29,0.482726420454545
Fig4E,Fig5B,Monkey_C,MT,post,non_rewarded,alpha_beta,-300,0,5,30,3,4,4,5,0.505893892045455
Fig4E,Fig5B,Monkey_C,MT,post,non_rewarded,alpha_beta,-300,0,5,30,3,5,4,6,0.504365198863637
Fig4E,Fig5B,Monkey_C,MT,post,non_rewarded,alpha_beta,-300,0,5,30,3,6,4,7,0.50290625
Fig4E,Fig5B,Monkey_C,MT,post,non_rewarded,alpha_beta,-300,0,5,30,3,7,4,8,0.501283096590909
Fig4E,Fig5B,Monkey_C,MT,post,non_rewarded,alpha_beta,-300,0,5,30,3,8,4,9,0.514705113636364
Fig4E,Fig5B,Monkey_C,MT,post,non_rewarded,alpha_beta,-300,0,5,30,3,9,4,10,0.536740198863636
Fig4E,Fig5B,Monkey_C,MT,post,non_rewarded,alpha_beta,-300,0,5,30,3,10,4,11,0.536836505681818
Fig4E,Fig5B,Monkey_C,MT,post,non_rewarded,alpha_beta,-300,0,5,30,3,11,4,12,0.535985369318182
Fig4E,Fig5B,Monkey_C,MT,post,non_rewarded,alpha_beta,-300,0,5,30,3,12,4,13,0.529591761363636
Fig4E,Fig5B,Monkey_C,MT,post,non_rewarded,alpha_beta,-300,0,5,30,3,13,4,14,0.527405539772727
Fig4E,Fig5B,Monkey_C,MT,post,non_rewarded,alpha_beta,-300,0,5,30,3,14,4,15,0.532118607954545
Fig4E,Fig5B,Monkey_C,MT,post,non_rewarded,alpha_beta,-300,0,5,30,3,15,4,16,0.5358515625
Fig4E,Fig5B,Monkey_C,MT,post,non_rewarded,alpha_beta,-300,0,5,30,3,16,4,17,0.530396590909091
Fig4E,Fig5B,Monkey_C,MT,post,non_rewarded,alpha_beta,-300,0,5,30,3,17,4,18,0.522793465909091
Fig4E,Fig5B,Monkey_C,MT,post,non_rewarded,alpha_beta,-300,0,5,30,3,18,4,19,0.520298295454546
Fig4E,Fig5B,Monkey_C,MT,post,non_rewarded,alpha_beta,-300,0,5,30,3,19,4,20,0.518587642045454
Fig4E,Fig5B,Monkey_C,MT,post,non_rewarded,alpha_beta,-300,0,5,30,3,20,4,21,0.514854829545455
Fig4E,Fig5B,Monkey_C,MT,post,non_rewarded,alpha_beta,-300,0,5,30,3,21,4,22,0.513377556818182
Fig4E,Fig5B,Monkey_C,MT,post,non_rewarded,alpha_beta,-300,0,5,30,3,22,4,23,0.506424857954545
Fig4E,Fig5B,Monkey_C,MT,post,non_rewarded,alpha_beta,-300,0,5,30,3,23,4,24,0.509930113636364
Fig4E,Fig5B,Monkey_C,MT,post,non_rewarded,alpha_beta,-300,0,5,30,3,24,4,25,0.513415482954546
Fig4E,Fig5B,Monkey_C,MT,post,non_rewarded,alpha_beta,-300,0,5,30,3,25,4,26,0.510847443181818
Fig4E,Fig5B,Monkey_C,MT,post,non_rewarded,alpha_beta,-300,0,5,30,3,26,4,27,0.500486363636364
Fig4E,Fig5B,Monkey_C,MT,post,non_rewarded,alpha_beta,-300,0,5,30,3,27,4,28,0.493473863636364
Fig4E,Fig5B,Monkey_C,MT,post,non_rewarded,alpha_beta,-300,0,5,30,3,28,4,29,0.487654403409091
Fig4E,Fig5B,Monkey_C,MT,post,non_rewarded,alpha_beta,-300,0,5,30,4,4,5,5,0.511361221590909
Fig4E,Fig5B,Monkey_C,MT,post,non_rewarded,alpha_beta,-300,0,5,30,4,5,5,6,0.507419034090909
Fig4E,Fig5B,Monkey_C,MT,post,non_rewarded,alpha_beta,-300,0,5,30,4,6,5,7,0.507208948863636
Fig4E,Fig5B,Monkey_C,MT,post,non_rewarded,alpha_beta,-300,0,5,30,4,7,5,8,0.508528977272727
Fig4E,Fig5B,Monkey_C,MT,post,non_rewarded,alpha_beta,-300,0,5,30,4,8,5,9,0.518160511363637
Fig4E,Fig5B,Monkey_C,MT,post,non_rewarded,alpha_beta,-300,0,5,30,4,9,5,10,0.534907954545455
Fig4E,Fig5B,Monkey_C,MT,post,non_rewarded,alpha_beta,-300,0,5,30,4,10,5,11,0.537753125
Fig4E,Fig5B,Monkey_C,MT,post,non_rewarded,alpha_beta,-300,0,5,30,4,11,5,12,0.535811363636363
Fig4E,Fig5B,Monkey_C,MT,post,non_rewarded,alpha_beta,-300,0,5,30,4,12,5,13,0.533373011363636
Fig4E,Fig5B,Monkey_C,MT,post,non_rewarded,alpha_beta,-300,0,5,30,4,13,5,14,0.531018892045454
Fig4E,Fig5B,Monkey_C,MT,post,non_rewarded,alpha_beta,-300,0,5,30,4,14,5,15,0.531340340909091
Fig4E,Fig5B,Monkey_C,MT,post,non_rewarded,alpha_beta,-300,0,5,30,4,15,5,16,0.53041875
Fig4E,Fig5B,Monkey_C,MT,post,non_rewarded,alpha_beta,-300,0,5,30,4,16,5,17,0.530058664772727
Fig4E,Fig5B,Monkey_C,MT,post,non_rewarded,alpha_beta,-300,0,5,30,4,17,5,18,0.529932102272727
Fig4E,Fig5B,Monkey_C,MT,post,non_rewarded,alpha_beta,-300,0,5,30,4,18,5,19,0.528424573863636
Fig4E,Fig5B,Monkey_C,MT,post,non_rewarded,alpha_beta,-300,0,5,30,4,19,5,20,0.527324005681818
Fig4E,Fig5B,Monkey_C,MT,post,non_rewarded,alpha_beta,-300,0,5,30,4,20,5,21,0.519603551136364
Fig4E,Fig5B,Monkey_C,MT,post,non_rewarded,alpha_beta,-300,0,5,30,4,21,5,22,0.518052130681818
Fig4E,Fig5B,Monkey_C,MT,post,non_rewarded,alpha_beta,-300,0,5,30,4,22,5,23,0.513588920454545
Fig4E,Fig5B,Monkey_C,MT,post,non_rewarded,alpha_beta,-300,0,5,30,4,23,5,24,0.505209801136364
Fig4E,Fig5B,Monkey_C,MT,post,non_rewarded,alpha_beta,-300,0,5,30,4,24,5,25,0.499829971590909
Fig4E,Fig5B,Monkey_C,MT,post,non_rewarded,alpha_beta,-300,0,5,30,4,25,5,26,0.503897159090909
Fig4E,Fig5B,Monkey_C,MT,post,non_rewarded,alpha_beta,-300,0,5,30,4,26,5,27,0.503453267045454
Fig4E,Fig5B,Monkey_C,MT,post,non_rewarded,alpha_beta,-300,0,5,30,4,27,5,28,0.497282386363636
Fig4E,Fig5B,Monkey_C,MT,post,non_rewarded,alpha_beta,-300,0,5,30,4,28,5,29,0.491267329545455
Fig4E,Fig5B,Monkey_C,MT,post,non_rewarded,alpha_beta,-300,0,5,30,5,4,6,5,0.511797869318182
Fig4E,Fig5B,Monkey_C,MT,post,non_rewarded,alpha_beta,-300,0,5,30,5,5,6,6,0.511775710227273
Fig4E,Fig5B,Monkey_C,MT,post,non_rewarded,alpha_beta,-300,0,5,30,5,6,6,7,0.509414488636364
Fig4E,Fig5B,Monkey_C,MT,post,non_rewarded,alpha_beta,-300,0,5,30,5,7,6,8,0.512405539772727
Fig4E,Fig5B,Monkey_C,MT,post,non_rewarded,alpha_beta,-300,0,5,30,5,8,6,9,0.520813352272727
Fig4E,Fig5B,Monkey_C,MT,post,non_rewarded,alpha_beta,-300,0,5,30,5,9,6,10,0.532863352272727
Fig4E,Fig5B,Monkey_C,MT,post,non_rewarded,alpha_beta,-300,0,5,30,5,10,6,11,0.536347585227273
Fig4E,Fig5B,Monkey_C,MT,post,non_rewarded,alpha_beta,-300,0,5,30,5,11,6,12,0.544417471590909
Fig4E,Fig5B,Monkey_C,MT,post,non_rewarded,alpha_beta,-300,0,5,30,5,12,6,13,0.546316335227273
Fig4E,Fig5B,Monkey_C,MT,post,non_rewarded,alpha_beta,-300,0,5,30,5,13,6,14,0.546139914772727
Fig4E,Fig5B,Monkey_C,MT,post,non_rewarded,alpha_beta,-300,0,5,30,5,14,6,15,0.544004261363636
Fig4E,Fig5B,Monkey_C,MT,post,non_rewarded,alpha_beta,-300,0,5,30,5,15,6,16,0.542240340909091
Fig4E,Fig5B,Monkey_C,MT,post,non_rewarded,alpha_beta,-300,0,5,30,5,16,6,17,0.541166335227273
Fig4E,Fig5B,Monkey_C,MT,post,non_rewarded,alpha_beta,-300,0,5,30,5,17,6,18,0.541692471590909
Fig4E,Fig5B,Monkey_C,MT,post,non_rewarded,alpha_beta,-300,0,5,30,5,18,6,19,0.543669744318182
Fig4E,Fig5B,Monkey_C,MT,post,non_rewarded,alpha_beta,-300,0,5,30,5,19,6,20,0.543114346590909
Fig4E,Fig5B,Monkey_C,MT,post,non_rewarded,alpha_beta,-300,0,5,30,5,20,6,21,0.538449431818182
Fig4E,Fig5B,Monkey_C,MT,post,non_rewarded,alpha_beta,-300,0,5,30,5,21,6,22,0.526340909090909
Fig4E,Fig5B,Monkey_C,MT,post,non_rewarded,alpha_beta,-300,0,5,30,5,22,6,23,0.5183890625
Fig4E,Fig5B,Monkey_C,MT,post,non_rewarded,alpha_beta,-300,0,5,30,5,23,6,24,0.513649857954546
Fig4E,Fig5B,Monkey_C,MT,post,non_rewarded,alpha_beta,-300,0,5,30,5,24,6,25,0.511819318181818
Fig4E,Fig5B,Monkey_C,MT,post,non_rewarded,alpha_beta,-300,0,5,30,5,25,6,26,0.513905823863636
Fig4E,Fig5B,Monkey_C,MT,post,non_rewarded,alpha_beta,-300,0,5,30,5,26,6,27,0.513291477272727
Fig4E,Fig5B,Monkey_C,MT,post,non_rewarded,alpha_beta,-300,0,5,30,5,27,6,28,0.514722159090909
Fig4E,Fig5B,Monkey_C,MT,post,non_rewarded,alpha_beta,-300,0,5,30,5,28,6,29,0.514797017045455
Fig4E,Fig5B,Monkey_C,MT,post,non_rewarded,alpha_beta,-300,0,5,30,6,4,7,5,0.510611505681818
Fig4E,Fig5B,Monkey_C,MT,post,non_rewarded,alpha_beta,-300,0,5,30,6,5,7,6,0.514691619318182
Fig4E,Fig5B,Monkey_C,MT,post,non_rewarded,alpha_beta,-300,0,5,30,6,6,7,7,0.518114488636364
Fig4E,Fig5B,Monkey_C,MT,post,non_rewarded,alpha_beta,-300,0,5,30,6,7,7,8,0.520343892045455
Fig4E,Fig5B,Monkey_C,MT,post,non_rewarded,alpha_beta,-300,0,5,30,6,8,7,9,0.5254265625
Fig4E,Fig5B,Monkey_C,MT,post,non_rewarded,alpha_beta,-300,0,5,30,6,9,7,10,0.537628267045455
Fig4E,Fig5B,Monkey_C,MT,post,non_rewarded,alpha_beta,-300,0,5,30,6,10,7,11,0.543139914772727
Fig4E,Fig5B,Monkey_C,MT,post,non_rewarded,alpha_beta,-300,0,5,30,6,11,7,12,0.548040767045455
Fig4E,Fig5B,Monkey_C,MT,post,non_rewarded,alpha_beta,-300,0,5,30,6,12,7,13,0.553614204545454
Fig4E,Fig5B,Monkey_C,MT,post,non_rewarded,alpha_beta,-300,0,5,30,6,13,7,14,0.555679971590909
Fig4E,Fig5B,Monkey_C,MT,post,non_rewarded,alpha_beta,-300,0,5,30,6,14,7,15,0.553559232954545
Fig4E,Fig5B,Monkey_C,MT,post,non_rewarded,alpha_beta,-300,0,5,30,6,15,7,16,0.556451278409091
Fig4E,Fig5B,Monkey_C,MT,post,non_rewarded,alpha_beta,-300,0,5,30,6,16,7,17,0.557494176136364
Fig4E,Fig5B,Monkey_C,MT,post,non_rewarded,alpha_beta,-300,0,5,30,6,17,7,18,0.559844886363636
Fig4E,Fig5B,Monkey_C,MT,post,non_rewarded,alpha_beta,-300,0,5,30,6,18,7,19,0.561765625
Fig4E,Fig5B,Monkey_C,MT,post,non_rewarded,alpha_beta,-300,0,5,30,6,19,7,20,0.560657528409091
Fig4E,Fig5B,Monkey_C,MT,post,non_rewarded,alpha_beta,-300,0,5,30,6,20,7,21,0.552550710227273
Fig4E,Fig5B,Monkey_C,MT,post,non_rewarded,alpha_beta,-300,0,5,30,6,21,7,22,0.544168039772727
Fig4E,Fig5B,Monkey_C,MT,post,non_rewarded,alpha_beta,-300,0,5,30,6,22,7,23,0.53756875
Fig4E,Fig5B,Monkey_C,MT,post,non_rewarded,alpha_beta,-300,0,5,30,6,23,7,24,0.535317329545455
Fig4E,Fig5B,Monkey_C,MT,post,non_rewarded,alpha_beta,-300,0,5,30,6,24,7,25,0.534320880681818
Fig4E,Fig5B,Monkey_C,MT,post,non_rewarded,alpha_beta,-300,0,5,30,6,25,7,26,0.523375426136364
Fig4E,Fig5B,Monkey_C,MT,post,non_rewarded,alpha_beta,-300,0,5,30,6,26,7,27,0.513320596590909
Fig4E,Fig5B,Monkey_C,MT,post,non_rewarded,alpha_beta,-300,0,5,30,6,27,7,28,0.504952556818182
Fig4E,Fig5B,Monkey_C,MT,post,non_rewarded,alpha_beta,-300,0,5,30,6,28,7,29,0.504702556818182
Fig4E,Fig5B,Monkey_C,MT,post,non_rewarded,alpha_beta,-300,0,5,30,7,4,8,5,0.49870625
Fig4E,Fig5B,Monkey_C,MT,post,non_rewarded,alpha_beta,-300,0,5,30,7,5,8,6,0.507487784090909
Fig4E,Fig5B,Monkey_C,MT,post,non_rewarded,alpha_beta,-300,0,5,30,7,6,8,7,0.516143465909091
Fig4E,Fig5B,Monkey_C,MT,post,non_rewarded,alpha_beta,-300,0,5,30,7,7,8,8,0.521722585227273
Fig4E,Fig5B,Monkey_C,MT,post,non_rewarded,alpha_beta,-300,0,5,30,7,8,8,9,0.531542755681818
Fig4E,Fig5B,Monkey_C,MT,post,non_rewarded,alpha_beta,-300,0,5,30,7,9,8,10,0.544197159090909
Fig4E,Fig5B,Monkey_C,MT,post,non_rewarded,alpha_beta,-300,0,5,30,7,10,8,11,0.545326278409091
Fig4E,Fig5B,Monkey_C,MT,post,non_rewarded,alpha_beta,-300,0,5,30,7,11,8,12,0.546383522727273
Fig4E,Fig5B,Monkey_C,MT,post,non_rewarded,alpha_beta,-300,0,5,30,7,12,8,13,0.550330113636364
Fig4E,Fig5B,Monkey_C,MT,post,non_rewarded,alpha_beta,-300,0,5,30,7,13,8,14,0.554085085227273
Fig4E,Fig5B,Monkey_C,MT,post,non_rewarded,alpha_beta,-300,0,5,30,7,14,8,15,0.557839488636364
Fig4E,Fig5B,Monkey_C,MT,post,non_rewarded,alpha_beta,-300,0,5,30,7,15,8,16,0.557296590909091
Fig4E,Fig5B,Monkey_C,MT,post,non_rewarded,alpha_beta,-300,0,5,30,7,16,8,17,0.560876136363636
Fig4E,Fig5B,Monkey_C,MT,post,non_rewarded,alpha_beta,-300,0,5,30,7,17,8,18,0.563293607954546
Fig4E,Fig5B,Monkey_C,MT,post,non_rewarded,alpha_beta,-300,0,5,30,7,18,8,19,0.563371732954545
Fig4E,Fig5B,Monkey_C,MT,post,non_rewarded,alpha_beta,-300,0,5,30,7,19,8,20,0.556391619318182
Fig4E,Fig5B,Monkey_C,MT,post,non_rewarded,alpha_beta,-300,0,5,30,7,20,8,21,0.552385369318182
Fig4E,Fig5B,Monkey_C,MT,post,non_rewarded,alpha_beta,-300,0,5,30,7,21,8,22,0.545720880681818
Fig4E,Fig5B,Monkey_C,MT,post,non_rewarded,alpha_beta,-300,0,5,30,7,22,8,23,0.545666619318182
Fig4E,Fig5B,Monkey_C,MT,post,non_rewarded,alpha_beta,-300,0,5,30,7,23,8,24,0.546853693181818
Fig4E,Fig5B,Monkey_C,MT,post,non_rewarded,alpha_beta,-300,0,5,30,7,24,8,25,0.534458522727273
Fig4E,Fig5B,Monkey_C,MT,post,non_rewarded,alpha_beta,-300,0,5,30,7,25,8,26,0.519029971590909
Fig4E,Fig5B,Monkey_C,MT,post,non_rewarded,alpha_beta,-300,0,5,30,7,26,8,27,0.507206107954545
Fig4E,Fig5B,Monkey_C,MT,post,non_rewarded,alpha_beta,-300,0,5,30,7,27,8,28,0.498118465909091
Fig4E,Fig5B,Monkey_C,MT,post,non_rewarded,alpha_beta,-300,0,5,30,7,28,8,29,0.495059232954545
Fig4E,Fig5B,Monkey_C,MT,post,non_rewarded,alpha_beta,-300,0,5,30,8,4,9,5,0.494691903409091
Fig4E,Fig5B,Monkey_C,MT,post,non_rewarded,alpha_beta,-300,0,5,30,8,5,9,6,0.493459232954545
Fig4E,Fig5B,Monkey_C,MT,post,non_rewarded,alpha_beta,-300,0,5,30,8,6,9,7,0.497613068181818
Fig4E,Fig5B,Monkey_C,MT,post,non_rewarded,alpha_beta,-300,0,5,30,8,7,9,8,0.505871164772727
Fig4E,Fig5B,Monkey_C,MT,post,non_rewarded,alpha_beta,-300,0,5,30,8,8,9,9,0.519994744318182
Fig4E,Fig5B,Monkey_C,MT,post,non_rewarded,alpha_beta,-300,0,5,30,8,9,9,10,0.536121448863636
Fig4E,Fig5B,Monkey_C,MT,post,non_rewarded,alpha_beta,-300,0,5,30,8,10,9,11,0.545088068181818
Fig4E,Fig5B,Monkey_C,MT,post,non_rewarded,alpha_beta,-300,0,5,30,8,11,9,12,0.551988352272727
Fig4E,Fig5B,Monkey_C,MT,post,non_rewarded,alpha_beta,-300,0,5,30,8,12,9,13,0.553521590909091
Fig4E,Fig5B,Monkey_C,MT,post,non_rewarded,alpha_beta,-300,0,5,30,8,13,9,14,0.555272159090909
Fig4E,Fig5B,Monkey_C,MT,post,non_rewarded,alpha_beta,-300,0,5,30,8,14,9,15,0.554890909090909
Fig4E,Fig5B,Monkey_C,MT,post,non_rewarded,alpha_beta,-300,0,5,30,8,15,9,16,0.556464772727273
Fig4E,Fig5B,Monkey_C,MT,post,non_rewarded,alpha_beta,-300,0,5,30,8,16,9,17,0.565154545454546
Fig4E,Fig5B,Monkey_C,MT,post,non_rewarded,alpha_beta,-300,0,5,30,8,17,9,18,0.567500710227273
Fig4E,Fig5B,Monkey_C,MT,post,non_rewarded,alpha_beta,-300,0,5,30,8,18,9,19,0.575349715909091
Fig4E,Fig5B,Monkey_C,MT,post,non_rewarded,alpha_beta,-300,0,5,30,8,19,9,20,0.579533096590909
Fig4E,Fig5B,Monkey_C,MT,post,non_rewarded,alpha_beta,-300,0,5,30,8,20,9,21,0.579258522727273
Fig4E,Fig5B,Monkey_C,MT,post,non_rewarded,alpha_beta,-300,0,5,30,8,21,9,22,0.571615198863636
Fig4E,Fig5B,Monkey_C,MT,post,non_rewarded,alpha_beta,-300,0,5,30,8,22,9,23,0.555749715909091
Fig4E,Fig5B,Monkey_C,MT,post,non_rewarded,alpha_beta,-300,0,5,30,8,23,9,24,0.541353551136364
Fig4E,Fig5B,Monkey_C,MT,post,non_rewarded,alpha_beta,-300,0,5,30,8,24,9,25,0.528427698863636
Fig4E,Fig5B,Monkey_C,MT,post,non_rewarded,alpha_beta,-300,0,5,30,8,25,9,26,0.520664346590909
Fig4E,Fig5B,Monkey_C,MT,post,non_rewarded,alpha_beta,-300,0,5,30,8,26,9,27,0.528884659090909
Fig4E,Fig5B,Monkey_C,MT,post,non_rewarded,alpha_beta,-300,0,5,30,8,27,9,28,0.531118039772727
Fig4E,Fig5B,Monkey_C,MT,post,non_rewarded,alpha_beta,-300,0,5,30,8,28,9,29,0.521269886363636
Fig4E,Fig5B,Monkey_C,MT,post,non_rewarded,alpha_beta,-300,0,5,30,9,4,10,5,0.502666761363636
Fig4E,Fig5B,Monkey_C,MT,post,non_rewarded,alpha_beta,-300,0,5,30,9,5,10,6,0.497939488636364
Fig4E,Fig5B,Monkey_C,MT,post,non_rewarded,alpha_beta,-300,0,5,30,9,6,10,7,0.495807386363636
Fig4E,Fig5B,Monkey_C,MT,post,non_rewarded,alpha_beta,-300,0,5,30,9,7,10,8,0.510853409090909
Fig4E,Fig5B,Monkey_C,MT,post,non_rewarded,alpha_beta,-300,0,5,30,9,8,10,9,0.535419176136364
Fig4E,Fig5B,Monkey_C,MT,post,non_rewarded,alpha_beta,-300,0,5,30,9,9,10,10,0.551850426136364
Fig4E,Fig5B,Monkey_C,MT,post,non_rewarded,alpha_beta,-300,0,5,30,9,10,10,11,0.559773011363636
Fig4E,Fig5B,Monkey_C,MT,post,non_rewarded,alpha_beta,-300,0,5,30,9,11,10,12,0.564497869318182
Fig4E,Fig5B,Monkey_C,MT,post,non_rewarded,alpha_beta,-300,0,5,30,9,12,10,13,0.568338352272727
Fig4E,Fig5B,Monkey_C,MT,post,non_rewarded,alpha_beta,-300,0,5,30,9,13,10,14,0.562366903409091
Fig4E,Fig5B,Monkey_C,MT,post,non_rewarded,alpha_beta,-300,0,5,30,9,14,10,15,0.558211505681818
Fig4E,Fig5B,Monkey_C,MT,post,non_rewarded,alpha_beta,-300,0,5,30,9,15,10,16,0.562790198863636
Fig4E,Fig5B,Monkey_C,MT,post,non_rewarded,alpha_beta,-300,0,5,30,9,16,10,17,0.570054261363636
Fig4E,Fig5B,Monkey_C,MT,post,non_rewarded,alpha_beta,-300,0,5,30,9,17,10,18,0.577701988636364
Fig4E,Fig5B,Monkey_C,MT,post,non_rewarded,alpha_beta,-300,0,5,30,9,18,10,19,0.585238210227273
Fig4E,Fig5B,Monkey_C,MT,post,non_rewarded,alpha_beta,-300,0,5,30,9,19,10,20,0.589620880681818
Fig4E,Fig5B,Monkey_C,MT,post,non_rewarded,alpha_beta,-300,0,5,30,9,20,10,21,0.591521306818182
Fig4E,Fig5B,Monkey_C,MT,post,non_rewarded,alpha_beta,-300,0,5,30,9,21,10,22,0.585744744318182
Fig4E,Fig5B,Monkey_C,MT,post,non_rewarded,alpha_beta,-300,0,5,30,9,22,10,23,0.575082244318182
Fig4E,Fig5B,Monkey_C,MT,post,non_rewarded,alpha_beta,-300,0,5,30,9,23,10,24,0.558813920454545
Fig4E,Fig5B,Monkey_C,MT,post,non_rewarded,alpha_beta,-300,0,5,30,9,24,10,25,0.5489921875
Fig4E,Fig5B,Monkey_C,MT,post,non_rewarded,alpha_beta,-300,0,5,30,9,25,10,26,0.545011789772727
Fig4E,Fig5B,Monkey_C,MT,post,non_rewarded,alpha_beta,-300,0,5,30,9,26,10,27,0.544632244318182
Fig4E,Fig5B,Monkey_C,MT,post,non_rewarded,alpha_beta,-300,0,5,30,9,27,10,28,0.535702982954545
Fig4E,Fig5B,Monkey_C,MT,post,non_rewarded,alpha_beta,-300,0,5,30,9,28,10,29,0.527002556818182
Fig4E,Fig5B,Monkey_C,MT,post,non_rewarded,alpha_beta,-300,0,5,30,10,4,11,5,0.517018181818182
Fig4E,Fig5B,Monkey_C,MT,post,non_rewarded,alpha_beta,-300,0,5,30,10,5,11,6,0.5214734375
Fig4E,Fig5B,Monkey_C,MT,post,non_rewarded,alpha_beta,-300,0,5,30,10,6,11,7,0.5255
Fig4E,Fig5B,Monkey_C,MT,post,non_rewarded,alpha_beta,-300,0,5,30,10,7,11,8,0.535212357954545
Fig4E,Fig5B,Monkey_C,MT,post,non_rewarded,alpha_beta,-300,0,5,30,10,8,11,9,0.552099289772727
Fig4E,Fig5B,Monkey_C,MT,post,non_rewarded,alpha_beta,-300,0,5,30,10,9,11,10,0.562858238636364
Fig4E,Fig5B,Monkey_C,MT,post,non_rewarded,alpha_beta,-300,0,5,30,10,10,11,11,0.564869034090909
Fig4E,Fig5B,Monkey_C,MT,post,non_rewarded,alpha_beta,-300,0,5,30,10,11,11,12,0.565258096590909
Fig4E,Fig5B,Monkey_C,MT,post,non_rewarded,alpha_beta,-300,0,5,30,10,12,11,13,0.563549431818182
Fig4E,Fig5B,Monkey_C,MT,post,non_rewarded,alpha_beta,-300,0,5,30,10,13,11,14,0.564696590909091
Fig4E,Fig5B,Monkey_C,MT,post,non_rewarded,alpha_beta,-300,0,5,30,10,14,11,15,0.565415767045455
Fig4E,Fig5B,Monkey_C,MT,post,non_rewarded,alpha_beta,-300,0,5,30,10,15,11,16,0.573606960227273
Fig4E,Fig5B,Monkey_C,MT,post,non_rewarded,alpha_beta,-300,0,5,30,10,16,11,17,0.580565482954545
Fig4E,Fig5B,Monkey_C,MT,post,non_rewarded,alpha_beta,-300,0,5,30,10,17,11,18,0.589498011363637
Fig4E,Fig5B,Monkey_C,MT,post,non_rewarded,alpha_beta,-300,0,5,30,10,18,11,19,0.590416477272727
Fig4E,Fig5B,Monkey_C,MT,post,non_rewarded,alpha_beta,-300,0,5,30,10,19,11,20,0.583600284090909
Fig4E,Fig5B,Monkey_C,MT,post,non_rewarded,alpha_beta,-300,0,5,30,10,20,11,21,0.5778984375
Fig4E,Fig5B,Monkey_C,MT,post,non_rewarded,alpha_beta,-300,0,5,30,10,21,11,22,0.573360227272727
Fig4E,Fig5B,Monkey_C,MT,post,non_rewarded,alpha_beta,-300,0,5,30,10,22,11,23,0.566747869318182
Fig4E,Fig5B,Monkey_C,MT,post,non_rewarded,alpha_beta,-300,0,5,30,10,23,11,24,0.556379545454545
Fig4E,Fig5B,Monkey_C,MT,post,non_rewarded,alpha_beta,-300,0,5,30,10,24,11,25,0.546638210227273
Fig4E,Fig5B,Monkey_C,MT,post,non_rewarded,alpha_beta,-300,0,5,30,10,25,11,26,0.537886079545455
Fig4E,Fig5B,Monkey_C,MT,post,non_rewarded,alpha_beta,-300,0,5,30,10,26,11,27,0.531085511363636
Fig4E,Fig5B,Monkey_C,MT,post,non_rewarded,alpha_beta,-300,0,5,30,10,27,11,28,0.523078977272727
Fig4E,Fig5B,Monkey_C,MT,post,non_rewarded,alpha_beta,-300,0,5,30,10,28,11,29,0.5249109375
Fig4F,Fig5C,Monkey_L,V4,pre,rewarded,alpha_beta,-300,0,5,30,0,4,1,5,0.466941881327694
Fig4F,Fig5C,Monkey_L,V4,pre,rewarded,alpha_beta,-300,0,5,30,0,5,1,6,0.475369503347292
Fig4F,Fig5C,Monkey_L,V4,pre,rewarded,alpha_beta,-300,0,5,30,0,6,1,7,0.481802091493853
Fig4F,Fig5C,Monkey_L,V4,pre,rewarded,alpha_beta,-300,0,5,30,0,7,1,8,0.48978619387401
Fig4F,Fig5C,Monkey_L,V4,pre,rewarded,alpha_beta,-300,0,5,30,0,8,1,9,0.491208891838003
Fig4F,Fig5C,Monkey_L,V4,pre,rewarded,alpha_beta,-300,0,5,30,0,9,1,10,0.476678227464726
Fig4F,Fig5C,Monkey_L,V4,pre,rewarded,alpha_beta,-300,0,5,30,0,10,1,11,0.463260598540718
Fig4F,Fig5C,Monkey_L,V4,pre,rewarded,alpha_beta,-300,0,5,30,0,11,1,12,0.467244680679548
Fig4F,Fig5C,Monkey_L,V4,pre,rewarded,alpha_beta,-300,0,5,30,0,12,1,13,0.474984553396912
Fig4F,Fig5C,Monkey_L,V4,pre,rewarded,alpha_beta,-300,0,5,30,0,13,1,14,0.485061494148786
Fig4F,Fig5C,Monkey_L,V4,pre,rewarded,alpha_beta,-300,0,5,30,0,14,1,15,0.508597652629896
Fig4F,Fig5C,Monkey_L,V4,pre,rewarded,alpha_beta,-300,0,5,30,0,15,1,16,0.530663580452857
Fig4F,Fig5C,Monkey_L,V4,pre,rewarded,alpha_beta,-300,0,5,30,0,16,1,17,0.548779266162493
Fig4F,Fig5C,Monkey_L,V4,pre,rewarded,alpha_beta,-300,0,5,30,0,17,1,18,0.555733592434075
Fig4F,Fig5C,Monkey_L,V4,pre,rewarded,alpha_beta,-300,0,5,30,0,18,1,19,0.548856779849807
Fig4F,Fig5C,Monkey_L,V4,pre,rewarded,alpha_beta,-300,0,5,30,0,19,1,20,0.538602474596253
Fig4F,Fig5C,Monkey_L,V4,pre,rewarded,alpha_beta,-300,0,5,30,0,20,1,21,0.526886196733686
Fig4F,Fig5C,Monkey_L,V4,pre,rewarded,alpha_beta,-300,0,5,30,0,21,1,22,0.508376793107876
Fig4F,Fig5C,Monkey_L,V4,pre,rewarded,alpha_beta,-300,0,5,30,0,22,1,23,0.505183200005366
Fig4F,Fig5C,Monkey_L,V4,pre,rewarded,alpha_beta,-300,0,5,30,0,23,1,24,0.510032196712267
Fig4F,Fig5C,Monkey_L,V4,pre,rewarded,alpha_beta,-300,0,5,30,0,24,1,25,0.523723137730338
Fig4F,Fig5C,Monkey_L,V4,pre,rewarded,alpha_beta,-300,0,5,30,0,25,1,26,0.52837901082758
Fig4F,Fig5C,Monkey_L,V4,pre,rewarded,alpha_beta,-300,0,5,30,0,26,1,27,0.517558400521002
Fig4F,Fig5C,Monkey_L,V4,pre,rewarded,alpha_beta,-300,0,5,30,0,27,1,28,0.498387151312268
Fig4F,Fig5C,Monkey_L,V4,pre,rewarded,alpha_beta,-300,0,5,30,0,28,1,29,0.478640523993797
Fig4F,Fig5C,Monkey_L,V4,pre,rewarded,alpha_beta,-300,0,5,30,1,4,2,5,0.455508115536077
Fig4F,Fig5C,Monkey_L,V4,pre,rewarded,alpha_beta,-300,0,5,30,1,5,2,6,0.469327155845383
Fig4F,Fig5C,Monkey_L,V4,pre,rewarded,alpha_beta,-300,0,5,30,1,6,2,7,0.483069489296045
Fig4F,Fig5C,Monkey_L,V4,pre,rewarded,alpha_beta,-300,0,5,30,1,7,2,8,0.493915825268871
Fig4F,Fig5C,Monkey_L,V4,pre,rewarded,alpha_beta,-300,0,5,30,1,8,2,9,0.497703290639434
Fig4F,Fig5C,Monkey_L,V4,pre,rewarded,alpha_beta,-300,0,5,30,1,9,2,10,0.48908015565109
Fig4F,Fig5C,Monkey_L,V4,pre,rewarded,alpha_beta,-300,0,5,30,1,10,2,11,0.480675326070698
Fig4F,Fig5C,Monkey_L,V4,pre,rewarded,alpha_beta,-300,0,5,30,1,11,2,12,0.481369941007126
Fig4F,Fig5C,Monkey_L,V4,pre,rewarded,alpha_beta,-300,0,5,30,1,12,2,13,0.486749232271217
Fig4F,Fig5C,Monkey_L,V4,pre,rewarded,alpha_beta,-300,0,5,30,1,13,2,14,0.496758685676567
Fig4F,Fig5C,Monkey_L,V4,pre,rewarded,alpha_beta,-300,0,5,30,1,14,2,15,0.507102560268842
Fig4F,Fig5C,Monkey_L,V4,pre,rewarded,alpha_beta,-300,0,5,30,1,15,2,16,0.522952246887219
Fig4F,Fig5C,Monkey_L,V4,pre,rewarded,alpha_beta,-300,0,5,30,1,16,2,17,0.538242851781596
Fig4F,Fig5C,Monkey_L,V4,pre,rewarded,alpha_beta,-300,0,5,30,1,17,2,18,0.53952324333828
Fig4F,Fig5C,Monkey_L,V4,pre,rewarded,alpha_beta,-300,0,5,30,1,18,2,19,0.53271763997436
Fig4F,Fig5C,Monkey_L,V4,pre,rewarded,alpha_beta,-300,0,5,30,1,19,2,20,0.52398131219574
Fig4F,Fig5C,Monkey_L,V4,pre,rewarded,alpha_beta,-300,0,5,30,1,20,2,21,0.519711149334266
Fig4F,Fig5C,Monkey_L,V4,pre,rewarded,alpha_beta,-300,0,5,30,1,21,2,22,0.519168269732616
Fig4F,Fig5C,Monkey_L,V4,pre,rewarded,alpha_beta,-300,0,5,30,1,22,2,23,0.520354734534421
Fig4F,Fig5C,Monkey_L,V4,pre,rewarded,alpha_beta,-300,0,5,30,1,23,2,24,0.516336882037906
Fig4F,Fig5C,Monkey_L,V4,pre,rewarded,alpha_beta,-300,0,5,30,1,24,2,25,0.518098156191722
Fig4F,Fig5C,Monkey_L,V4,pre,rewarded,alpha_beta,-300,0,5,30,1,25,2,26,0.520766748020322
Fig4F,Fig5C,Monkey_L,V4,pre,rewarded,alpha_beta,-300,0,5,30,1,26,2,27,0.525049885807147
Fig4F,Fig5C,Monkey_L,V4,pre,rewarded,alpha_beta,-300,0,5,30,1,27,2,28,0.522866468384049
Fig4F,Fig5C,Monkey_L,V4,pre,rewarded,alpha_beta,-300,0,5,30,1,28,2,29,0.505585592800772
Fig4F,Fig5C,Monkey_L,V4,pre,rewarded,alpha_beta,-300,0,5,30,2,4,3,5,0.455733410674028
Fig4F,Fig5C,Monkey_L,V4,pre,rewarded,alpha_beta,-300,0,5,30,2,5,3,6,0.465966260769239
Fig4F,Fig5C,Monkey_L,V4,pre,rewarded,alpha_beta,-300,0,5,30,2,6,3,7,0.482349640428142
Fig4F,Fig5C,Monkey_L,V4,pre,rewarded,alpha_beta,-300,0,5,30,2,7,3,8,0.493320549229553
Fig4F,Fig5C,Monkey_L,V4,pre,rewarded,alpha_beta,-300,0,5,30,2,8,3,9,0.497759287267606
Fig4F,Fig5C,Monkey_L,V4,pre,rewarded,alpha_beta,-300,0,5,30,2,9,3,10,0.48970055035224
Fig4F,Fig5C,Monkey_L,V4,pre,rewarded,alpha_beta,-300,0,5,30,2,10,3,11,0.484968330444825
Fig4F,Fig5C,Monkey_L,V4,pre,rewarded,alpha_beta,-300,0,5,30,2,11,3,12,0.488715602131788
Fig4F,Fig5C,Monkey_L,V4,pre,rewarded,alpha_beta,-300,0,5,30,2,12,3,13,0.492901848692087
Fig4F,Fig5C,Monkey_L,V4,pre,rewarded,alpha_beta,-300,0,5,30,2,13,3,14,0.494795903120306
Fig4F,Fig5C,Monkey_L,V4,pre,rewarded,alpha_beta,-300,0,5,30,2,14,3,15,0.494203247508934
Fig4F,Fig5C,Monkey_L,V4,pre,rewarded,alpha_beta,-300,0,5,30,2,15,3,16,0.495934212336453
Fig4F,Fig5C,Monkey_L,V4,pre,rewarded,alpha_beta,-300,0,5,30,2,16,3,17,0.51154127147537
Fig4F,Fig5C,Monkey_L,V4,pre,rewarded,alpha_beta,-300,0,5,30,2,17,3,18,0.52666174078699
Fig4F,Fig5C,Monkey_L,V4,pre,rewarded,alpha_beta,-300,0,5,30,2,18,3,19,0.526590961224092
Fig4F,Fig5C,Monkey_L,V4,pre,rewarded,alpha_beta,-300,0,5,30,2,19,3,20,0.52182526445822
Fig4F,Fig5C,Monkey_L,V4,pre,rewarded,alpha_beta,-300,0,5,30,2,20,3,21,0.510462287467548
Fig4F,Fig5C,Monkey_L,V4,pre,rewarded,alpha_beta,-300,0,5,30,2,21,3,22,0.499122672909468
Fig4F,Fig5C,Monkey_L,V4,pre,rewarded,alpha_beta,-300,0,5,30,2,22,3,23,0.49284766778147
Fig4F,Fig5C,Monkey_L,V4,pre,rewarded,alpha_beta,-300,0,5,30,2,23,3,24,0.491741995820637
Fig4F,Fig5C,Monkey_L,V4,pre,rewarded,alpha_beta,-300,0,5,30,2,24,3,25,0.492509861762335
Fig4F,Fig5C,Monkey_L,V4,pre,rewarded,alpha_beta,-300,0,5,30,2,25,3,26,0.496883464331194
Fig4F,Fig5C,Monkey_L,V4,pre,rewarded,alpha_beta,-300,0,5,30,2,26,3,27,0.496811183144342
Fig4F,Fig5C,Monkey_L,V4,pre,rewarded,alpha_beta,-300,0,5,30,2,27,3,28,0.488971161523781
Fig4F,Fig5C,Monkey_L,V4,pre,rewarded,alpha_beta,-300,0,5,30,2,28,3,29,0.480614063108453
Fig4F,Fig5C,Monkey_L,V4,pre,rewarded,alpha_beta,-300,0,5,30,3,4,4,5,0.459244258612596
Fig4F,Fig5C,Monkey_L,V4,pre,rewarded,alpha_beta,-300,0,5,30,3,5,4,6,0.463399326940605
Fig4F,Fig5C,Monkey_L,V4,pre,rewarded,alpha_beta,-300,0,5,30,3,6,4,7,0.473146749025327
Fig4F,Fig5C,Monkey_L,V4,pre,rewarded,alpha_beta,-300,0,5,30,3,7,4,8,0.484899189899767
Fig4F,Fig5C,Monkey_L,V4,pre,rewarded,alpha_beta,-300,0,5,30,3,8,4,9,0.495970022360781
Fig4F,Fig5C,Monkey_L,V4,pre,rewarded,alpha_beta,-300,0,5,30,3,9,4,10,0.496651190878411
Fig4F,Fig5C,Monkey_L,V4,pre,rewarded,alpha_beta,-300,0,5,30,3,10,4,11,0.492064645028925
Fig4F,Fig5C,Monkey_L,V4,pre,rewarded,alpha_beta,-300,0,5,30,3,11,4,12,0.486218105348335
Fig4F,Fig5C,Monkey_L,V4,pre,rewarded,alpha_beta,-300,0,5,30,3,12,4,13,0.484012625997842
Fig4F,Fig5C,Monkey_L,V4,pre,rewarded,alpha_beta,-300,0,5,30,3,13,4,14,0.484800159565197
Fig4F,Fig5C,Monkey_L,V4,pre,rewarded,alpha_beta,-300,0,5,30,3,14,4,15,0.483616637051959
Fig4F,Fig5C,Monkey_L,V4,pre,rewarded,alpha_beta,-300,0,5,30,3,15,4,16,0.488274779354836
Fig4F,Fig5C,Monkey_L,V4,pre,rewarded,alpha_beta,-300,0,5,30,3,16,4,17,0.503501506095875
Fig4F,Fig5C,Monkey_L,V4,pre,rewarded,alpha_beta,-300,0,5,30,3,17,4,18,0.513481778393491
Fig4F,Fig5C,Monkey_L,V4,pre,rewarded,alpha_beta,-300,0,5,30,3,18,4,19,0.515436499135566
Fig4F,Fig5C,Monkey_L,V4,pre,rewarded,alpha_beta,-300,0,5,30,3,19,4,20,0.503934710720265
Fig4F,Fig5C,Monkey_L,V4,pre,rewarded,alpha_beta,-300,0,5,30,3,20,4,21,0.491828178797282
Fig4F,Fig5C,Monkey_L,V4,pre,rewarded,alpha_beta,-300,0,5,30,3,21,4,22,0.487755695138328
Fig4F,Fig5C,Monkey_L,V4,pre,rewarded,alpha_beta,-300,0,5,30,3,22,4,23,0.486330928322522
Fig4F,Fig5C,Monkey_L,V4,pre,rewarded,alpha_beta,-300,0,5,30,3,23,4,24,0.476442908633832
Fig4F,Fig5C,Monkey_L,V4,pre,rewarded,alpha_beta,-300,0,5,30,3,24,4,25,0.461322959889106
Fig4F,Fig5C,Monkey_L,V4,pre,rewarded,alpha_beta,-300,0,5,30,3,25,4,26,0.457160672468631
Fig4F,Fig5C,Monkey_L,V4,pre,rewarded,alpha_beta,-300,0,5,30,3,26,4,27,0.464697373817398
Fig4F,Fig5C,Monkey_L,V4,pre,rewarded,alpha_beta,-300,0,5,30,3,27,4,28,0.476802134859718
Fig4F,Fig5C,Monkey_L,V4,pre,rewarded,alpha_beta,-300,0,5,30,3,28,4,29,0.481836065206255
Fig4F,Fig5C,Monkey_L,V4,pre,rewarded,alpha_beta,-300,0,5,30,4,4,5,5,0.471565648916318
Fig4F,Fig5C,Monkey_L,V4,pre,rewarded,alpha_beta,-300,0,5,30,4,5,5,6,0.470256786640066
Fig4F,Fig5C,Monkey_L,V4,pre,rewarded,alpha_beta,-300,0,5,30,4,6,5,7,0.476499544805529
Fig4F,Fig5C,Monkey_L,V4,pre,rewarded,alpha_beta,-300,0,5,30,4,7,5,8,0.487030422183458
Fig4F,Fig5C,Monkey_L,V4,pre,rewarded,alpha_beta,-300,0,5,30,4,8,5,9,0.497557424171227
Fig4F,Fig5C,Monkey_L,V4,pre,rewarded,alpha_beta,-300,0,5,30,4,9,5,10,0.503158838216141
Fig4F,Fig5C,Monkey_L,V4,pre,rewarded,alpha_beta,-300,0,5,30,4,10,5,11,0.502005372365671
Fig4F,Fig5C,Monkey_L,V4,pre,rewarded,alpha_beta,-300,0,5,30,4,11,5,12,0.498162665650835
Fig4F,Fig5C,Monkey_L,V4,pre,rewarded,alpha_beta,-300,0,5,30,4,12,5,13,0.487036911470206
Fig4F,Fig5C,Monkey_L,V4,pre,rewarded,alpha_beta,-300,0,5,30,4,13,5,14,0.468860251943314
Fig4F,Fig5C,Monkey_L,V4,pre,rewarded,alpha_beta,-300,0,5,30,4,14,5,15,0.463481327082529
Fig4F,Fig5C,Monkey_L,V4,pre,rewarded,alpha_beta,-300,0,5,30,4,15,5,16,0.47562643944366
Fig4F,Fig5C,Monkey_L,V4,pre,rewarded,alpha_beta,-300,0,5,30,4,16,5,17,0.485397525521429
Fig4F,Fig5C,Monkey_L,V4,pre,rewarded,alpha_beta,-300,0,5,30,4,17,5,18,0.495606758578762
Fig4F,Fig5C,Monkey_L,V4,pre,rewarded,alpha_beta,-300,0,5,30,4,18,5,19,0.509398911993421
Fig4F,Fig5C,Monkey_L,V4,pre,rewarded,alpha_beta,-300,0,5,30,4,19,5,20,0.513559610940531
Fig4F,Fig5C,Monkey_L,V4,pre,rewarded,alpha_beta,-300,0,5,30,4,20,5,21,0.511060689085347
Fig4F,Fig5C,Monkey_L,V4,pre,rewarded,alpha_beta,-300,0,5,30,4,21,5,22,0.502030423595643
Fig4F,Fig5C,Monkey_L,V4,pre,rewarded,alpha_beta,-300,0,5,30,4,22,5,23,0.495927666503442
Fig4F,Fig5C,Monkey_L,V4,pre,rewarded,alpha_beta,-300,0,5,30,4,23,5,24,0.490465411869208
Fig4F,Fig5C,Monkey_L,V4,pre,rewarded,alpha_beta,-300,0,5,30,4,24,5,25,0.480769148147324
Fig4F,Fig5C,Monkey_L,V4,pre,rewarded,alpha_beta,-300,0,5,30,4,25,5,26,0.470874114368435
Fig4F,Fig5C,Monkey_L,V4,pre,rewarded,alpha_beta,-300,0,5,30,4,26,5,27,0.460533605131976
Fig4F,Fig5C,Monkey_L,V4,pre,rewarded,alpha_beta,-300,0,5,30,4,27,5,28,0.452675119126676
Fig4F,Fig5C,Monkey_L,V4,pre,rewarded,alpha_beta,-300,0,5,30,4,28,5,29,0.44664965624462
Fig4F,Fig5C,Monkey_L,V4,pre,rewarded,alpha_beta,-300,0,5,30,5,4,6,5,0.477333558047357
Fig4F,Fig5C,Monkey_L,V4,pre,rewarded,alpha_beta,-300,0,5,30,5,5,6,6,0.478740597580432
Fig4F,Fig5C,Monkey_L,V4,pre,rewarded,alpha_beta,-300,0,5,30,5,6,6,7,0.481592576764346
Fig4F,Fig5C,Monkey_L,V4,pre,rewarded,alpha_beta,-300,0,5,30,5,7,6,8,0.489084357550315
Fig4F,Fig5C,Monkey_L,V4,pre,rewarded,alpha_beta,-300,0,5,30,5,8,6,9,0.502039174556371
Fig4F,Fig5C,Monkey_L,V4,pre,rewarded,alpha_beta,-300,0,5,30,5,9,6,10,0.51218706562791
Fig4F,Fig5C,Monkey_L,V4,pre,rewarded,alpha_beta,-300,0,5,30,5,10,6,11,0.517219997323908
Fig4F,Fig5C,Monkey_L,V4,pre,rewarded,alpha_beta,-300,0,5,30,5,11,6,12,0.506860258710037
Fig4F,Fig5C,Monkey_L,V4,pre,rewarded,alpha_beta,-300,0,5,30,5,12,6,13,0.48048076415007
Fig4F,Fig5C,Monkey_L,V4,pre,rewarded,alpha_beta,-300,0,5,30,5,13,6,14,0.457510587272654
Fig4F,Fig5C,Monkey_L,V4,pre,rewarded,alpha_beta,-300,0,5,30,5,14,6,15,0.449690370907001
Fig4F,Fig5C,Monkey_L,V4,pre,rewarded,alpha_beta,-300,0,5,30,5,15,6,16,0.456300156505462
Fig4F,Fig5C,Monkey_L,V4,pre,rewarded,alpha_beta,-300,0,5,30,5,16,6,17,0.469831715380595
Fig4F,Fig5C,Monkey_L,V4,pre,rewarded,alpha_beta,-300,0,5,30,5,17,6,18,0.483263407730798
Fig4F,Fig5C,Monkey_L,V4,pre,rewarded,alpha_beta,-300,0,5,30,5,18,6,19,0.486403190209506
Fig4F,Fig5C,Monkey_L,V4,pre,rewarded,alpha_beta,-300,0,5,30,5,19,6,20,0.479778496286011
Fig4F,Fig5C,Monkey_L,V4,pre,rewarded,alpha_beta,-300,0,5,30,5,20,6,21,0.475877486490974
Fig4F,Fig5C,Monkey_L,V4,pre,rewarded,alpha_beta,-300,0,5,30,5,21,6,22,0.47478737952145
Fig4F,Fig5C,Monkey_L,V4,pre,rewarded,alpha_beta,-300,0,5,30,5,22,6,23,0.468580253033051
Fig4F,Fig5C,Monkey_L,V4,pre,rewarded,alpha_beta,-300,0,5,30,5,23,6,24,0.461538140189306
Fig4F,Fig5C,Monkey_L,V4,pre,rewarded,alpha_beta,-300,0,5,30,5,24,6,25,0.452967961923241
Fig4F,Fig5C,Monkey_L,V4,pre,rewarded,alpha_beta,-300,0,5,30,5,25,6,26,0.447824188667046
Fig4F,Fig5C,Monkey_L,V4,pre,rewarded,alpha_beta,-300,0,5,30,5,26,6,27,0.448644197735631
Fig4F,Fig5C,Monkey_L,V4,pre,rewarded,alpha_beta,-300,0,5,30,5,27,6,28,0.453989790604659
Fig4F,Fig5C,Monkey_L,V4,pre,rewarded,alpha_beta,-300,0,5,30,5,28,6,29,0.463383828145493
Fig4F,Fig5C,Monkey_L,V4,pre,rewarded,alpha_beta,-300,0,5,30,6,4,7,5,0.478374864592001
Fig4F,Fig5C,Monkey_L,V4,pre,rewarded,alpha_beta,-300,0,5,30,6,5,7,6,0.481059623238313
Fig4F,Fig5C,Monkey_L,V4,pre,rewarded,alpha_beta,-300,0,5,30,6,6,7,7,0.482528504376657
Fig4F,Fig5C,Monkey_L,V4,pre,rewarded,alpha_beta,-300,0,5,30,6,7,7,8,0.489443869684931
Fig4F,Fig5C,Monkey_L,V4,pre,rewarded,alpha_beta,-300,0,5,30,6,8,7,9,0.503936575746631
Fig4F,Fig5C,Monkey_L,V4,pre,rewarded,alpha_beta,-300,0,5,30,6,9,7,10,0.513473291982187
Fig4F,Fig5C,Monkey_L,V4,pre,rewarded,alpha_beta,-300,0,5,30,6,10,7,11,0.507951862537389
Fig4F,Fig5C,Monkey_L,V4,pre,rewarded,alpha_beta,-300,0,5,30,6,11,7,12,0.483016502094095
Fig4F,Fig5C,Monkey_L,V4,pre,rewarded,alpha_beta,-300,0,5,30,6,12,7,13,0.453967334795181
Fig4F,Fig5C,Monkey_L,V4,pre,rewarded,alpha_beta,-300,0,5,30,6,13,7,14,0.432864354813028
Fig4F,Fig5C,Monkey_L,V4,pre,rewarded,alpha_beta,-300,0,5,30,6,14,7,15,0.42775287223828
Fig4F,Fig5C,Monkey_L,V4,pre,rewarded,alpha_beta,-300,0,5,30,6,15,7,16,0.439723629053223
Fig4F,Fig5C,Monkey_L,V4,pre,rewarded,alpha_beta,-300,0,5,30,6,16,7,17,0.457631139138287
Fig4F,Fig5C,Monkey_L,V4,pre,rewarded,alpha_beta,-300,0,5,30,6,17,7,18,0.486379123625899
Fig4F,Fig5C,Monkey_L,V4,pre,rewarded,alpha_beta,-300,0,5,30,6,18,7,19,0.508481722671003
Fig4F,Fig5C,Monkey_L,V4,pre,rewarded,alpha_beta,-300,0,5,30,6,19,7,20,0.511490263157244
Fig4F,Fig5C,Monkey_L,V4,pre,rewarded,alpha_beta,-300,0,5,30,6,20,7,21,0.495703665810058
Fig4F,Fig5C,Monkey_L,V4,pre,rewarded,alpha_beta,-300,0,5,30,6,21,7,22,0.477058636120623
Fig4F,Fig5C,Monkey_L,V4,pre,rewarded,alpha_beta,-300,0,5,30,6,22,7,23,0.455806172768897
Fig4F,Fig5C,Monkey_L,V4,pre,rewarded,alpha_beta,-300,0,5,30,6,23,7,24,0.445189381376827
Fig4F,Fig5C,Monkey_L,V4,pre,rewarded,alpha_beta,-300,0,5,30,6,24,7,25,0.44323406498666
Fig4F,Fig5C,Monkey_L,V4,pre,rewarded,alpha_beta,-300,0,5,30,6,25,7,26,0.449473568535188
Fig4F,Fig5C,Monkey_L,V4,pre,rewarded,alpha_beta,-300,0,5,30,6,26,7,27,0.449121611004785
Fig4F,Fig5C,Monkey_L,V4,pre,rewarded,alpha_beta,-300,0,5,30,6,27,7,28,0.440273087850768
Fig4F,Fig5C,Monkey_L,V4,pre,rewarded,alpha_beta,-300,0,5,30,6,28,7,29,0.429892251302653
Fig4F,Fig5C,Monkey_L,V4,pre,rewarded,alpha_beta,-300,0,5,30,7,4,8,5,0.475909721038046
Fig4F,Fig5C,Monkey_L,V4,pre,rewarded,alpha_beta,-300,0,5,30,7,5,8,6,0.479624130991035
Fig4F,Fig5C,Monkey_L,V4,pre,rewarded,alpha_beta,-300,0,5,30,7,6,8,7,0.484107461494113
Fig4F,Fig5C,Monkey_L,V4,pre,rewarded,alpha_beta,-300,0,5,30,7,7,8,8,0.49269448625102
Fig4F,Fig5C,Monkey_L,V4,pre,rewarded,alpha_beta,-300,0,5,30,7,8,8,9,0.503668347520502
Fig4F,Fig5C,Monkey_L,V4,pre,rewarded,alpha_beta,-300,0,5,30,7,9,8,10,0.507190668583944
Fig4F,Fig5C,Monkey_L,V4,pre,rewarded,alpha_beta,-300,0,5,30,7,10,8,11,0.492298197862963
Fig4F,Fig5C,Monkey_L,V4,pre,rewarded,alpha_beta,-300,0,5,30,7,11,8,12,0.4543961613502
Fig4F,Fig5C,Monkey_L,V4,pre,rewarded,alpha_beta,-300,0,5,30,7,12,8,13,0.427732922293196
Fig4F,Fig5C,Monkey_L,V4,pre,rewarded,alpha_beta,-300,0,5,30,7,13,8,14,0.41836634287606
Fig4F,Fig5C,Monkey_L,V4,pre,rewarded,alpha_beta,-300,0,5,30,7,14,8,15,0.418319191354318
Fig4F,Fig5C,Monkey_L,V4,pre,rewarded,alpha_beta,-300,0,5,30,7,15,8,16,0.43469676622457
Fig4F,Fig5C,Monkey_L,V4,pre,rewarded,alpha_beta,-300,0,5,30,7,16,8,17,0.459402545487967
Fig4F,Fig5C,Monkey_L,V4,pre,rewarded,alpha_beta,-300,0,5,30,7,17,8,18,0.477480796100767
Fig4F,Fig5C,Monkey_L,V4,pre,rewarded,alpha_beta,-300,0,5,30,7,18,8,19,0.483412768710958
Fig4F,Fig5C,Monkey_L,V4,pre,rewarded,alpha_beta,-300,0,5,30,7,19,8,20,0.475116832757338
Fig4F,Fig5C,Monkey_L,V4,pre,rewarded,alpha_beta,-300,0,5,30,7,20,8,21,0.46252070958322
Fig4F,Fig5C,Monkey_L,V4,pre,rewarded,alpha_beta,-300,0,5,30,7,21,8,22,0.458404912487451
Fig4F,Fig5C,Monkey_L,V4,pre,rewarded,alpha_beta,-300,0,5,30,7,22,8,23,0.459541528257774
Fig4F,Fig5C,Monkey_L,V4,pre,rewarded,alpha_beta,-300,0,5,30,7,23,8,24,0.459136203294464
Fig4F,Fig5C,Monkey_L,V4,pre,rewarded,alpha_beta,-300,0,5,30,7,24,8,25,0.449208086127313
Fig4F,Fig5C,Monkey_L,V4,pre,rewarded,alpha_beta,-300,0,5,30,7,25,8,26,0.436812467174041
Fig4F,Fig5C,Monkey_L,V4,pre,rewarded,alpha_beta,-300,0,5,30,7,26,8,27,0.43370077041782
Fig4F,Fig5C,Monkey_L,V4,pre,rewarded,alpha_beta,-300,0,5,30,7,27,8,28,0.441732199371883
Fig4F,Fig5C,Monkey_L,V4,pre,rewarded,alpha_beta,-300,0,5,30,7,28,8,29,0.452639095332762
Fig4F,Fig5C,Monkey_L,V4,pre,non_rewarded,alpha_beta,-300,0,5,30,0,4,1,5,0.614575671870217
Fig4F,Fig5C,Monkey_L,V4,pre,non_rewarded,alpha_beta,-300,0,5,30,0,5,1,6,0.587560599938782
Fig4F,Fig5C,Monkey_L,V4,pre,non_rewarded,alpha_beta,-300,0,5,30,0,6,1,7,0.554400318334864
Fig4F,Fig5C,Monkey_L,V4,pre,non_rewarded,alpha_beta,-300,0,5,30,0,7,1,8,0.537200538720539
Fig4F,Fig5C,Monkey_L,V4,pre,non_rewarded,alpha_beta,-300,0,5,30,0,8,1,9,0.520788197122743
Fig4F,Fig5C,Monkey_L,V4,pre,non_rewarded,alpha_beta,-300,0,5,30,0,9,1,10,0.511615965717784
Fig4F,Fig5C,Monkey_L,V4,pre,non_rewarded,alpha_beta,-300,0,5,30,0,10,1,11,0.510552408937863
Fig4F,Fig5C,Monkey_L,V4,pre,non_rewarded,alpha_beta,-300,0,5,30,0,11,1,12,0.522934851545761
Fig4F,Fig5C,Monkey_L,V4,pre,non_rewarded,alpha_beta,-300,0,5,30,0,12,1,13,0.518971655953474
Fig4F,Fig5C,Monkey_L,V4,pre,non_rewarded,alpha_beta,-300,0,5,30,0,13,1,14,0.520186936026936
Fig4F,Fig5C,Monkey_L,V4,pre,non_rewarded,alpha_beta,-300,0,5,30,0,14,1,15,0.540527138047138
Fig4F,Fig5C,Monkey_L,V4,pre,non_rewarded,alpha_beta,-300,0,5,30,0,15,1,16,0.545324934190389
Fig4F,Fig5C,Monkey_L,V4,pre,non_rewarded,alpha_beta,-300,0,5,30,0,16,1,17,0.542691031527395
Fig4F,Fig5C,Monkey_L,V4,pre,non_rewarded,alpha_beta,-300,0,5,30,0,17,1,18,0.532600673400673
Fig4F,Fig5C,Monkey_L,V4,pre,non_rewarded,alpha_beta,-300,0,5,30,0,18,1,19,0.535885791245791
Fig4F,Fig5C,Monkey_L,V4,pre,non_rewarded,alpha_beta,-300,0,5,30,0,19,1,20,0.53375745332109
Fig4F,Fig5C,Monkey_L,V4,pre,non_rewarded,alpha_beta,-300,0,5,30,0,20,1,21,0.53029705540251
Fig4F,Fig5C,Monkey_L,V4,pre,non_rewarded,alpha_beta,-300,0,5,30,0,21,1,22,0.510621928374656
Fig4F,Fig5C,Monkey_L,V4,pre,non_rewarded,alpha_beta,-300,0,5,30,0,22,1,23,0.523981805938169
Fig4F,Fig5C,Monkey_L,V4,pre,non_rewarded,alpha_beta,-300,0,5,30,0,23,1,24,0.517419944903581
Fig4F,Fig5C,Monkey_L,V4,pre,non_rewarded,alpha_beta,-300,0,5,30,0,24,1,25,0.535253088460361
Fig4F,Fig5C,Monkey_L,V4,pre,non_rewarded,alpha_beta,-300,0,5,30,0,25,1,26,0.55707499234772
Fig4F,Fig5C,Monkey_L,V4,pre,non_rewarded,alpha_beta,-300,0,5,30,0,26,1,27,0.540775022956841
Fig4F,Fig5C,Monkey_L,V4,pre,non_rewarded,alpha_beta,-300,0,5,30,0,27,1,28,0.494470964187328
Fig4F,Fig5C,Monkey_L,V4,pre,non_rewarded,alpha_beta,-300,0,5,30,0,28,1,29,0.448442632384451
Fig4F,Fig5C,Monkey_L,V4,pre,non_rewarded,alpha_beta,-300,0,5,30,1,4,2,5,0.601479987756351
Fig4F,Fig5C,Monkey_L,V4,pre,non_rewarded,alpha_beta,-300,0,5,30,1,5,2,6,0.581965864707683
Fig4F,Fig5C,Monkey_L,V4,pre,non_rewarded,alpha_beta,-300,0,5,30,1,6,2,7,0.55323217630854
Fig4F,Fig5C,Monkey_L,V4,pre,non_rewarded,alpha_beta,-300,0,5,30,1,7,2,8,0.519523991429446
Fig4F,Fig5C,Monkey_L,V4,pre,non_rewarded,alpha_beta,-300,0,5,30,1,8,2,9,0.496222638506275
Fig4F,Fig5C,Monkey_L,V4,pre,non_rewarded,alpha_beta,-300,0,5,30,1,9,2,10,0.487597698194062
Fig4F,Fig5C,Monkey_L,V4,pre,non_rewarded,alpha_beta,-300,0,5,30,1,10,2,11,0.514941634527089
Fig4F,Fig5C,Monkey_L,V4,pre,non_rewarded,alpha_beta,-300,0,5,30,1,11,2,12,0.535715016835017
Fig4F,Fig5C,Monkey_L,V4,pre,non_rewarded,alpha_beta,-300,0,5,30,1,12,2,13,0.535211533516988
Fig4F,Fig5C,Monkey_L,V4,pre,non_rewarded,alpha_beta,-300,0,5,30,1,13,2,14,0.532568839914295
Fig4F,Fig5C,Monkey_L,V4,pre,non_rewarded,alpha_beta,-300,0,5,30,1,14,2,15,0.530961469237833
Fig4F,Fig5C,Monkey_L,V4,pre,non_rewarded,alpha_beta,-300,0,5,30,1,15,2,16,0.561271331496786
Fig4F,Fig5C,Monkey_L,V4,pre,non_rewarded,alpha_beta,-300,0,5,30,1,16,2,17,0.559141769207224
Fig4F,Fig5C,Monkey_L,V4,pre,non_rewarded,alpha_beta,-300,0,5,30,1,17,2,18,0.53447955922865
Fig4F,Fig5C,Monkey_L,V4,pre,non_rewarded,alpha_beta,-300,0,5,30,1,18,2,19,0.496094251606979
Fig4F,Fig5C,Monkey_L,V4,pre,non_rewarded,alpha_beta,-300,0,5,30,1,19,2,20,0.487962142638506
Fig4F,Fig5C,Monkey_L,V4,pre,non_rewarded,alpha_beta,-300,0,5,30,1,20,2,21,0.495652500765228
Fig4F,Fig5C,Monkey_L,V4,pre,non_rewarded,alpha_beta,-300,0,5,30,1,21,2,22,0.497685558616468
Fig4F,Fig5C,Monkey_L,V4,pre,non_rewarded,alpha_beta,-300,0,5,30,1,22,2,23,0.501636804407714
Fig4F,Fig5C,Monkey_L,V4,pre,non_rewarded,alpha_beta,-300,0,5,30,1,23,2,24,0.506213039485767
Fig4F,Fig5C,Monkey_L,V4,pre,non_rewarded,alpha_beta,-300,0,5,30,1,24,2,25,0.510037955310683
Fig4F,Fig5C,Monkey_L,V4,pre,non_rewarded,alpha_beta,-300,0,5,30,1,25,2,26,0.523791245791246
Fig4F,Fig5C,Monkey_L,V4,pre,non_rewarded,alpha_beta,-300,0,5,30,1,26,2,27,0.530437955310683
Fig4F,Fig5C,Monkey_L,V4,pre,non_rewarded,alpha_beta,-300,0,5,30,1,27,2,28,0.532087664524028
Fig4F,Fig5C,Monkey_L,V4,pre,non_rewarded,alpha_beta,-300,0,5,30,1,28,2,29,0.5291454912764
Fig4F,Fig5C,Monkey_L,V4,pre,non_rewarded,alpha_beta,-300,0,5,30,2,4,3,5,0.592080587695133
Fig4F,Fig5C,Monkey_L,V4,pre,non_rewarded,alpha_beta,-300,0,5,30,2,5,3,6,0.58166751147842
Fig4F,Fig5C,Monkey_L,V4,pre,non_rewarded,alpha_beta,-300,0,5,30,2,6,3,7,0.573909935720845
Fig4F,Fig5C,Monkey_L,V4,pre,non_rewarded,alpha_beta,-300,0,5,30,2,7,3,8,0.543195837159474
Fig4F,Fig5C,Monkey_L,V4,pre,non_rewarded,alpha_beta,-300,0,5,30,2,8,3,9,0.506822626262626
Fig4F,Fig5C,Monkey_L,V4,pre,non_rewarded,alpha_beta,-300,0,5,30,2,9,3,10,0.492632923171105
Fig4F,Fig5C,Monkey_L,V4,pre,non_rewarded,alpha_beta,-300,0,5,30,2,10,3,11,0.489921273339455
Fig4F,Fig5C,Monkey_L,V4,pre,non_rewarded,alpha_beta,-300,0,5,30,2,11,3,12,0.50975402509948
Fig4F,Fig5C,Monkey_L,V4,pre,non_rewarded,alpha_beta,-300,0,5,30,2,12,3,13,0.531848252219161
Fig4F,Fig5C,Monkey_L,V4,pre,non_rewarded,alpha_beta,-300,0,5,30,2,13,3,14,0.540805264768901
Fig4F,Fig5C,Monkey_L,V4,pre,non_rewarded,alpha_beta,-300,0,5,30,2,14,3,15,0.542943373125191
Fig4F,Fig5C,Monkey_L,V4,pre,non_rewarded,alpha_beta,-300,0,5,30,2,15,3,16,0.548751711049893
Fig4F,Fig5C,Monkey_L,V4,pre,non_rewarded,alpha_beta,-300,0,5,30,2,16,3,17,0.554074490358127
Fig4F,Fig5C,Monkey_L,V4,pre,non_rewarded,alpha_beta,-300,0,5,30,2,17,3,18,0.553197869605142
Fig4F,Fig5C,Monkey_L,V4,pre,non_rewarded,alpha_beta,-300,0,5,30,2,18,3,19,0.55304386899296
Fig4F,Fig5C,Monkey_L,V4,pre,non_rewarded,alpha_beta,-300,0,5,30,2,19,3,20,0.532196853382308
Fig4F,Fig5C,Monkey_L,V4,pre,non_rewarded,alpha_beta,-300,0,5,30,2,20,3,21,0.510318212427303
Fig4F,Fig5C,Monkey_L,V4,pre,non_rewarded,alpha_beta,-300,0,5,30,2,21,3,22,0.483607248239976
Fig4F,Fig5C,Monkey_L,V4,pre,non_rewarded,alpha_beta,-300,0,5,30,2,22,3,23,0.471910376492195
Fig4F,Fig5C,Monkey_L,V4,pre,non_rewarded,alpha_beta,-300,0,5,30,2,23,3,24,0.482681163146618
Fig4F,Fig5C,Monkey_L,V4,pre,non_rewarded,alpha_beta,-300,0,5,30,2,24,3,25,0.50587903275176
Fig4F,Fig5C,Monkey_L,V4,pre,non_rewarded,alpha_beta,-300,0,5,30,2,25,3,26,0.526912812978268
Fig4F,Fig5C,Monkey_L,V4,pre,non_rewarded,alpha_beta,-300,0,5,30,2,26,3,27,0.53673028466483
Fig4F,Fig5C,Monkey_L,V4,pre,non_rewarded,alpha_beta,-300,0,5,30,2,27,3,28,0.517607346189164
Fig4F,Fig5C,Monkey_L,V4,pre,non_rewarded,alpha_beta,-300,0,5,30,2,28,3,29,0.5058136271809
Fig4F,Fig5C,Monkey_L,V4,pre,non_rewarded,alpha_beta,-300,0,5,30,3,4,4,5,0.606643966942149
Fig4F,Fig5C,Monkey_L,V4,pre,non_rewarded,alpha_beta,-300,0,5,30,3,5,4,6,0.599167064585246
Fig4F,Fig5C,Monkey_L,V4,pre,non_rewarded,alpha_beta,-300,0,5,30,3,6,4,7,0.587638567493113
Fig4F,Fig5C,Monkey_L,V4,pre,non_rewarded,alpha_beta,-300,0,5,30,3,7,4,8,0.575980630547903
Fig4F,Fig5C,Monkey_L,V4,pre,non_rewarded,alpha_beta,-300,0,5,30,3,8,4,9,0.541804175084175
Fig4F,Fig5C,Monkey_L,V4,pre,non_rewarded,alpha_beta,-300,0,5,30,3,9,4,10,0.524914845423936
Fig4F,Fig5C,Monkey_L,V4,pre,non_rewarded,alpha_beta,-300,0,5,30,3,10,4,11,0.514619308233854
Fig4F,Fig5C,Monkey_L,V4,pre,non_rewarded,alpha_beta,-300,0,5,30,3,11,4,12,0.502910119375574
Fig4F,Fig5C,Monkey_L,V4,pre,non_rewarded,alpha_beta,-300,0,5,30,3,12,4,13,0.502206599326599
Fig4F,Fig5C,Monkey_L,V4,pre,non_rewarded,alpha_beta,-300,0,5,30,3,13,4,14,0.508287603305785
Fig4F,Fig5C,Monkey_L,V4,pre,non_rewarded,alpha_beta,-300,0,5,30,3,14,4,15,0.50657968778696
Fig4F,Fig5C,Monkey_L,V4,pre,non_rewarded,alpha_beta,-300,0,5,30,3,15,4,16,0.521007456382002
Fig4F,Fig5C,Monkey_L,V4,pre,non_rewarded,alpha_beta,-300,0,5,30,3,16,4,17,0.529534104683196
Fig4F,Fig5C,Monkey_L,V4,pre,non_rewarded,alpha_beta,-300,0,5,30,3,17,4,18,0.536677930823385
Fig4F,Fig5C,Monkey_L,V4,pre,non_rewarded,alpha_beta,-300,0,5,30,3,18,4,19,0.527387523722069
Fig4F,Fig5C,Monkey_L,V4,pre,non_rewarded,alpha_beta,-300,0,5,30,3,19,4,20,0.495219149066422
Fig4F,Fig5C,Monkey_L,V4,pre,non_rewarded,alpha_beta,-300,0,5,30,3,20,4,21,0.451854251606979
Fig4F,Fig5C,Monkey_L,V4,pre,non_rewarded,alpha_beta,-300,0,5,30,3,21,4,22,0.412088521579431
Fig4F,Fig5C,Monkey_L,V4,pre,non_rewarded,alpha_beta,-300,0,5,30,3,22,4,23,0.427262222222222
Fig4F,Fig5C,Monkey_L,V4,pre,non_rewarded,alpha_beta,-300,0,5,30,3,23,4,24,0.44316887664524
Fig4F,Fig5C,Monkey_L,V4,pre,non_rewarded,alpha_beta,-300,0,5,30,3,24,4,25,0.45566048362412
Fig4F,Fig5C,Monkey_L,V4,pre,non_rewarded,alpha_beta,-300,0,5,30,3,25,4,26,0.480241738598102
Fig4F,Fig5C,Monkey_L,V4,pre,non_rewarded,alpha_beta,-300,0,5,30,3,26,4,27,0.497143458830731
Fig4F,Fig5C,Monkey_L,V4,pre,non_rewarded,alpha_beta,-300,0,5,30,3,27,4,28,0.488782662993572
Fig4F,Fig5C,Monkey_L,V4,pre,non_rewarded,alpha_beta,-300,0,5,30,3,28,4,29,0.480899198041016
Fig4F,Fig5C,Monkey_L,V4,pre,non_rewarded,alpha_beta,-300,0,5,30,4,4,5,5,0.624182258953168
Fig4F,Fig5C,Monkey_L,V4,pre,non_rewarded,alpha_beta,-300,0,5,30,4,5,5,6,0.62689072543618
Fig4F,Fig5C,Monkey_L,V4,pre,non_rewarded,alpha_beta,-300,0,5,30,4,6,5,7,0.619257030915213
Fig4F,Fig5C,Monkey_L,V4,pre,non_rewarded,alpha_beta,-300,0,5,30,4,7,5,8,0.605094729109274
Fig4F,Fig5C,Monkey_L,V4,pre,non_rewarded,alpha_beta,-300,0,5,30,4,8,5,9,0.578909433731252
Fig4F,Fig5C,Monkey_L,V4,pre,non_rewarded,alpha_beta,-300,0,5,30,4,9,5,10,0.548983801652893
Fig4F,Fig5C,Monkey_L,V4,pre,non_rewarded,alpha_beta,-300,0,5,30,4,10,5,11,0.52508588919498
Fig4F,Fig5C,Monkey_L,V4,pre,non_rewarded,alpha_beta,-300,0,5,30,4,11,5,12,0.517857459442914
Fig4F,Fig5C,Monkey_L,V4,pre,non_rewarded,alpha_beta,-300,0,5,30,4,12,5,13,0.496117832874197
Fig4F,Fig5C,Monkey_L,V4,pre,non_rewarded,alpha_beta,-300,0,5,30,4,13,5,14,0.475443893480257
Fig4F,Fig5C,Monkey_L,V4,pre,non_rewarded,alpha_beta,-300,0,5,30,4,14,5,15,0.455453663911846
Fig4F,Fig5C,Monkey_L,V4,pre,non_rewarded,alpha_beta,-300,0,5,30,4,15,5,16,0.447899381695745
Fig4F,Fig5C,Monkey_L,V4,pre,non_rewarded,alpha_beta,-300,0,5,30,4,16,5,17,0.443685583103765
Fig4F,Fig5C,Monkey_L,V4,pre,non_rewarded,alpha_beta,-300,0,5,30,4,17,5,18,0.453725154576064
Fig4F,Fig5C,Monkey_L,V4,pre,non_rewarded,alpha_beta,-300,0,5,30,4,18,5,19,0.461626617692072
Fig4F,Fig5C,Monkey_L,V4,pre,non_rewarded,alpha_beta,-300,0,5,30,4,19,5,20,0.459325374961739
Fig4F,Fig5C,Monkey_L,V4,pre,non_rewarded,alpha_beta,-300,0,5,30,4,20,5,21,0.442248595041322
Fig4F,Fig5C,Monkey_L,V4,pre,non_rewarded,alpha_beta,-300,0,5,30,4,21,5,22,0.405064071013162
Fig4F,Fig5C,Monkey_L,V4,pre,non_rewarded,alpha_beta,-300,0,5,30,4,22,5,23,0.37927701254974
Fig4F,Fig5C,Monkey_L,V4,pre,non_rewarded,alpha_beta,-300,0,5,30,4,23,5,24,0.37975789409244
Fig4F,Fig5C,Monkey_L,V4,pre,non_rewarded,alpha_beta,-300,0,5,30,4,24,5,25,0.398937447199265
Fig4F,Fig5C,Monkey_L,V4,pre,non_rewarded,alpha_beta,-300,0,5,30,4,25,5,26,0.422803697581879
Fig4F,Fig5C,Monkey_L,V4,pre,non_rewarded,alpha_beta,-300,0,5,30,4,26,5,27,0.439729807162534
Fig4F,Fig5C,Monkey_L,V4,pre,non_rewarded,alpha_beta,-300,0,5,30,4,27,5,28,0.458121971227426
Fig4F,Fig5C,Monkey_L,V4,pre,non_rewarded,alpha_beta,-300,0,5,30,4,28,5,29,0.476695488215488
Fig4F,Fig5C,Monkey_L,V4,pre,non_rewarded,alpha_beta,-300,0,5,30,5,4,6,5,0.628990045913682
Fig4F,Fig5C,Monkey_L,V4,pre,non_rewarded,alpha_beta,-300,0,5,30,5,5,6,6,0.630059577594123
Fig4F,Fig5C,Monkey_L,V4,pre,non_rewarded,alpha_beta,-300,0,5,30,5,6,6,7,0.627929084787267
Fig4F,Fig5C,Monkey_L,V4,pre,non_rewarded,alpha_beta,-300,0,5,30,5,7,6,8,0.609258794000612
Fig4F,Fig5C,Monkey_L,V4,pre,non_rewarded,alpha_beta,-300,0,5,30,5,8,6,9,0.575836718702173
Fig4F,Fig5C,Monkey_L,V4,pre,non_rewarded,alpha_beta,-300,0,5,30,5,9,6,10,0.542498071625344
Fig4F,Fig5C,Monkey_L,V4,pre,non_rewarded,alpha_beta,-300,0,5,30,5,10,6,11,0.530486072849709
Fig4F,Fig5C,Monkey_L,V4,pre,non_rewarded,alpha_beta,-300,0,5,30,5,11,6,12,0.536047970615243
Fig4F,Fig5C,Monkey_L,V4,pre,non_rewarded,alpha_beta,-300,0,5,30,5,12,6,13,0.518716865625957
Fig4F,Fig5C,Monkey_L,V4,pre,non_rewarded,alpha_beta,-300,0,5,30,5,13,6,14,0.489068723599633
Fig4F,Fig5C,Monkey_L,V4,pre,non_rewarded,alpha_beta,-300,0,5,30,5,14,6,15,0.450456663605755
Fig4F,Fig5C,Monkey_L,V4,pre,non_rewarded,alpha_beta,-300,0,5,30,5,15,6,16,0.42863955922865
Fig4F,Fig5C,Monkey_L,V4,pre,non_rewarded,alpha_beta,-300,0,5,30,5,16,6,17,0.420244677073768
Fig4F,Fig5C,Monkey_L,V4,pre,non_rewarded,alpha_beta,-300,0,5,30,5,17,6,18,0.428709176614631
Fig4F,Fig5C,Monkey_L,V4,pre,non_rewarded,alpha_beta,-300,0,5,30,5,18,6,19,0.429913021120294
Fig4F,Fig5C,Monkey_L,V4,pre,non_rewarded,alpha_beta,-300,0,5,30,5,19,6,20,0.428173737373737
Fig4F,Fig5C,Monkey_L,V4,pre,non_rewarded,alpha_beta,-300,0,5,30,5,20,6,21,0.407546740128558
Fig4F,Fig5C,Monkey_L,V4,pre,non_rewarded,alpha_beta,-300,0,5,30,5,21,6,22,0.408832127333945
Fig4F,Fig5C,Monkey_L,V4,pre,non_rewarded,alpha_beta,-300,0,5,30,5,22,6,23,0.397813210896847
Fig4F,Fig5C,Monkey_L,V4,pre,non_rewarded,alpha_beta,-300,0,5,30,5,23,6,24,0.406019761248852
Fig4F,Fig5C,Monkey_L,V4,pre,non_rewarded,alpha_beta,-300,0,5,30,5,24,6,25,0.446290884603612
Fig4F,Fig5C,Monkey_L,V4,pre,non_rewarded,alpha_beta,-300,0,5,30,5,25,6,26,0.48070092439547
Fig4F,Fig5C,Monkey_L,V4,pre,non_rewarded,alpha_beta,-300,0,5,30,5,26,6,27,0.501220912151821
Fig4F,Fig5C,Monkey_L,V4,pre,non_rewarded,alpha_beta,-300,0,5,30,5,27,6,28,0.519759755127028
Fig4F,Fig5C,Monkey_L,V4,pre,non_rewarded,alpha_beta,-300,0,5,30,5,28,6,29,0.533342246709519
Fig4F,Fig5C,Monkey_L,V4,pre,non_rewarded,alpha_beta,-300,0,5,30,6,4,7,5,0.609279289868381
Fig4F,Fig5C,Monkey_L,V4,pre,non_rewarded,alpha_beta,-300,0,5,30,6,5,7,6,0.615363697581879
Fig4F,Fig5C,Monkey_L,V4,pre,non_rewarded,alpha_beta,-300,0,5,30,6,6,7,7,0.609687640036731
Fig4F,Fig5C,Monkey_L,V4,pre,non_rewarded,alpha_beta,-300,0,5,30,6,7,7,8,0.60203543311907
Fig4F,Fig5C,Monkey_L,V4,pre,non_rewarded,alpha_beta,-300,0,5,30,6,8,7,9,0.593022540557086
Fig4F,Fig5C,Monkey_L,V4,pre,non_rewarded,alpha_beta,-300,0,5,30,6,9,7,10,0.571584058769513
Fig4F,Fig5C,Monkey_L,V4,pre,non_rewarded,alpha_beta,-300,0,5,30,6,10,7,11,0.52914769513315
Fig4F,Fig5C,Monkey_L,V4,pre,non_rewarded,alpha_beta,-300,0,5,30,6,11,7,12,0.515861352923171
Fig4F,Fig5C,Monkey_L,V4,pre,non_rewarded,alpha_beta,-300,0,5,30,6,12,7,13,0.501917502295684
Fig4F,Fig5C,Monkey_L,V4,pre,non_rewarded,alpha_beta,-300,0,5,30,6,13,7,14,0.513187731864095
Fig4F,Fig5C,Monkey_L,V4,pre,non_rewarded,alpha_beta,-300,0,5,30,6,14,7,15,0.481113045607591
Fig4F,Fig5C,Monkey_L,V4,pre,non_rewarded,alpha_beta,-300,0,5,30,6,15,7,16,0.456373357820631
Fig4F,Fig5C,Monkey_L,V4,pre,non_rewarded,alpha_beta,-300,0,5,30,6,16,7,17,0.445731007040098
Fig4F,Fig5C,Monkey_L,V4,pre,non_rewarded,alpha_beta,-300,0,5,30,6,17,7,18,0.433549335782063
Fig4F,Fig5C,Monkey_L,V4,pre,non_rewarded,alpha_beta,-300,0,5,30,6,18,7,19,0.427062283440465
Fig4F,Fig5C,Monkey_L,V4,pre,non_rewarded,alpha_beta,-300,0,5,30,6,19,7,20,0.418630303030303
Fig4F,Fig5C,Monkey_L,V4,pre,non_rewarded,alpha_beta,-300,0,5,30,6,20,7,21,0.407745576981941
Fig4F,Fig5C,Monkey_L,V4,pre,non_rewarded,alpha_beta,-300,0,5,30,6,21,7,22,0.392023973063973
Fig4F,Fig5C,Monkey_L,V4,pre,non_rewarded,alpha_beta,-300,0,5,30,6,22,7,23,0.398125938169575
Fig4F,Fig5C,Monkey_L,V4,pre,non_rewarded,alpha_beta,-300,0,5,30,6,23,7,24,0.419289574533211
Fig4F,Fig5C,Monkey_L,V4,pre,non_rewarded,alpha_beta,-300,0,5,30,6,24,7,25,0.441070609121518
Fig4F,Fig5C,Monkey_L,V4,pre,non_rewarded,alpha_beta,-300,0,5,30,6,25,7,26,0.477667658402204
Fig4F,Fig5C,Monkey_L,V4,pre,non_rewarded,alpha_beta,-300,0,5,30,6,26,7,27,0.513438138965412
Fig4F,Fig5C,Monkey_L,V4,pre,non_rewarded,alpha_beta,-300,0,5,30,6,27,7,28,0.536699724517906
Fig4F,Fig5C,Monkey_L,V4,pre,non_rewarded,alpha_beta,-300,0,5,30,6,28,7,29,0.539744768901133
Fig4F,Fig5C,Monkey_L,V4,pre,non_rewarded,alpha_beta,-300,0,5,30,7,4,8,5,0.591536994184267
Fig4F,Fig5C,Monkey_L,V4,pre,non_rewarded,alpha_beta,-300,0,5,30,7,5,8,6,0.592596975818794
Fig4F,Fig5C,Monkey_L,V4,pre,non_rewarded,alpha_beta,-300,0,5,30,7,6,8,7,0.603291753902663
Fig4F,Fig5C,Monkey_L,V4,pre,non_rewarded,alpha_beta,-300,0,5,30,7,7,8,8,0.603602130394858
Fig4F,Fig5C,Monkey_L,V4,pre,non_rewarded,alpha_beta,-300,0,5,30,7,8,8,9,0.613096075910621
Fig4F,Fig5C,Monkey_L,V4,pre,non_rewarded,alpha_beta,-300,0,5,30,7,9,8,10,0.609562509947964
Fig4F,Fig5C,Monkey_L,V4,pre,non_rewarded,alpha_beta,-300,0,5,30,7,10,8,11,0.563129892868075
Fig4F,Fig5C,Monkey_L,V4,pre,non_rewarded,alpha_beta,-300,0,5,30,7,11,8,12,0.524577557392103
Fig4F,Fig5C,Monkey_L,V4,pre,non_rewarded,alpha_beta,-300,0,5,30,7,12,8,13,0.493858340985614
Fig4F,Fig5C,Monkey_L,V4,pre,non_rewarded,alpha_beta,-300,0,5,30,7,13,8,14,0.49961652892562
Fig4F,Fig5C,Monkey_L,V4,pre,non_rewarded,alpha_beta,-300,0,5,30,7,14,8,15,0.494865136210591
Fig4F,Fig5C,Monkey_L,V4,pre,non_rewarded,alpha_beta,-300,0,5,30,7,15,8,16,0.483176369758188
Fig4F,Fig5C,Monkey_L,V4,pre,non_rewarded,alpha_beta,-300,0,5,30,7,16,8,17,0.466186887052342
Fig4F,Fig5C,Monkey_L,V4,pre,non_rewarded,alpha_beta,-300,0,5,30,7,17,8,18,0.464928558310376
Fig4F,Fig5C,Monkey_L,V4,pre,non_rewarded,alpha_beta,-300,0,5,30,7,18,8,19,0.474778181818182
Fig4F,Fig5C,Monkey_L,V4,pre,non_rewarded,alpha_beta,-300,0,5,30,7,19,8,20,0.487900238751148
Fig4F,Fig5C,Monkey_L,V4,pre,non_rewarded,alpha_beta,-300,0,5,30,7,20,8,21,0.498569917355372
Fig4F,Fig5C,Monkey_L,V4,pre,non_rewarded,alpha_beta,-300,0,5,30,7,21,8,22,0.486613112947658
Fig4F,Fig5C,Monkey_L,V4,pre,non_rewarded,alpha_beta,-300,0,5,30,7,22,8,23,0.46087745332109
Fig4F,Fig5C,Monkey_L,V4,pre,non_rewarded,alpha_beta,-300,0,5,30,7,23,8,24,0.464540091827365
Fig4F,Fig5C,Monkey_L,V4,pre,non_rewarded,alpha_beta,-300,0,5,30,7,24,8,25,0.465369158249158
Fig4F,Fig5C,Monkey_L,V4,pre,non_rewarded,alpha_beta,-300,0,5,30,7,25,8,26,0.469302136516682
Fig4F,Fig5C,Monkey_L,V4,pre,non_rewarded,alpha_beta,-300,0,5,30,7,26,8,27,0.477955898377717
Fig4F,Fig5C,Monkey_L,V4,pre,non_rewarded,alpha_beta,-300,0,5,30,7,27,8,28,0.476031000918274
Fig4F,Fig5C,Monkey_L,V4,pre,non_rewarded,alpha_beta,-300,0,5,30,7,28,8,29,0.498173737373737
Fig4F,Fig5C,Monkey_L,V4,post,rewarded,alpha_beta,-300,0,5,30,0,4,1,5,0.506020540977829
Fig4F,Fig5C,Monkey_L,V4,post,rewarded,alpha_beta,-300,0,5,30,0,5,1,6,0.506795747629117
Fig4F,Fig5C,Monkey_L,V4,post,rewarded,alpha_beta,-300,0,5,30,0,6,1,7,0.51291548122517
Fig4F,Fig5C,Monkey_L,V4,post,rewarded,alpha_beta,-300,0,5,30,0,7,1,8,0.524344090413943
Fig4F,Fig5C,Monkey_L,V4,post,rewarded,alpha_beta,-300,0,5,30,0,8,1,9,0.530894824106113
Fig4F,Fig5C,Monkey_L,V4,post,rewarded,alpha_beta,-300,0,5,30,0,9,1,10,0.537465730328079
Fig4F,Fig5C,Monkey_L,V4,post,rewarded,alpha_beta,-300,0,5,30,0,10,1,11,0.509793204536717
Fig4F,Fig5C,Monkey_L,V4,post,rewarded,alpha_beta,-300,0,5,30,0,11,1,12,0.463615468409586
Fig4F,Fig5C,Monkey_L,V4,post,rewarded,alpha_beta,-300,0,5,30,0,12,1,13,0.42847439286172
Fig4F,Fig5C,Monkey_L,V4,post,rewarded,alpha_beta,-300,0,5,30,0,13,1,14,0.406527717704729
Fig4F,Fig5C,Monkey_L,V4,post,rewarded,alpha_beta,-300,0,5,30,0,14,1,15,0.40527407727797
Fig4F,Fig5C,Monkey_L,V4,post,rewarded,alpha_beta,-300,0,5,30,0,15,1,16,0.41113113946559
Fig4F,Fig5C,Monkey_L,V4,post,rewarded,alpha_beta,-300,0,5,30,0,16,1,17,0.424338920126874
Fig4F,Fig5C,Monkey_L,V4,post,rewarded,alpha_beta,-300,0,5,30,0,17,1,18,0.434249219050365
Fig4F,Fig5C,Monkey_L,V4,post,rewarded,alpha_beta,-300,0,5,30,0,18,1,19,0.449694792868128
Fig4F,Fig5C,Monkey_L,V4,post,rewarded,alpha_beta,-300,0,5,30,0,19,1,20,0.453349701236704
Fig4F,Fig5C,Monkey_L,V4,post,rewarded,alpha_beta,-300,0,5,30,0,20,1,21,0.460732923234653
Fig4F,Fig5C,Monkey_L,V4,post,rewarded,alpha_beta,-300,0,5,30,0,21,1,22,0.46852151816609
Fig4F,Fig5C,Monkey_L,V4,post,rewarded,alpha_beta,-300,0,5,30,0,22,1,23,0.472028935185185
Fig4F,Fig5C,Monkey_L,V4,post,rewarded,alpha_beta,-300,0,5,30,0,23,1,24,0.473740031878765
Fig4F,Fig5C,Monkey_L,V4,post,rewarded,alpha_beta,-300,0,5,30,0,24,1,25,0.472476551486608
Fig4F,Fig5C,Monkey_L,V4,post,rewarded,alpha_beta,-300,0,5,30,0,25,1,26,0.470028090157632
Fig4F,Fig5C,Monkey_L,V4,post,rewarded,alpha_beta,-300,0,5,30,0,26,1,27,0.45867929402153
Fig4F,Fig5C,Monkey_L,V4,post,rewarded,alpha_beta,-300,0,5,30,0,27,1,28,0.450581571190568
Fig4F,Fig5C,Monkey_L,V4,post,rewarded,alpha_beta,-300,0,5,30,0,28,1,29,0.4553053232731
Fig4F,Fig5C,Monkey_L,V4,post,rewarded,alpha_beta,-300,0,5,30,1,4,2,5,0.493229046520569
Fig4F,Fig5C,Monkey_L,V4,post,rewarded,alpha_beta,-300,0,5,30,1,5,2,6,0.501624531430219
Fig4F,Fig5C,Monkey_L,V4,post,rewarded,alpha_beta,-300,0,5,30,1,6,2,7,0.509013784762271
Fig4F,Fig5C,Monkey_L,V4,post,rewarded,alpha_beta,-300,0,5,30,1,7,2,8,0.501806208349353
Fig4F,Fig5C,Monkey_L,V4,post,rewarded,alpha_beta,-300,0,5,30,1,8,2,9,0.507541910963732
Fig4F,Fig5C,Monkey_L,V4,post,rewarded,alpha_beta,-300,0,5,30,1,9,2,10,0.515737761117519
Fig4F,Fig5C,Monkey_L,V4,post,rewarded,alpha_beta,-300,0,5,30,1,10,2,11,0.524962942938613
Fig4F,Fig5C,Monkey_L,V4,post,rewarded,alpha_beta,-300,0,5,30,1,11,2,12,0.512917976259131
Fig4F,Fig5C,Monkey_L,V4,post,rewarded,alpha_beta,-300,0,5,30,1,12,2,13,0.490495454472639
Fig4F,Fig5C,Monkey_L,V4,post,rewarded,alpha_beta,-300,0,5,30,1,13,2,14,0.46637807173523
Fig4F,Fig5C,Monkey_L,V4,post,rewarded,alpha_beta,-300,0,5,30,1,14,2,15,0.441320986319364
Fig4F,Fig5C,Monkey_L,V4,post,rewarded,alpha_beta,-300,0,5,30,1,15,2,16,0.434884503556325
Fig4F,Fig5C,Monkey_L,V4,post,rewarded,alpha_beta,-300,0,5,30,1,16,2,17,0.443413230488274
Fig4F,Fig5C,Monkey_L,V4,post,rewarded,alpha_beta,-300,0,5,30,1,17,2,18,0.452335507977701
Fig4F,Fig5C,Monkey_L,V4,post,rewarded,alpha_beta,-300,0,5,30,1,18,2,19,0.457549356016917
Fig4F,Fig5C,Monkey_L,V4,post,rewarded,alpha_beta,-300,0,5,30,1,19,2,20,0.455099661188005
Fig4F,Fig5C,Monkey_L,V4,post,rewarded,alpha_beta,-300,0,5,30,1,20,2,21,0.452433306901192
Fig4F,Fig5C,Monkey_L,V4,post,rewarded,alpha_beta,-300,0,5,30,1,21,2,22,0.458701617166474
Fig4F,Fig5C,Monkey_L,V4,post,rewarded,alpha_beta,-300,0,5,30,1,22,2,23,0.468629353293605
Fig4F,Fig5C,Monkey_L,V4,post,rewarded,alpha_beta,-300,0,5,30,1,23,2,24,0.480075619953864
Fig4F,Fig5C,Monkey_L,V4,post,rewarded,alpha_beta,-300,0,5,30,1,24,2,25,0.481575660002563
Fig4F,Fig5C,Monkey_L,V4,post,rewarded,alpha_beta,-300,0,5,30,1,25,2,26,0.470496707996924
Fig4F,Fig5C,Monkey_L,V4,post,rewarded,alpha_beta,-300,0,5,30,1,26,2,27,0.465785407054979
Fig4F,Fig5C,Monkey_L,V4,post,rewarded,alpha_beta,-300,0,5,30,1,27,2,28,0.472523660771498
Fig4F,Fig5C,Monkey_L,V4,post,rewarded,alpha_beta,-300,0,5,30,1,28,2,29,0.477849561066257
Fig4F,Fig5C,Monkey_L,V4,post,rewarded,alpha_beta,-300,0,5,30,2,4,3,5,0.495462282135076
Fig4F,Fig5C,Monkey_L,V4,post,rewarded,alpha_beta,-300,0,5,30,2,5,3,6,0.50074541041907
Fig4F,Fig5C,Monkey_L,V4,post,rewarded,alpha_beta,-300,0,5,30,2,6,3,7,0.505742859316929
Fig4F,Fig5C,Monkey_L,V4,post,rewarded,alpha_beta,-300,0,5,30,2,7,3,8,0.497045415224913
Fig4F,Fig5C,Monkey_L,V4,post,rewarded,alpha_beta,-300,0,5,30,2,8,3,9,0.486956338908112
Fig4F,Fig5C,Monkey_L,V4,post,rewarded,alpha_beta,-300,0,5,30,2,9,3,10,0.489290841663463
Fig4F,Fig5C,Monkey_L,V4,post,rewarded,alpha_beta,-300,0,5,30,2,10,3,11,0.504378784602076
Fig4F,Fig5C,Monkey_L,V4,post,rewarded,alpha_beta,-300,0,5,30,2,11,3,12,0.506656946847367
Fig4F,Fig5C,Monkey_L,V4,post,rewarded,alpha_beta,-300,0,5,30,2,12,3,13,0.496929698513392
Fig4F,Fig5C,Monkey_L,V4,post,rewarded,alpha_beta,-300,0,5,30,2,13,3,14,0.473871691977445
Fig4F,Fig5C,Monkey_L,V4,post,rewarded,alpha_beta,-300,0,5,30,2,14,3,15,0.454263576509035
Fig4F,Fig5C,Monkey_L,V4,post,rewarded,alpha_beta,-300,0,5,30,2,15,3,16,0.450331807477893
Fig4F,Fig5C,Monkey_L,V4,post,rewarded,alpha_beta,-300,0,5,30,2,16,3,17,0.465027737729079
Fig4F,Fig5C,Monkey_L,V4,post,rewarded,alpha_beta,-300,0,5,30,2,17,3,18,0.478678529091375
Fig4F,Fig5C,Monkey_L,V4,post,rewarded,alpha_beta,-300,0,5,30,2,18,3,19,0.495039756343714
Fig4F,Fig5C,Monkey_L,V4,post,rewarded,alpha_beta,-300,0,5,30,2,19,3,20,0.504347029988466
Fig4F,Fig5C,Monkey_L,V4,post,rewarded,alpha_beta,-300,0,5,30,2,20,3,21,0.499442550140971
Fig4F,Fig5C,Monkey_L,V4,post,rewarded,alpha_beta,-300,0,5,30,2,21,3,22,0.480470856561579
Fig4F,Fig5C,Monkey_L,V4,post,rewarded,alpha_beta,-300,0,5,30,2,22,3,23,0.468803312828399
Fig4F,Fig5C,Monkey_L,V4,post,rewarded,alpha_beta,-300,0,5,30,2,23,3,24,0.459909974529027
Fig4F,Fig5C,Monkey_L,V4,post,rewarded,alpha_beta,-300,0,5,30,2,24,3,25,0.460272863802384
Fig4F,Fig5C,Monkey_L,V4,post,rewarded,alpha_beta,-300,0,5,30,2,25,3,26,0.470999082884788
Fig4F,Fig5C,Monkey_L,V4,post,rewarded,alpha_beta,-300,0,5,30,2,26,3,27,0.47483758650519
Fig4F,Fig5C,Monkey_L,V4,post,rewarded,alpha_beta,-300,0,5,30,2,27,3,28,0.465101607554787
Fig4F,Fig5C,Monkey_L,V4,post,rewarded,alpha_beta,-300,0,5,30,2,28,3,29,0.448919666314238
Fig4F,Fig5C,Monkey_L,V4,post,rewarded,alpha_beta,-300,0,5,30,3,4,4,5,0.50914601355248
Fig4F,Fig5C,Monkey_L,V4,post,rewarded,alpha_beta,-300,0,5,30,3,5,4,6,0.507448553440984
Fig4F,Fig5C,Monkey_L,V4,post,rewarded,alpha_beta,-300,0,5,30,3,6,4,7,0.50188009419454
Fig4F,Fig5C,Monkey_L,V4,post,rewarded,alpha_beta,-300,0,5,30,3,7,4,8,0.495260933294887
Fig4F,Fig5C,Monkey_L,V4,post,rewarded,alpha_beta,-300,0,5,30,3,8,4,9,0.495638792772011
Fig4F,Fig5C,Monkey_L,V4,post,rewarded,alpha_beta,-300,0,5,30,3,9,4,10,0.503670114859669
Fig4F,Fig5C,Monkey_L,V4,post,rewarded,alpha_beta,-300,0,5,30,3,10,4,11,0.508221597462514
Fig4F,Fig5C,Monkey_L,V4,post,rewarded,alpha_beta,-300,0,5,30,3,11,4,12,0.499822616301422
Fig4F,Fig5C,Monkey_L,V4,post,rewarded,alpha_beta,-300,0,5,30,3,12,4,13,0.477609873606305
Fig4F,Fig5C,Monkey_L,V4,post,rewarded,alpha_beta,-300,0,5,30,3,13,4,14,0.464448989971806
Fig4F,Fig5C,Monkey_L,V4,post,rewarded,alpha_beta,-300,0,5,30,3,14,4,15,0.45178430571575
Fig4F,Fig5C,Monkey_L,V4,post,rewarded,alpha_beta,-300,0,5,30,3,15,4,16,0.453102656830706
Fig4F,Fig5C,Monkey_L,V4,post,rewarded,alpha_beta,-300,0,5,30,3,16,4,17,0.463007609252851
Fig4F,Fig5C,Monkey_L,V4,post,rewarded,alpha_beta,-300,0,5,30,3,17,4,18,0.480985274093297
Fig4F,Fig5C,Monkey_L,V4,post,rewarded,alpha_beta,-300,0,5,30,3,18,4,19,0.507303649237473
Fig4F,Fig5C,Monkey_L,V4,post,rewarded,alpha_beta,-300,0,5,30,3,19,4,20,0.515719098423683
Fig4F,Fig5C,Monkey_L,V4,post,rewarded,alpha_beta,-300,0,5,30,3,20,4,21,0.512409261662181
Fig4F,Fig5C,Monkey_L,V4,post,rewarded,alpha_beta,-300,0,5,30,3,21,4,22,0.503013536460336
Fig4F,Fig5C,Monkey_L,V4,post,rewarded,alpha_beta,-300,0,5,30,3,22,4,23,0.495804982859157
Fig4F,Fig5C,Monkey_L,V4,post,rewarded,alpha_beta,-300,0,5,30,3,23,4,24,0.489735177976419
Fig4F,Fig5C,Monkey_L,V4,post,rewarded,alpha_beta,-300,0,5,30,3,24,4,25,0.484277949987184
Fig4F,Fig5C,Monkey_L,V4,post,rewarded,alpha_beta,-300,0,5,30,3,25,4,26,0.475698877835448
Fig4F,Fig5C,Monkey_L,V4,post,rewarded,alpha_beta,-300,0,5,30,3,26,4,27,0.460294950660003
Fig4F,Fig5C,Monkey_L,V4,post,rewarded,alpha_beta,-300,0,5,30,3,27,4,28,0.44533607266436
Fig4F,Fig5C,Monkey_L,V4,post,rewarded,alpha_beta,-300,0,5,30,3,28,4,29,0.438284990548507
Fig4F,Fig5C,Monkey_L,V4,post,rewarded,alpha_beta,-300,0,5,30,4,4,5,5,0.521387230872741
Fig4F,Fig5C,Monkey_L,V4,post,rewarded,alpha_beta,-300,0,5,30,4,5,5,6,0.506312023420479
Fig4F,Fig5C,Monkey_L,V4,post,rewarded,alpha_beta,-300,0,5,30,4,6,5,7,0.502827594354735
Fig4F,Fig5C,Monkey_L,V4,post,rewarded,alpha_beta,-300,0,5,30,4,7,5,8,0.496402108964501
Fig4F,Fig5C,Monkey_L,V4,post,rewarded,alpha_beta,-300,0,5,30,4,8,5,9,0.495868079584775
Fig4F,Fig5C,Monkey_L,V4,post,rewarded,alpha_beta,-300,0,5,30,4,9,5,10,0.505702550301166
Fig4F,Fig5C,Monkey_L,V4,post,rewarded,alpha_beta,-300,0,5,30,4,10,5,11,0.509396766468025
Fig4F,Fig5C,Monkey_L,V4,post,rewarded,alpha_beta,-300,0,5,30,4,11,5,12,0.502535310938101
Fig4F,Fig5C,Monkey_L,V4,post,rewarded,alpha_beta,-300,0,5,30,4,12,5,13,0.485499843810073
Fig4F,Fig5C,Monkey_L,V4,post,rewarded,alpha_beta,-300,0,5,30,4,13,5,14,0.470892184896835
Fig4F,Fig5C,Monkey_L,V4,post,rewarded,alpha_beta,-300,0,5,30,4,14,5,15,0.467540593361527
Fig4F,Fig5C,Monkey_L,V4,post,rewarded,alpha_beta,-300,0,5,30,4,15,5,16,0.473866089164424
Fig4F,Fig5C,Monkey_L,V4,post,rewarded,alpha_beta,-300,0,5,30,4,16,5,17,0.474750060073049
Fig4F,Fig5C,Monkey_L,V4,post,rewarded,alpha_beta,-300,0,5,30,4,17,5,18,0.475477536684609
Fig4F,Fig5C,Monkey_L,V4,post,rewarded,alpha_beta,-300,0,5,30,4,18,5,19,0.485642537325388
Fig4F,Fig5C,Monkey_L,V4,post,rewarded,alpha_beta,-300,0,5,30,4,19,5,20,0.503444256215558
Fig4F,Fig5C,Monkey_L,V4,post,rewarded,alpha_beta,-300,0,5,30,4,20,5,21,0.502115961008586
Fig4F,Fig5C,Monkey_L,V4,post,rewarded,alpha_beta,-300,0,5,30,4,21,5,22,0.479768478469819
Fig4F,Fig5C,Monkey_L,V4,post,rewarded,alpha_beta,-300,0,5,30,4,22,5,23,0.448238886485967
Fig4F,Fig5C,Monkey_L,V4,post,rewarded,alpha_beta,-300,0,5,30,4,23,5,24,0.440746663943355
Fig4F,Fig5C,Monkey_L,V4,post,rewarded,alpha_beta,-300,0,5,30,4,24,5,25,0.437007128668461
Fig4F,Fig5C,Monkey_L,V4,post,rewarded,alpha_beta,-300,0,5,30,4,25,5,26,0.451784001345636
Fig4F,Fig5C,Monkey_L,V4,post,rewarded,alpha_beta,-300,0,5,30,4,26,5,27,0.472847254261182
Fig4F,Fig5C,Monkey_L,V4,post,rewarded,alpha_beta,-300,0,5,30,4,27,5,28,0.479123894655902
Fig4F,Fig5C,Monkey_L,V4,post,rewarded,alpha_beta,-300,0,5,30,4,28,5,29,0.468750480584391
Fig4F,Fig5C,Monkey_L,V4,post,rewarded,alpha_beta,-300,0,5,30,5,4,6,5,0.527399417691913
Fig4F,Fig5C,Monkey_L,V4,post,rewarded,alpha_beta,-300,0,5,30,5,5,6,6,0.511907135076253
Fig4F,Fig5C,Monkey_L,V4,post,rewarded,alpha_beta,-300,0,5,30,5,6,6,7,0.497482823112905
Fig4F,Fig5C,Monkey_L,V4,post,rewarded,alpha_beta,-300,0,5,30,5,7,6,8,0.484615848872229
Fig4F,Fig5C,Monkey_L,V4,post,rewarded,alpha_beta,-300,0,5,30,5,8,6,9,0.48773102092144
Fig4F,Fig5C,Monkey_L,V4,post,rewarded,alpha_beta,-300,0,5,30,5,9,6,10,0.509915713507625
Fig4F,Fig5C,Monkey_L,V4,post,rewarded,alpha_beta,-300,0,5,30,5,10,6,11,0.539398228245547
Fig4F,Fig5C,Monkey_L,V4,post,rewarded,alpha_beta,-300,0,5,30,5,11,6,12,0.54203074138152
Fig4F,Fig5C,Monkey_L,V4,post,rewarded,alpha_beta,-300,0,5,30,5,12,6,13,0.532418705145457
Fig4F,Fig5C,Monkey_L,V4,post,rewarded,alpha_beta,-300,0,5,30,5,13,6,14,0.523791458413431
Fig4F,Fig5C,Monkey_L,V4,post,rewarded,alpha_beta,-300,0,5,30,5,14,6,15,0.509699830994489
Fig4F,Fig5C,Monkey_L,V4,post,rewarded,alpha_beta,-300,0,5,30,5,15,6,16,0.501985550429322
Fig4F,Fig5C,Monkey_L,V4,post,rewarded,alpha_beta,-300,0,5,30,5,16,6,17,0.503907631680123
Fig4F,Fig5C,Monkey_L,V4,post,rewarded,alpha_beta,-300,0,5,30,5,17,6,18,0.513126722094066
Fig4F,Fig5C,Monkey_L,V4,post,rewarded,alpha_beta,-300,0,5,30,5,18,6,19,0.510672353581956
Fig4F,Fig5C,Monkey_L,V4,post,rewarded,alpha_beta,-300,0,5,30,5,19,6,20,0.499530004485454
Fig4F,Fig5C,Monkey_L,V4,post,rewarded,alpha_beta,-300,0,5,30,5,20,6,21,0.494723127322825
Fig4F,Fig5C,Monkey_L,V4,post,rewarded,alpha_beta,-300,0,5,30,5,21,6,22,0.485900975586313
Fig4F,Fig5C,Monkey_L,V4,post,rewarded,alpha_beta,-300,0,5,30,5,22,6,23,0.472959110278098
Fig4F,Fig5C,Monkey_L,V4,post,rewarded,alpha_beta,-300,0,5,30,5,23,6,24,0.456800000800974
Fig4F,Fig5C,Monkey_L,V4,post,rewarded,alpha_beta,-300,0,5,30,5,24,6,25,0.441665885717032
Fig4F,Fig5C,Monkey_L,V4,post,rewarded,alpha_beta,-300,0,5,30,5,25,6,26,0.433673815359477
Fig4F,Fig5C,Monkey_L,V4,post,rewarded,alpha_beta,-300,0,5,30,5,26,6,27,0.440607398596694
Fig4F,Fig5C,Monkey_L,V4,post,rewarded,alpha_beta,-300,0,5,30,5,27,6,28,0.458285443098808
Fig4F,Fig5C,Monkey_L,V4,post,rewarded,alpha_beta,-300,0,5,30,5,28,6,29,0.468017321062412
Fig4F,Fig5C,Monkey_L,V4,post,rewarded,alpha_beta,-300,0,5,30,6,4,7,5,0.521662157183135
Fig4F,Fig5C,Monkey_L,V4,post,rewarded,alpha_beta,-300,0,5,30,6,5,7,6,0.515132388985006
Fig4F,Fig5C,Monkey_L,V4,post,rewarded,alpha_beta,-300,0,5,30,6,6,7,7,0.498880947231834
Fig4F,Fig5C,Monkey_L,V4,post,rewarded,alpha_beta,-300,0,5,30,6,7,7,8,0.484661119921825
Fig4F,Fig5C,Monkey_L,V4,post,rewarded,alpha_beta,-300,0,5,30,6,8,7,9,0.477275026432141
Fig4F,Fig5C,Monkey_L,V4,post,rewarded,alpha_beta,-300,0,5,30,6,9,7,10,0.488014653819044
Fig4F,Fig5C,Monkey_L,V4,post,rewarded,alpha_beta,-300,0,5,30,6,10,7,11,0.519899678008458
Fig4F,Fig5C,Monkey_L,V4,post,rewarded,alpha_beta,-300,0,5,30,6,11,7,12,0.563737793156478
Fig4F,Fig5C,Monkey_L,V4,post,rewarded,alpha_beta,-300,0,5,30,6,12,7,13,0.57672589869281
Fig4F,Fig5C,Monkey_L,V4,post,rewarded,alpha_beta,-300,0,5,30,6,13,7,14,0.56769162501602
Fig4F,Fig5C,Monkey_L,V4,post,rewarded,alpha_beta,-300,0,5,30,6,14,7,15,0.540579720940664
Fig4F,Fig5C,Monkey_L,V4,post,rewarded,alpha_beta,-300,0,5,30,6,15,7,16,0.513102929161861
Fig4F,Fig5C,Monkey_L,V4,post,rewarded,alpha_beta,-300,0,5,30,6,16,7,17,0.506844322696399
Fig4F,Fig5C,Monkey_L,V4,post,rewarded,alpha_beta,-300,0,5,30,6,17,7,18,0.521983920447264
Fig4F,Fig5C,Monkey_L,V4,post,rewarded,alpha_beta,-300,0,5,30,6,18,7,19,0.543271089645008
Fig4F,Fig5C,Monkey_L,V4,post,rewarded,alpha_beta,-300,0,5,30,6,19,7,20,0.548363490003845
Fig4F,Fig5C,Monkey_L,V4,post,rewarded,alpha_beta,-300,0,5,30,6,20,7,21,0.537084566833269
Fig4F,Fig5C,Monkey_L,V4,post,rewarded,alpha_beta,-300,0,5,30,6,21,7,22,0.515279307638088
Fig4F,Fig5C,Monkey_L,V4,post,rewarded,alpha_beta,-300,0,5,30,6,22,7,23,0.494190463603742
Fig4F,Fig5C,Monkey_L,V4,post,rewarded,alpha_beta,-300,0,5,30,6,23,7,24,0.480037237280533
Fig4F,Fig5C,Monkey_L,V4,post,rewarded,alpha_beta,-300,0,5,30,6,24,7,25,0.470119713571703
Fig4F,Fig5C,Monkey_L,V4,post,rewarded,alpha_beta,-300,0,5,30,6,25,7,26,0.47033142701525
Fig4F,Fig5C,Monkey_L,V4,post,rewarded,alpha_beta,-300,0,5,30,6,26,7,27,0.459640170447264
Fig4F,Fig5C,Monkey_L,V4,post,rewarded,alpha_beta,-300,0,5,30,6,27,7,28,0.457001241509676
Fig4F,Fig5C,Monkey_L,V4,post,rewarded,alpha_beta,-300,0,5,30,6,28,7,29,0.449907463475586
Fig4F,Fig5C,Monkey_L,V4,post,rewarded,alpha_beta,-300,0,5,30,7,4,8,5,0.51404510684993
Fig4F,Fig5C,Monkey_L,V4,post,rewarded,alpha_beta,-300,0,5,30,7,5,8,6,0.516201196655133
Fig4F,Fig5C,Monkey_L,V4,post,rewarded,alpha_beta,-300,0,5,30,7,6,8,7,0.508413342624631
Fig4F,Fig5C,Monkey_L,V4,post,rewarded,alpha_beta,-300,0,5,30,7,7,8,8,0.504444608644111
Fig4F,Fig5C,Monkey_L,V4,post,rewarded,alpha_beta,-300,0,5,30,7,8,8,9,0.494937455946431
Fig4F,Fig5C,Monkey_L,V4,post,rewarded,alpha_beta,-300,0,5,30,7,9,8,10,0.504921556612841
Fig4F,Fig5C,Monkey_L,V4,post,rewarded,alpha_beta,-300,0,5,30,7,10,8,11,0.519912866045111
Fig4F,Fig5C,Monkey_L,V4,post,rewarded,alpha_beta,-300,0,5,30,7,11,8,12,0.54004714933359
Fig4F,Fig5C,Monkey_L,V4,post,rewarded,alpha_beta,-300,0,5,30,7,12,8,13,0.556497500961169
Fig4F,Fig5C,Monkey_L,V4,post,rewarded,alpha_beta,-300,0,5,30,7,13,8,14,0.569844294662309
Fig4F,Fig5C,Monkey_L,V4,post,rewarded,alpha_beta,-300,0,5,30,7,14,8,15,0.562170142893759
Fig4F,Fig5C,Monkey_L,V4,post,rewarded,alpha_beta,-300,0,5,30,7,15,8,16,0.551796492534922
Fig4F,Fig5C,Monkey_L,V4,post,rewarded,alpha_beta,-300,0,5,30,7,16,8,17,0.54118649077278
Fig4F,Fig5C,Monkey_L,V4,post,rewarded,alpha_beta,-300,0,5,30,7,17,8,18,0.535319376361656
Fig4F,Fig5C,Monkey_L,V4,post,rewarded,alpha_beta,-300,0,5,30,7,18,8,19,0.533725366045111
Fig4F,Fig5C,Monkey_L,V4,post,rewarded,alpha_beta,-300,0,5,30,7,19,8,20,0.519942710335768
Fig4F,Fig5C,Monkey_L,V4,post,rewarded,alpha_beta,-300,0,5,30,7,20,8,21,0.502667391548122
Fig4F,Fig5C,Monkey_L,V4,post,rewarded,alpha_beta,-300,0,5,30,7,21,8,22,0.495304686498782
Fig4F,Fig5C,Monkey_L,V4,post,rewarded,alpha_beta,-300,0,5,30,7,22,8,23,0.488661812764321
Fig4F,Fig5C,Monkey_L,V4,post,rewarded,alpha_beta,-300,0,5,30,7,23,8,24,0.476685365404332
Fig4F,Fig5C,Monkey_L,V4,post,rewarded,alpha_beta,-300,0,5,30,7,24,8,25,0.460308134691785
Fig4F,Fig5C,Monkey_L,V4,post,rewarded,alpha_beta,-300,0,5,30,7,25,8,26,0.445639814013841
Fig4F,Fig5C,Monkey_L,V4,post,rewarded,alpha_beta,-300,0,5,30,7,26,8,27,0.439215730328079
Fig4F,Fig5C,Monkey_L,V4,post,rewarded,alpha_beta,-300,0,5,30,7,27,8,28,0.449458265250545
Fig4F,Fig5C,Monkey_L,V4,post,rewarded,alpha_beta,-300,0,5,30,7,28,8,29,0.46747541410355
Fig4F,Fig5C,Monkey_L,V4,post,non_rewarded,alpha_beta,-300,0,5,30,0,4,1,5,0.49975
Fig4F,Fig5C,Monkey_L,V4,post,non_rewarded,alpha_beta,-300,0,5,30,0,5,1,6,0.5180625
Fig4F,Fig5C,Monkey_L,V4,post,non_rewarded,alpha_beta,-300,0,5,30,0,6,1,7,0.5223125
Fig4F,Fig5C,Monkey_L,V4,post,non_rewarded,alpha_beta,-300,0,5,30,0,7,1,8,0.55325
Fig4F,Fig5C,Monkey_L,V4,post,non_rewarded,alpha_beta,-300,0,5,30,0,8,1,9,0.5775
Fig4F,Fig5C,Monkey_L,V4,post,non_rewarded,alpha_beta,-300,0,5,30,0,9,1,10,0.587375
Fig4F,Fig5C,Monkey_L,V4,post,non_rewarded,alpha_beta,-300,0,5,30,0,10,1,11,0.620125
Fig4F,Fig5C,Monkey_L,V4,post,non_rewarded,alpha_beta,-300,0,5,30,0,11,1,12,0.6473125
Fig4F,Fig5C,Monkey_L,V4,post,non_rewarded,alpha_beta,-300,0,5,30,0,12,1,13,0.6645625
Fig4F,Fig5C,Monkey_L,V4,post,non_rewarded,alpha_beta,-300,0,5,30,0,13,1,14,0.703625
Fig4F,Fig5C,Monkey_L,V4,post,non_rewarded,alpha_beta,-300,0,5,30,0,14,1,15,0.6875625
Fig4F,Fig5C,Monkey_L,V4,post,non_rewarded,alpha_beta,-300,0,5,30,0,15,1,16,0.6745
Fig4F,Fig5C,Monkey_L,V4,post,non_rewarded,alpha_beta,-300,0,5,30,0,16,1,17,0.665875
Fig4F,Fig5C,Monkey_L,V4,post,non_rewarded,alpha_beta,-300,0,5,30,0,17,1,18,0.6115
Fig4F,Fig5C,Monkey_L,V4,post,non_rewarded,alpha_beta,-300,0,5,30,0,18,1,19,0.551
Fig4F,Fig5C,Monkey_L,V4,post,non_rewarded,alpha_beta,-300,0,5,30,0,19,1,20,0.5123125
Fig4F,Fig5C,Monkey_L,V4,post,non_rewarded,alpha_beta,-300,0,5,30,0,20,1,21,0.4990625
Fig4F,Fig5C,Monkey_L,V4,post,non_rewarded,alpha_beta,-300,0,5,30,0,21,1,22,0.5118125
Fig4F,Fig5C,Monkey_L,V4,post,non_rewarded,alpha_beta,-300,0,5,30,0,22,1,23,0.538375
Fig4F,Fig5C,Monkey_L,V4,post,non_rewarded,alpha_beta,-300,0,5,30,0,23,1,24,0.5566875
Fig4F,Fig5C,Monkey_L,V4,post,non_rewarded,alpha_beta,-300,0,5,30,0,24,1,25,0.54475
Fig4F,Fig5C,Monkey_L,V4,post,non_rewarded,alpha_beta,-300,0,5,30,0,25,1,26,0.5173125
Fig4F,Fig5C,Monkey_L,V4,post,non_rewarded,alpha_beta,-300,0,5,30,0,26,1,27,0.5060625
Fig4F,Fig5C,Monkey_L,V4,post,non_rewarded,alpha_beta,-300,0,5,30,0,27,1,28,0.49175
Fig4F,Fig5C,Monkey_L,V4,post,non_rewarded,alpha_beta,-300,0,5,30,0,28,1,29,0.50125
Fig4F,Fig5C,Monkey_L,V4,post,non_rewarded,alpha_beta,-300,0,5,30,1,4,2,5,0.53425
Fig4F,Fig5C,Monkey_L,V4,post,non_rewarded,alpha_beta,-300,0,5,30,1,5,2,6,0.5379375
Fig4F,Fig5C,Monkey_L,V4,post,non_rewarded,alpha_beta,-300,0,5,30,1,6,2,7,0.529
Fig4F,Fig5C,Monkey_L,V4,post,non_rewarded,alpha_beta,-300,0,5,30,1,7,2,8,0.538125
Fig4F,Fig5C,Monkey_L,V4,post,non_rewarded,alpha_beta,-300,0,5,30,1,8,2,9,0.548625
Fig4F,Fig5C,Monkey_L,V4,post,non_rewarded,alpha_beta,-300,0,5,30,1,9,2,10,0.578
Fig4F,Fig5C,Monkey_L,V4,post,non_rewarded,alpha_beta,-300,0,5,30,1,10,2,11,0.597375
Fig4F,Fig5C,Monkey_L,V4,post,non_rewarded,alpha_beta,-300,0,5,30,1,11,2,12,0.61975
Fig4F,Fig5C,Monkey_L,V4,post,non_rewarded,alpha_beta,-300,0,5,30,1,12,2,13,0.6215
Fig4F,Fig5C,Monkey_L,V4,post,non_rewarded,alpha_beta,-300,0,5,30,1,13,2,14,0.63675
Fig4F,Fig5C,Monkey_L,V4,post,non_rewarded,alpha_beta,-300,0,5,30,1,14,2,15,0.6461875
Fig4F,Fig5C,Monkey_L,V4,post,non_rewarded,alpha_beta,-300,0,5,30,1,15,2,16,0.6543125
Fig4F,Fig5C,Monkey_L,V4,post,non_rewarded,alpha_beta,-300,0,5,30,1,16,2,17,0.6549375
Fig4F,Fig5C,Monkey_L,V4,post,non_rewarded,alpha_beta,-300,0,5,30,1,17,2,18,0.6325
Fig4F,Fig5C,Monkey_L,V4,post,non_rewarded,alpha_beta,-300,0,5,30,1,18,2,19,0.58725
Fig4F,Fig5C,Monkey_L,V4,post,non_rewarded,alpha_beta,-300,0,5,30,1,19,2,20,0.53825
Fig4F,Fig5C,Monkey_L,V4,post,non_rewarded,alpha_beta,-300,0,5,30,1,20,2,21,0.514125
Fig4F,Fig5C,Monkey_L,V4,post,non_rewarded,alpha_beta,-300,0,5,30,1,21,2,22,0.5334375
Fig4F,Fig5C,Monkey_L,V4,post,non_rewarded,alpha_beta,-300,0,5,30,1,22,2,23,0.54725
Fig4F,Fig5C,Monkey_L,V4,post,non_rewarded,alpha_beta,-300,0,5,30,1,23,2,24,0.55125
Fig4F,Fig5C,Monkey_L,V4,post,non_rewarded,alpha_beta,-300,0,5,30,1,24,2,25,0.5481875
Fig4F,Fig5C,Monkey_L,V4,post,non_rewarded,alpha_beta,-300,0,5,30,1,25,2,26,0.5220625
Fig4F,Fig5C,Monkey_L,V4,post,non_rewarded,alpha_beta,-300,0,5,30,1,26,2,27,0.5090625
Fig4F,Fig5C,Monkey_L,V4,post,non_rewarded,alpha_beta,-300,0,5,30,1,27,2,28,0.50425
Fig4F,Fig5C,Monkey_L,V4,post,non_rewarded,alpha_beta,-300,0,5,30,1,28,2,29,0.51625
Fig4F,Fig5C,Monkey_L,V4,post,non_rewarded,alpha_beta,-300,0,5,30,2,4,3,5,0.5691875
Fig4F,Fig5C,Monkey_L,V4,post,non_rewarded,alpha_beta,-300,0,5,30,2,5,3,6,0.5718125
Fig4F,Fig5C,Monkey_L,V4,post,non_rewarded,alpha_beta,-300,0,5,30,2,6,3,7,0.55425
Fig4F,Fig5C,Monkey_L,V4,post,non_rewarded,alpha_beta,-300,0,5,30,2,7,3,8,0.5281875
Fig4F,Fig5C,Monkey_L,V4,post,non_rewarded,alpha_beta,-300,0,5,30,2,8,3,9,0.5251875
Fig4F,Fig5C,Monkey_L,V4,post,non_rewarded,alpha_beta,-300,0,5,30,2,9,3,10,0.5425
Fig4F,Fig5C,Monkey_L,V4,post,non_rewarded,alpha_beta,-300,0,5,30,2,10,3,11,0.546
Fig4F,Fig5C,Monkey_L,V4,post,non_rewarded,alpha_beta,-300,0,5,30,2,11,3,12,0.5556875
Fig4F,Fig5C,Monkey_L,V4,post,non_rewarded,alpha_beta,-300,0,5,30,2,12,3,13,0.5839375
Fig4F,Fig5C,Monkey_L,V4,post,non_rewarded,alpha_beta,-300,0,5,30,2,13,3,14,0.5895
Fig4F,Fig5C,Monkey_L,V4,post,non_rewarded,alpha_beta,-300,0,5,30,2,14,3,15,0.6016875
Fig4F,Fig5C,Monkey_L,V4,post,non_rewarded,alpha_beta,-300,0,5,30,2,15,3,16,0.60325
Fig4F,Fig5C,Monkey_L,V4,post,non_rewarded,alpha_beta,-300,0,5,30,2,16,3,17,0.597125
Fig4F,Fig5C,Monkey_L,V4,post,non_rewarded,alpha_beta,-300,0,5,30,2,17,3,18,0.57625
Fig4F,Fig5C,Monkey_L,V4,post,non_rewarded,alpha_beta,-300,0,5,30,2,18,3,19,0.5513125
Fig4F,Fig5C,Monkey_L,V4,post,non_rewarded,alpha_beta,-300,0,5,30,2,19,3,20,0.5358125
Fig4F,Fig5C,Monkey_L,V4,post,non_rewarded,alpha_beta,-300,0,5,30,2,20,3,21,0.5316875
Fig4F,Fig5C,Monkey_L,V4,post,non_rewarded,alpha_beta,-300,0,5,30,2,21,3,22,0.543625
Fig4F,Fig5C,Monkey_L,V4,post,non_rewarded,alpha_beta,-300,0,5,30,2,22,3,23,0.557
Fig4F,Fig5C,Monkey_L,V4,post,non_rewarded,alpha_beta,-300,0,5,30,2,23,3,24,0.5684375
Fig4F,Fig5C,Monkey_L,V4,post,non_rewarded,alpha_beta,-300,0,5,30,2,24,3,25,0.558625
Fig4F,Fig5C,Monkey_L,V4,post,non_rewarded,alpha_beta,-300,0,5,30,2,25,3,26,0.5401875
Fig4F,Fig5C,Monkey_L,V4,post,non_rewarded,alpha_beta,-300,0,5,30,2,26,3,27,0.489125
Fig4F,Fig5C,Monkey_L,V4,post,non_rewarded,alpha_beta,-300,0,5,30,2,27,3,28,0.440125
Fig4F,Fig5C,Monkey_L,V4,post,non_rewarded,alpha_beta,-300,0,5,30,2,28,3,29,0.38375
Fig4F,Fig5C,Monkey_L,V4,post,non_rewarded,alpha_beta,-300,0,5,30,3,4,4,5,0.591625
Fig4F,Fig5C,Monkey_L,V4,post,non_rewarded,alpha_beta,-300,0,5,30,3,5,4,6,0.574375
Fig4F,Fig5C,Monkey_L,V4,post,non_rewarded,alpha_beta,-300,0,5,30,3,6,4,7,0.5595625
Fig4F,Fig5C,Monkey_L,V4,post,non_rewarded,alpha_beta,-300,0,5,30,3,7,4,8,0.540875
Fig4F,Fig5C,Monkey_L,V4,post,non_rewarded,alpha_beta,-300,0,5,30,3,8,4,9,0.4848125
Fig4F,Fig5C,Monkey_L,V4,post,non_rewarded,alpha_beta,-300,0,5,30,3,9,4,10,0.458375
Fig4F,Fig5C,Monkey_L,V4,post,non_rewarded,alpha_beta,-300,0,5,30,3,10,4,11,0.449
Fig4F,Fig5C,Monkey_L,V4,post,non_rewarded,alpha_beta,-300,0,5,30,3,11,4,12,0.482625
Fig4F,Fig5C,Monkey_L,V4,post,non_rewarded,alpha_beta,-300,0,5,30,3,12,4,13,0.5285625
Fig4F,Fig5C,Monkey_L,V4,post,non_rewarded,alpha_beta,-300,0,5,30,3,13,4,14,0.56125
Fig4F,Fig5C,Monkey_L,V4,post,non_rewarded,alpha_beta,-300,0,5,30,3,14,4,15,0.5911875
Fig4F,Fig5C,Monkey_L,V4,post,non_rewarded,alpha_beta,-300,0,5,30,3,15,4,16,0.6305625
Fig4F,Fig5C,Monkey_L,V4,post,non_rewarded,alpha_beta,-300,0,5,30,3,16,4,17,0.6295625
Fig4F,Fig5C,Monkey_L,V4,post,non_rewarded,alpha_beta,-300,0,5,30,3,17,4,18,0.615375
Fig4F,Fig5C,Monkey_L,V4,post,non_rewarded,alpha_beta,-300,0,5,30,3,18,4,19,0.594375
Fig4F,Fig5C,Monkey_L,V4,post,non_rewarded,alpha_beta,-300,0,5,30,3,19,4,20,0.5681875
Fig4F,Fig5C,Monkey_L,V4,post,non_rewarded,alpha_beta,-300,0,5,30,3,20,4,21,0.5486875
Fig4F,Fig5C,Monkey_L,V4,post,non_rewarded,alpha_beta,-300,0,5,30,3,21,4,22,0.505375
Fig4F,Fig5C,Monkey_L,V4,post,non_rewarded,alpha_beta,-300,0,5,30,3,22,4,23,0.48275
Fig4F,Fig5C,Monkey_L,V4,post,non_rewarded,alpha_beta,-300,0,5,30,3,23,4,24,0.476
Fig4F,Fig5C,Monkey_L,V4,post,non_rewarded,alpha_beta,-300,0,5,30,3,24,4,25,0.483125
Fig4F,Fig5C,Monkey_L,V4,post,non_rewarded,alpha_beta,-300,0,5,30,3,25,4,26,0.4865625
Fig4F,Fig5C,Monkey_L,V4,post,non_rewarded,alpha_beta,-300,0,5,30,3,26,4,27,0.47475
Fig4F,Fig5C,Monkey_L,V4,post,non_rewarded,alpha_beta,-300,0,5,30,3,27,4,28,0.4373125
Fig4F,Fig5C,Monkey_L,V4,post,non_rewarded,alpha_beta,-300,0,5,30,3,28,4,29,0.433125
Fig4F,Fig5C,Monkey_L,V4,post,non_rewarded,alpha_beta,-300,0,5,30,4,4,5,5,0.584125
Fig4F,Fig5C,Monkey_L,V4,post,non_rewarded,alpha_beta,-300,0,5,30,4,5,5,6,0.5591875
Fig4F,Fig5C,Monkey_L,V4,post,non_rewarded,alpha_beta,-300,0,5,30,4,6,5,7,0.51825
Fig4F,Fig5C,Monkey_L,V4,post,non_rewarded,alpha_beta,-300,0,5,30,4,7,5,8,0.469625
Fig4F,Fig5C,Monkey_L,V4,post,non_rewarded,alpha_beta,-300,0,5,30,4,8,5,9,0.4158125
Fig4F,Fig5C,Monkey_L,V4,post,non_rewarded,alpha_beta,-300,0,5,30,4,9,5,10,0.407125
Fig4F,Fig5C,Monkey_L,V4,post,non_rewarded,alpha_beta,-300,0,5,30,4,10,5,11,0.426125
Fig4F,Fig5C,Monkey_L,V4,post,non_rewarded,alpha_beta,-300,0,5,30,4,11,5,12,0.4680625
Fig4F,Fig5C,Monkey_L,V4,post,non_rewarded,alpha_beta,-300,0,5,30,4,12,5,13,0.486375
Fig4F,Fig5C,Monkey_L,V4,post,non_rewarded,alpha_beta,-300,0,5,30,4,13,5,14,0.50025
Fig4F,Fig5C,Monkey_L,V4,post,non_rewarded,alpha_beta,-300,0,5,30,4,14,5,15,0.557375
Fig4F,Fig5C,Monkey_L,V4,post,non_rewarded,alpha_beta,-300,0,5,30,4,15,5,16,0.6124375
Fig4F,Fig5C,Monkey_L,V4,post,non_rewarded,alpha_beta,-300,0,5,30,4,16,5,17,0.65625
Fig4F,Fig5C,Monkey_L,V4,post,non_rewarded,alpha_beta,-300,0,5,30,4,17,5,18,0.6445625
Fig4F,Fig5C,Monkey_L,V4,post,non_rewarded,alpha_beta,-300,0,5,30,4,18,5,19,0.606625
Fig4F,Fig5C,Monkey_L,V4,post,non_rewarded,alpha_beta,-300,0,5,30,4,19,5,20,0.5935
Fig4F,Fig5C,Monkey_L,V4,post,non_rewarded,alpha_beta,-300,0,5,30,4,20,5,21,0.5574375
Fig4F,Fig5C,Monkey_L,V4,post,non_rewarded,alpha_beta,-300,0,5,30,4,21,5,22,0.5419375
Fig4F,Fig5C,Monkey_L,V4,post,non_rewarded,alpha_beta,-300,0,5,30,4,22,5,23,0.525
Fig4F,Fig5C,Monkey_L,V4,post,non_rewarded,alpha_beta,-300,0,5,30,4,23,5,24,0.504125
Fig4F,Fig5C,Monkey_L,V4,post,non_rewarded,alpha_beta,-300,0,5,30,4,24,5,25,0.4876875
Fig4F,Fig5C,Monkey_L,V4,post,non_rewarded,alpha_beta,-300,0,5,30,4,25,5,26,0.4793125
Fig4F,Fig5C,Monkey_L,V4,post,non_rewarded,alpha_beta,-300,0,5,30,4,26,5,27,0.4735
Fig4F,Fig5C,Monkey_L,V4,post,non_rewarded,alpha_beta,-300,0,5,30,4,27,5,28,0.4675625
Fig4F,Fig5C,Monkey_L,V4,post,non_rewarded,alpha_beta,-300,0,5,30,4,28,5,29,0.49525
Fig4F,Fig5C,Monkey_L,V4,post,non_rewarded,alpha_beta,-300,0,5,30,5,4,6,5,0.543
Fig4F,Fig5C,Monkey_L,V4,post,non_rewarded,alpha_beta,-300,0,5,30,5,5,6,6,0.52475
Fig4F,Fig5C,Monkey_L,V4,post,non_rewarded,alpha_beta,-300,0,5,30,5,6,6,7,0.499375
Fig4F,Fig5C,Monkey_L,V4,post,non_rewarded,alpha_beta,-300,0,5,30,5,7,6,8,0.470625
Fig4F,Fig5C,Monkey_L,V4,post,non_rewarded,alpha_beta,-300,0,5,30,5,8,6,9,0.4559375
Fig4F,Fig5C,Monkey_L,V4,post,non_rewarded,alpha_beta,-300,0,5,30,5,9,6,10,0.447125
Fig4F,Fig5C,Monkey_L,V4,post,non_rewarded,alpha_beta,-300,0,5,30,5,10,6,11,0.44325
Fig4F,Fig5C,Monkey_L,V4,post,non_rewarded,alpha_beta,-300,0,5,30,5,11,6,12,0.4634375
Fig4F,Fig5C,Monkey_L,V4,post,non_rewarded,alpha_beta,-300,0,5,30,5,12,6,13,0.4930625
Fig4F,Fig5C,Monkey_L,V4,post,non_rewarded,alpha_beta,-300,0,5,30,5,13,6,14,0.5179375
Fig4F,Fig5C,Monkey_L,V4,post,non_rewarded,alpha_beta,-300,0,5,30,5,14,6,15,0.55725
Fig4F,Fig5C,Monkey_L,V4,post,non_rewarded,alpha_beta,-300,0,5,30,5,15,6,16,0.574125
Fig4F,Fig5C,Monkey_L,V4,post,non_rewarded,alpha_beta,-300,0,5,30,5,16,6,17,0.5859375
Fig4F,Fig5C,Monkey_L,V4,post,non_rewarded,alpha_beta,-300,0,5,30,5,17,6,18,0.5879375
Fig4F,Fig5C,Monkey_L,V4,post,non_rewarded,alpha_beta,-300,0,5,30,5,18,6,19,0.587125
Fig4F,Fig5C,Monkey_L,V4,post,non_rewarded,alpha_beta,-300,0,5,30,5,19,6,20,0.5795625
Fig4F,Fig5C,Monkey_L,V4,post,non_rewarded,alpha_beta,-300,0,5,30,5,20,6,21,0.568375
Fig4F,Fig5C,Monkey_L,V4,post,non_rewarded,alpha_beta,-300,0,5,30,5,21,6,22,0.5319375
Fig4F,Fig5C,Monkey_L,V4,post,non_rewarded,alpha_beta,-300,0,5,30,5,22,6,23,0.5044375
Fig4F,Fig5C,Monkey_L,V4,post,non_rewarded,alpha_beta,-300,0,5,30,5,23,6,24,0.4995625
Fig4F,Fig5C,Monkey_L,V4,post,non_rewarded,alpha_beta,-300,0,5,30,5,24,6,25,0.495
Fig4F,Fig5C,Monkey_L,V4,post,non_rewarded,alpha_beta,-300,0,5,30,5,25,6,26,0.5091875
Fig4F,Fig5C,Monkey_L,V4,post,non_rewarded,alpha_beta,-300,0,5,30,5,26,6,27,0.504625
Fig4F,Fig5C,Monkey_L,V4,post,non_rewarded,alpha_beta,-300,0,5,30,5,27,6,28,0.4969375
Fig4F,Fig5C,Monkey_L,V4,post,non_rewarded,alpha_beta,-300,0,5,30,5,28,6,29,0.498125
Fig4F,Fig5C,Monkey_L,V4,post,non_rewarded,alpha_beta,-300,0,5,30,6,4,7,5,0.5010625
Fig4F,Fig5C,Monkey_L,V4,post,non_rewarded,alpha_beta,-300,0,5,30,6,5,7,6,0.51025
Fig4F,Fig5C,Monkey_L,V4,post,non_rewarded,alpha_beta,-300,0,5,30,6,6,7,7,0.5173125
Fig4F,Fig5C,Monkey_L,V4,post,non_rewarded,alpha_beta,-300,0,5,30,6,7,7,8,0.5090625
Fig4F,Fig5C,Monkey_L,V4,post,non_rewarded,alpha_beta,-300,0,5,30,6,8,7,9,0.492
Fig4F,Fig5C,Monkey_L,V4,post,non_rewarded,alpha_beta,-300,0,5,30,6,9,7,10,0.484
Fig4F,Fig5C,Monkey_L,V4,post,non_rewarded,alpha_beta,-300,0,5,30,6,10,7,11,0.481
Fig4F,Fig5C,Monkey_L,V4,post,non_rewarded,alpha_beta,-300,0,5,30,6,11,7,12,0.4934375
Fig4F,Fig5C,Monkey_L,V4,post,non_rewarded,alpha_beta,-300,0,5,30,6,12,7,13,0.541
Fig4F,Fig5C,Monkey_L,V4,post,non_rewarded,alpha_beta,-300,0,5,30,6,13,7,14,0.563375
Fig4F,Fig5C,Monkey_L,V4,post,non_rewarded,alpha_beta,-300,0,5,30,6,14,7,15,0.5915
Fig4F,Fig5C,Monkey_L,V4,post,non_rewarded,alpha_beta,-300,0,5,30,6,15,7,16,0.5814375
Fig4F,Fig5C,Monkey_L,V4,post,non_rewarded,alpha_beta,-300,0,5,30,6,16,7,17,0.5569375
Fig4F,Fig5C,Monkey_L,V4,post,non_rewarded,alpha_beta,-300,0,5,30,6,17,7,18,0.522625
Fig4F,Fig5C,Monkey_L,V4,post,non_rewarded,alpha_beta,-300,0,5,30,6,18,7,19,0.500125
Fig4F,Fig5C,Monkey_L,V4,post,non_rewarded,alpha_beta,-300,0,5,30,6,19,7,20,0.498
Fig4F,Fig5C,Monkey_L,V4,post,non_rewarded,alpha_beta,-300,0,5,30,6,20,7,21,0.494375
Fig4F,Fig5C,Monkey_L,V4,post,non_rewarded,alpha_beta,-300,0,5,30,6,21,7,22,0.4855625
Fig4F,Fig5C,Monkey_L,V4,post,non_rewarded,alpha_beta,-300,0,5,30,6,22,7,23,0.4779375
Fig4F,Fig5C,Monkey_L,V4,post,non_rewarded,alpha_beta,-300,0,5,30,6,23,7,24,0.466875
Fig4F,Fig5C,Monkey_L,V4,post,non_rewarded,alpha_beta,-300,0,5,30,6,24,7,25,0.464875
Fig4F,Fig5C,Monkey_L,V4,post,non_rewarded,alpha_beta,-300,0,5,30,6,25,7,26,0.459375
Fig4F,Fig5C,Monkey_L,V4,post,non_rewarded,alpha_beta,-300,0,5,30,6,26,7,27,0.4813125
Fig4F,Fig5C,Monkey_L,V4,post,non_rewarded,alpha_beta,-300,0,5,30,6,27,7,28,0.5134375
Fig4F,Fig5C,Monkey_L,V4,post,non_rewarded,alpha_beta,-300,0,5,30,6,28,7,29,0.5179375
Fig4F,Fig5C,Monkey_L,V4,post,non_rewarded,alpha_beta,-300,0,5,30,7,4,8,5,0.486625
Fig4F,Fig5C,Monkey_L,V4,post,non_rewarded,alpha_beta,-300,0,5,30,7,5,8,6,0.5111875
Fig4F,Fig5C,Monkey_L,V4,post,non_rewarded,alpha_beta,-300,0,5,30,7,6,8,7,0.50825
Fig4F,Fig5C,Monkey_L,V4,post,non_rewarded,alpha_beta,-300,0,5,30,7,7,8,8,0.4981875
Fig4F,Fig5C,Monkey_L,V4,post,non_rewarded,alpha_beta,-300,0,5,30,7,8,8,9,0.488875
Fig4F,Fig5C,Monkey_L,V4,post,non_rewarded,alpha_beta,-300,0,5,30,7,9,8,10,0.465625
Fig4F,Fig5C,Monkey_L,V4,post,non_rewarded,alpha_beta,-300,0,5,30,7,10,8,11,0.4760625
Fig4F,Fig5C,Monkey_L,V4,post,non_rewarded,alpha_beta,-300,0,5,30,7,11,8,12,0.536625
Fig4F,Fig5C,Monkey_L,V4,post,non_rewarded,alpha_beta,-300,0,5,30,7,12,8,13,0.593125
Fig4F,Fig5C,Monkey_L,V4,post,non_rewarded,alpha_beta,-300,0,5,30,7,13,8,14,0.6305
Fig4F,Fig5C,Monkey_L,V4,post,non_rewarded,alpha_beta,-300,0,5,30,7,14,8,15,0.6329375
Fig4F,Fig5C,Monkey_L,V4,post,non_rewarded,alpha_beta,-300,0,5,30,7,15,8,16,0.5893125
Fig4F,Fig5C,Monkey_L,V4,post,non_rewarded,alpha_beta,-300,0,5,30,7,16,8,17,0.5566875
Fig4F,Fig5C,Monkey_L,V4,post,non_rewarded,alpha_beta,-300,0,5,30,7,17,8,18,0.5145625
Fig4F,Fig5C,Monkey_L,V4,post,non_rewarded,alpha_beta,-300,0,5,30,7,18,8,19,0.4545
Fig4F,Fig5C,Monkey_L,V4,post,non_rewarded,alpha_beta,-300,0,5,30,7,19,8,20,0.41625
Fig4F,Fig5C,Monkey_L,V4,post,non_rewarded,alpha_beta,-300,0,5,30,7,20,8,21,0.4185625
Fig4F,Fig5C,Monkey_L,V4,post,non_rewarded,alpha_beta,-300,0,5,30,7,21,8,22,0.451875
Fig4F,Fig5C,Monkey_L,V4,post,non_rewarded,alpha_beta,-300,0,5,30,7,22,8,23,0.488375
Fig4F,Fig5C,Monkey_L,V4,post,non_rewarded,alpha_beta,-300,0,5,30,7,23,8,24,0.49375
Fig4F,Fig5C,Monkey_L,V4,post,non_rewarded,alpha_beta,-300,0,5,30,7,24,8,25,0.46225
Fig4F,Fig5C,Monkey_L,V4,post,non_rewarded,alpha_beta,-300,0,5,30,7,25,8,26,0.449125
Fig4F,Fig5C,Monkey_L,V4,post,non_rewarded,alpha_beta,-300,0,5,30,7,26,8,27,0.44525
Fig4F,Fig5C,Monkey_L,V4,post,non_rewarded,alpha_beta,-300,0,5,30,7,27,8,28,0.4710625
Fig4F,Fig5C,Monkey_L,V4,post,non_rewarded,alpha_beta,-300,0,5,30,7,28,8,29,0.5159375
Fig4G,Fig5D,Monkey_A,V4,pre,rewarded,alpha_beta,-300,0,5,30,0,4,1,5,0.521467845228529
Fig4G,Fig5D,Monkey_A,V4,pre,rewarded,alpha_beta,-300,0,5,30,0,5,1,6,0.516366912606229
Fig4G,Fig5D,Monkey_A,V4,pre,rewarded,alpha_beta,-300,0,5,30,0,6,1,7,0.513352651358349
Fig4G,Fig5D,Monkey_A,V4,pre,rewarded,alpha_beta,-300,0,5,30,0,7,1,8,0.506816340776455
Fig4G,Fig5D,Monkey_A,V4,pre,rewarded,alpha_beta,-300,0,5,30,0,8,1,9,0.50025535507017
Fig4G,Fig5D,Monkey_A,V4,pre,rewarded,alpha_beta,-300,0,5,30,0,9,1,10,0.492285289892127
Fig4G,Fig5D,Monkey_A,V4,pre,rewarded,alpha_beta,-300,0,5,30,0,10,1,11,0.48582495271954
Fig4G,Fig5D,Monkey_A,V4,pre,rewarded,alpha_beta,-300,0,5,30,0,11,1,12,0.483329843101923
Fig4G,Fig5D,Monkey_A,V4,pre,rewarded,alpha_beta,-300,0,5,30,0,12,1,13,0.481433105250769
Fig4G,Fig5D,Monkey_A,V4,pre,rewarded,alpha_beta,-300,0,5,30,0,13,1,14,0.484760026298488
Fig4G,Fig5D,Monkey_A,V4,pre,rewarded,alpha_beta,-300,0,5,30,0,14,1,15,0.486400272725059
Fig4G,Fig5D,Monkey_A,V4,pre,rewarded,alpha_beta,-300,0,5,30,0,15,1,16,0.488149284502561
Fig4G,Fig5D,Monkey_A,V4,pre,rewarded,alpha_beta,-300,0,5,30,0,16,1,17,0.487758378584589
Fig4G,Fig5D,Monkey_A,V4,pre,rewarded,alpha_beta,-300,0,5,30,0,17,1,18,0.486369428819571
Fig4G,Fig5D,Monkey_A,V4,pre,rewarded,alpha_beta,-300,0,5,30,0,18,1,19,0.477497098237839
Fig4G,Fig5D,Monkey_A,V4,pre,rewarded,alpha_beta,-300,0,5,30,0,19,1,20,0.46915852955739
Fig4G,Fig5D,Monkey_A,V4,pre,rewarded,alpha_beta,-300,0,5,30,0,20,1,21,0.46479622730335
Fig4G,Fig5D,Monkey_A,V4,pre,rewarded,alpha_beta,-300,0,5,30,0,21,1,22,0.467036468859831
Fig4G,Fig5D,Monkey_A,V4,pre,rewarded,alpha_beta,-300,0,5,30,0,22,1,23,0.473161094471636
Fig4G,Fig5D,Monkey_A,V4,pre,rewarded,alpha_beta,-300,0,5,30,0,23,1,24,0.478834425045251
Fig4G,Fig5D,Monkey_A,V4,pre,rewarded,alpha_beta,-300,0,5,30,0,24,1,25,0.481009082718484
Fig4G,Fig5D,Monkey_A,V4,pre,rewarded,alpha_beta,-300,0,5,30,0,25,1,26,0.483288609670376
Fig4G,Fig5D,Monkey_A,V4,pre,rewarded,alpha_beta,-300,0,5,30,0,26,1,27,0.485067491335298
Fig4G,Fig5D,Monkey_A,V4,pre,rewarded,alpha_beta,-300,0,5,30,0,27,1,28,0.486373000219154
Fig4G,Fig5D,Monkey_A,V4,pre,rewarded,alpha_beta,-300,0,5,30,0,28,1,29,0.481614921956802
Fig4G,Fig5D,Monkey_A,V4,pre,rewarded,alpha_beta,-300,0,5,30,1,4,2,5,0.518818516083473
Fig4G,Fig5D,Monkey_A,V4,pre,rewarded,alpha_beta,-300,0,5,30,1,5,2,6,0.518082158424039
Fig4G,Fig5D,Monkey_A,V4,pre,rewarded,alpha_beta,-300,0,5,30,1,6,2,7,0.514868223472212
Fig4G,Fig5D,Monkey_A,V4,pre,rewarded,alpha_beta,-300,0,5,30,1,7,2,8,0.509989042296735
Fig4G,Fig5D,Monkey_A,V4,pre,rewarded,alpha_beta,-300,0,5,30,1,8,2,9,0.501425800115259
Fig4G,Fig5D,Monkey_A,V4,pre,rewarded,alpha_beta,-300,0,5,30,1,9,2,10,0.492983985519598
Fig4G,Fig5D,Monkey_A,V4,pre,rewarded,alpha_beta,-300,0,5,30,1,10,2,11,0.483344128700254
Fig4G,Fig5D,Monkey_A,V4,pre,rewarded,alpha_beta,-300,0,5,30,1,11,2,12,0.481209081095121
Fig4G,Fig5D,Monkey_A,V4,pre,rewarded,alpha_beta,-300,0,5,30,1,12,2,13,0.487626886145405
Fig4G,Fig5D,Monkey_A,V4,pre,rewarded,alpha_beta,-300,0,5,30,1,13,2,14,0.498543680651943
Fig4G,Fig5D,Monkey_A,V4,pre,rewarded,alpha_beta,-300,0,5,30,1,14,2,15,0.503520912979602
Fig4G,Fig5D,Monkey_A,V4,pre,rewarded,alpha_beta,-300,0,5,30,1,15,2,16,0.50088976550515
Fig4G,Fig5D,Monkey_A,V4,pre,rewarded,alpha_beta,-300,0,5,30,1,16,2,17,0.493876186069918
Fig4G,Fig5D,Monkey_A,V4,pre,rewarded,alpha_beta,-300,0,5,30,1,17,2,18,0.482355175688509
Fig4G,Fig5D,Monkey_A,V4,pre,rewarded,alpha_beta,-300,0,5,30,1,18,2,19,0.473195509776706
Fig4G,Fig5D,Monkey_A,V4,pre,rewarded,alpha_beta,-300,0,5,30,1,19,2,20,0.470139041079212
Fig4G,Fig5D,Monkey_A,V4,pre,rewarded,alpha_beta,-300,0,5,30,1,20,2,21,0.475159779547244
Fig4G,Fig5D,Monkey_A,V4,pre,rewarded,alpha_beta,-300,0,5,30,1,21,2,22,0.481972711260461
Fig4G,Fig5D,Monkey_A,V4,pre,rewarded,alpha_beta,-300,0,5,30,1,22,2,23,0.483780488794734
Fig4G,Fig5D,Monkey_A,V4,pre,rewarded,alpha_beta,-300,0,5,30,1,23,2,24,0.48032207530783
Fig4G,Fig5D,Monkey_A,V4,pre,rewarded,alpha_beta,-300,0,5,30,1,24,2,25,0.477426644264251
Fig4G,Fig5D,Monkey_A,V4,pre,rewarded,alpha_beta,-300,0,5,30,1,25,2,26,0.477731511919546
Fig4G,Fig5D,Monkey_A,V4,pre,rewarded,alpha_beta,-300,0,5,30,1,26,2,27,0.479581496903434
Fig4G,Fig5D,Monkey_A,V4,pre,rewarded,alpha_beta,-300,0,5,30,1,27,2,28,0.48071363057118
Fig4G,Fig5D,Monkey_A,V4,pre,rewarded,alpha_beta,-300,0,5,30,1,28,2,29,0.477666902054366
Fig4G,Fig5D,Monkey_A,V4,pre,rewarded,alpha_beta,-300,0,5,30,2,4,3,5,0.515442894132353
Fig4G,Fig5D,Monkey_A,V4,pre,rewarded,alpha_beta,-300,0,5,30,2,5,3,6,0.520109739368999
Fig4G,Fig5D,Monkey_A,V4,pre,rewarded,alpha_beta,-300,0,5,30,2,6,3,7,0.517666252708988
Fig4G,Fig5D,Monkey_A,V4,pre,rewarded,alpha_beta,-300,0,5,30,2,7,3,8,0.506276410094074
Fig4G,Fig5D,Monkey_A,V4,pre,rewarded,alpha_beta,-300,0,5,30,2,8,3,9,0.493166126898321
Fig4G,Fig5D,Monkey_A,V4,pre,rewarded,alpha_beta,-300,0,5,30,2,9,3,10,0.483298674523746
Fig4G,Fig5D,Monkey_A,V4,pre,rewarded,alpha_beta,-300,0,5,30,2,10,3,11,0.479536042726926
Fig4G,Fig5D,Monkey_A,V4,pre,rewarded,alpha_beta,-300,0,5,30,2,11,3,12,0.479657470312741
Fig4G,Fig5D,Monkey_A,V4,pre,rewarded,alpha_beta,-300,0,5,30,2,12,3,13,0.482436019188156
Fig4G,Fig5D,Monkey_A,V4,pre,rewarded,alpha_beta,-300,0,5,30,2,13,3,14,0.491271012410613
Fig4G,Fig5D,Monkey_A,V4,pre,rewarded,alpha_beta,-300,0,5,30,2,14,3,15,0.496715448738241
Fig4G,Fig5D,Monkey_A,V4,pre,rewarded,alpha_beta,-300,0,5,30,2,15,3,16,0.491564841194471
Fig4G,Fig5D,Monkey_A,V4,pre,rewarded,alpha_beta,-300,0,5,30,2,16,3,17,0.481716869181257
Fig4G,Fig5D,Monkey_A,V4,pre,rewarded,alpha_beta,-300,0,5,30,2,17,3,18,0.474641926607739
Fig4G,Fig5D,Monkey_A,V4,pre,rewarded,alpha_beta,-300,0,5,30,2,18,3,19,0.469064049804791
Fig4G,Fig5D,Monkey_A,V4,pre,rewarded,alpha_beta,-300,0,5,30,2,19,3,20,0.4657728427529
Fig4G,Fig5D,Monkey_A,V4,pre,rewarded,alpha_beta,-300,0,5,30,2,20,3,21,0.468737429079309
Fig4G,Fig5D,Monkey_A,V4,pre,rewarded,alpha_beta,-300,0,5,30,2,21,3,22,0.468869570863873
Fig4G,Fig5D,Monkey_A,V4,pre,rewarded,alpha_beta,-300,0,5,30,2,22,3,23,0.469687746041022
Fig4G,Fig5D,Monkey_A,V4,pre,rewarded,alpha_beta,-300,0,5,30,2,23,3,24,0.476053278788321
Fig4G,Fig5D,Monkey_A,V4,pre,rewarded,alpha_beta,-300,0,5,30,2,24,3,25,0.483237960730838
Fig4G,Fig5D,Monkey_A,V4,pre,rewarded,alpha_beta,-300,0,5,30,2,25,3,26,0.480259413478787
Fig4G,Fig5D,Monkey_A,V4,pre,rewarded,alpha_beta,-300,0,5,30,2,26,3,27,0.470041963945098
Fig4G,Fig5D,Monkey_A,V4,pre,rewarded,alpha_beta,-300,0,5,30,2,27,3,28,0.459595295492731
Fig4G,Fig5D,Monkey_A,V4,pre,rewarded,alpha_beta,-300,0,5,30,2,28,3,29,0.454117417878102
Fig4G,Fig5D,Monkey_A,V4,pre,rewarded,alpha_beta,-300,0,5,30,3,4,4,5,0.507095883961981
Fig4G,Fig5D,Monkey_A,V4,pre,rewarded,alpha_beta,-300,0,5,30,3,5,4,6,0.508587754969521
Fig4G,Fig5D,Monkey_A,V4,pre,rewarded,alpha_beta,-300,0,5,30,3,6,4,7,0.502007938247254
Fig4G,Fig5D,Monkey_A,V4,pre,rewarded,alpha_beta,-300,0,5,30,3,7,4,8,0.484879505848167
Fig4G,Fig5D,Monkey_A,V4,pre,rewarded,alpha_beta,-300,0,5,30,3,8,4,9,0.464517982808581
Fig4G,Fig5D,Monkey_A,V4,pre,rewarded,alpha_beta,-300,0,5,30,3,9,4,10,0.450647316174382
Fig4G,Fig5D,Monkey_A,V4,pre,rewarded,alpha_beta,-300,0,5,30,3,10,4,11,0.447590847476887
Fig4G,Fig5D,Monkey_A,V4,pre,rewarded,alpha_beta,-300,0,5,30,3,11,4,12,0.449767128513567
Fig4G,Fig5D,Monkey_A,V4,pre,rewarded,alpha_beta,-300,0,5,30,3,12,4,13,0.454751828313082
Fig4G,Fig5D,Monkey_A,V4,pre,rewarded,alpha_beta,-300,0,5,30,3,13,4,14,0.463647210655758
Fig4G,Fig5D,Monkey_A,V4,pre,rewarded,alpha_beta,-300,0,5,30,3,14,4,15,0.467904968303829
Fig4G,Fig5D,Monkey_A,V4,pre,rewarded,alpha_beta,-300,0,5,30,3,15,4,16,0.468681585376742
Fig4G,Fig5D,Monkey_A,V4,pre,rewarded,alpha_beta,-300,0,5,30,3,16,4,17,0.466855950844555
Fig4G,Fig5D,Monkey_A,V4,pre,rewarded,alpha_beta,-300,0,5,30,3,17,4,18,0.468676715286402
Fig4G,Fig5D,Monkey_A,V4,pre,rewarded,alpha_beta,-300,0,5,30,3,18,4,19,0.473706869262425
Fig4G,Fig5D,Monkey_A,V4,pre,rewarded,alpha_beta,-300,0,5,30,3,19,4,20,0.477324047694418
Fig4G,Fig5D,Monkey_A,V4,pre,rewarded,alpha_beta,-300,0,5,30,3,20,4,21,0.479574354104269
Fig4G,Fig5D,Monkey_A,V4,pre,rewarded,alpha_beta,-300,0,5,30,3,21,4,22,0.483844124641845
Fig4G,Fig5D,Monkey_A,V4,pre,rewarded,alpha_beta,-300,0,5,30,3,22,4,23,0.489259340427432
Fig4G,Fig5D,Monkey_A,V4,pre,rewarded,alpha_beta,-300,0,5,30,3,23,4,24,0.492311263707275
Fig4G,Fig5D,Monkey_A,V4,pre,rewarded,alpha_beta,-300,0,5,30,3,24,4,25,0.492059317700343
Fig4G,Fig5D,Monkey_A,V4,pre,rewarded,alpha_beta,-300,0,5,30,3,25,4,26,0.488672656877785
Fig4G,Fig5D,Monkey_A,V4,pre,rewarded,alpha_beta,-300,0,5,30,3,26,4,27,0.480938628744897
Fig4G,Fig5D,Monkey_A,V4,pre,rewarded,alpha_beta,-300,0,5,30,3,27,4,28,0.468968596034123
Fig4G,Fig5D,Monkey_A,V4,pre,rewarded,alpha_beta,-300,0,5,30,3,28,4,29,0.461062166703192
Fig4G,Fig5D,Monkey_A,V4,pre,rewarded,alpha_beta,-300,0,5,30,4,4,5,5,0.49786608874928
Fig4G,Fig5D,Monkey_A,V4,pre,rewarded,alpha_beta,-300,0,5,30,4,5,5,6,0.49314177644662
Fig4G,Fig5D,Monkey_A,V4,pre,rewarded,alpha_beta,-300,0,5,30,4,6,5,7,0.479890585303691
Fig4G,Fig5D,Monkey_A,V4,pre,rewarded,alpha_beta,-300,0,5,30,4,7,5,8,0.464330971339518
Fig4G,Fig5D,Monkey_A,V4,pre,rewarded,alpha_beta,-300,0,5,30,4,8,5,9,0.450010633030576
Fig4G,Fig5D,Monkey_A,V4,pre,rewarded,alpha_beta,-300,0,5,30,4,9,5,10,0.438354883483089
Fig4G,Fig5D,Monkey_A,V4,pre,rewarded,alpha_beta,-300,0,5,30,4,10,5,11,0.431186759847728
Fig4G,Fig5D,Monkey_A,V4,pre,rewarded,alpha_beta,-300,0,5,30,4,11,5,12,0.430654296637203
Fig4G,Fig5D,Monkey_A,V4,pre,rewarded,alpha_beta,-300,0,5,30,4,12,5,13,0.434092580417367
Fig4G,Fig5D,Monkey_A,V4,pre,rewarded,alpha_beta,-300,0,5,30,4,13,5,14,0.44001980503405
Fig4G,Fig5D,Monkey_A,V4,pre,rewarded,alpha_beta,-300,0,5,30,4,14,5,15,0.451835293544695
Fig4G,Fig5D,Monkey_A,V4,pre,rewarded,alpha_beta,-300,0,5,30,4,15,5,16,0.461780018019334
Fig4G,Fig5D,Monkey_A,V4,pre,rewarded,alpha_beta,-300,0,5,30,4,16,5,17,0.470491310947151
Fig4G,Fig5D,Monkey_A,V4,pre,rewarded,alpha_beta,-300,0,5,30,4,17,5,18,0.474806860333926
Fig4G,Fig5D,Monkey_A,V4,pre,rewarded,alpha_beta,-300,0,5,30,4,18,5,19,0.480396100681001
Fig4G,Fig5D,Monkey_A,V4,pre,rewarded,alpha_beta,-300,0,5,30,4,19,5,20,0.487034683160039
Fig4G,Fig5D,Monkey_A,V4,pre,rewarded,alpha_beta,-300,0,5,30,4,20,5,21,0.488883044780481
Fig4G,Fig5D,Monkey_A,V4,pre,rewarded,alpha_beta,-300,0,5,30,4,21,5,22,0.493234308163083
Fig4G,Fig5D,Monkey_A,V4,pre,rewarded,alpha_beta,-300,0,5,30,4,22,5,23,0.496859278739621
Fig4G,Fig5D,Monkey_A,V4,pre,rewarded,alpha_beta,-300,0,5,30,4,23,5,24,0.496698890431084
Fig4G,Fig5D,Monkey_A,V4,pre,rewarded,alpha_beta,-300,0,5,30,4,24,5,25,0.495036241588948
Fig4G,Fig5D,Monkey_A,V4,pre,rewarded,alpha_beta,-300,0,5,30,4,25,5,26,0.495116435743216
Fig4G,Fig5D,Monkey_A,V4,pre,rewarded,alpha_beta,-300,0,5,30,4,26,5,27,0.491399907468284
Fig4G,Fig5D,Monkey_A,V4,pre,rewarded,alpha_beta,-300,0,5,30,4,27,5,28,0.48154674069204
Fig4G,Fig5D,Monkey_A,V4,pre,rewarded,alpha_beta,-300,0,5,30,4,28,5,29,0.4714984456295
Fig4G,Fig5D,Monkey_A,V4,pre,rewarded,alpha_beta,-300,0,5,30,5,4,6,5,0.485316515288025
Fig4G,Fig5D,Monkey_A,V4,pre,rewarded,alpha_beta,-300,0,5,30,5,5,6,6,0.478810723938929
Fig4G,Fig5D,Monkey_A,V4,pre,rewarded,alpha_beta,-300,0,5,30,5,6,6,7,0.47191987078027
Fig4G,Fig5D,Monkey_A,V4,pre,rewarded,alpha_beta,-300,0,5,30,5,7,6,8,0.464287140526457
Fig4G,Fig5D,Monkey_A,V4,pre,rewarded,alpha_beta,-300,0,5,30,5,8,6,9,0.455414485272035
Fig4G,Fig5D,Monkey_A,V4,pre,rewarded,alpha_beta,-300,0,5,30,5,9,6,10,0.447806430142613
Fig4G,Fig5D,Monkey_A,V4,pre,rewarded,alpha_beta,-300,0,5,30,5,10,6,11,0.442973352489022
Fig4G,Fig5D,Monkey_A,V4,pre,rewarded,alpha_beta,-300,0,5,30,5,11,6,12,0.442397383138124
Fig4G,Fig5D,Monkey_A,V4,pre,rewarded,alpha_beta,-300,0,5,30,5,12,6,13,0.44534898255696
Fig4G,Fig5D,Monkey_A,V4,pre,rewarded,alpha_beta,-300,0,5,30,5,13,6,14,0.450145372196654
Fig4G,Fig5D,Monkey_A,V4,pre,rewarded,alpha_beta,-300,0,5,30,5,14,6,15,0.455245006128197
Fig4G,Fig5D,Monkey_A,V4,pre,rewarded,alpha_beta,-300,0,5,30,5,15,6,16,0.457268366328195
Fig4G,Fig5D,Monkey_A,V4,pre,rewarded,alpha_beta,-300,0,5,30,5,16,6,17,0.463317667876072
Fig4G,Fig5D,Monkey_A,V4,pre,rewarded,alpha_beta,-300,0,5,30,5,17,6,18,0.472862720270128
Fig4G,Fig5D,Monkey_A,V4,pre,rewarded,alpha_beta,-300,0,5,30,5,18,6,19,0.479790910788062
Fig4G,Fig5D,Monkey_A,V4,pre,rewarded,alpha_beta,-300,0,5,30,5,19,6,20,0.485421059893994
Fig4G,Fig5D,Monkey_A,V4,pre,rewarded,alpha_beta,-300,0,5,30,5,20,6,21,0.486183066695887
Fig4G,Fig5D,Monkey_A,V4,pre,rewarded,alpha_beta,-300,0,5,30,5,21,6,22,0.490635627957565
Fig4G,Fig5D,Monkey_A,V4,pre,rewarded,alpha_beta,-300,0,5,30,5,22,6,23,0.497619986850756
Fig4G,Fig5D,Monkey_A,V4,pre,rewarded,alpha_beta,-300,0,5,30,5,23,6,24,0.499275817566416
Fig4G,Fig5D,Monkey_A,V4,pre,rewarded,alpha_beta,-300,0,5,30,5,24,6,25,0.501932614183326
Fig4G,Fig5D,Monkey_A,V4,pre,rewarded,alpha_beta,-300,0,5,30,5,25,6,26,0.500469314372448
Fig4G,Fig5D,Monkey_A,V4,pre,rewarded,alpha_beta,-300,0,5,30,5,26,6,27,0.494820334250534
Fig4G,Fig5D,Monkey_A,V4,pre,rewarded,alpha_beta,-300,0,5,30,5,27,6,28,0.491365492163213
Fig4G,Fig5D,Monkey_A,V4,pre,rewarded,alpha_beta,-300,0,5,30,5,28,6,29,0.488782720919473
Fig4G,Fig5D,Monkey_A,V4,pre,rewarded,alpha_beta,-300,0,5,30,6,4,7,5,0.466609199600653
Fig4G,Fig5D,Monkey_A,V4,pre,rewarded,alpha_beta,-300,0,5,30,6,5,7,6,0.469040348698468
Fig4G,Fig5D,Monkey_A,V4,pre,rewarded,alpha_beta,-300,0,5,30,6,6,7,7,0.469547487439225
Fig4G,Fig5D,Monkey_A,V4,pre,rewarded,alpha_beta,-300,0,5,30,6,7,7,8,0.469580604053539
Fig4G,Fig5D,Monkey_A,V4,pre,rewarded,alpha_beta,-300,0,5,30,6,8,7,9,0.46104333568721
Fig4G,Fig5D,Monkey_A,V4,pre,rewarded,alpha_beta,-300,0,5,30,6,9,7,10,0.446805464241362
Fig4G,Fig5D,Monkey_A,V4,pre,rewarded,alpha_beta,-300,0,5,30,6,10,7,11,0.437523396725676
Fig4G,Fig5D,Monkey_A,V4,pre,rewarded,alpha_beta,-300,0,5,30,6,11,7,12,0.438360078246118
Fig4G,Fig5D,Monkey_A,V4,pre,rewarded,alpha_beta,-300,0,5,30,6,12,7,13,0.442135372277822
Fig4G,Fig5D,Monkey_A,V4,pre,rewarded,alpha_beta,-300,0,5,30,6,13,7,14,0.445574954748744
Fig4G,Fig5D,Monkey_A,V4,pre,rewarded,alpha_beta,-300,0,5,30,6,14,7,15,0.451112896810902
Fig4G,Fig5D,Monkey_A,V4,pre,rewarded,alpha_beta,-300,0,5,30,6,15,7,16,0.460202108749117
Fig4G,Fig5D,Monkey_A,V4,pre,rewarded,alpha_beta,-300,0,5,30,6,16,7,17,0.469501059244649
Fig4G,Fig5D,Monkey_A,V4,pre,rewarded,alpha_beta,-300,0,5,30,6,17,7,18,0.479506497512196
Fig4G,Fig5D,Monkey_A,V4,pre,rewarded,alpha_beta,-300,0,5,30,6,18,7,19,0.484966518128911
Fig4G,Fig5D,Monkey_A,V4,pre,rewarded,alpha_beta,-300,0,5,30,6,19,7,20,0.484033084147044
Fig4G,Fig5D,Monkey_A,V4,pre,rewarded,alpha_beta,-300,0,5,30,6,20,7,21,0.490017451157052
Fig4G,Fig5D,Monkey_A,V4,pre,rewarded,alpha_beta,-300,0,5,30,6,21,7,22,0.496831356888337
Fig4G,Fig5D,Monkey_A,V4,pre,rewarded,alpha_beta,-300,0,5,30,6,22,7,23,0.508178342708257
Fig4G,Fig5D,Monkey_A,V4,pre,rewarded,alpha_beta,-300,0,5,30,6,23,7,24,0.512671488056104
Fig4G,Fig5D,Monkey_A,V4,pre,rewarded,alpha_beta,-300,0,5,30,6,24,7,25,0.511995844189576
Fig4G,Fig5D,Monkey_A,V4,pre,rewarded,alpha_beta,-300,0,5,30,6,25,7,26,0.501704693955406
Fig4G,Fig5D,Monkey_A,V4,pre,rewarded,alpha_beta,-300,0,5,30,6,26,7,27,0.493895666431279
Fig4G,Fig5D,Monkey_A,V4,pre,rewarded,alpha_beta,-300,0,5,30,6,27,7,28,0.491039520783111
Fig4G,Fig5D,Monkey_A,V4,pre,rewarded,alpha_beta,-300,0,5,30,6,28,7,29,0.490471018904067
Fig4G,Fig5D,Monkey_A,V4,pre,rewarded,alpha_beta,-300,0,5,30,7,4,8,5,0.461846900593339
Fig4G,Fig5D,Monkey_A,V4,pre,rewarded,alpha_beta,-300,0,5,30,7,5,8,6,0.461477098400175
Fig4G,Fig5D,Monkey_A,V4,pre,rewarded,alpha_beta,-300,0,5,30,7,6,8,7,0.458360565255152
Fig4G,Fig5D,Monkey_A,V4,pre,rewarded,alpha_beta,-300,0,5,30,7,7,8,8,0.452026525758719
Fig4G,Fig5D,Monkey_A,V4,pre,rewarded,alpha_beta,-300,0,5,30,7,8,8,9,0.43647535328447
Fig4G,Fig5D,Monkey_A,V4,pre,rewarded,alpha_beta,-300,0,5,30,7,9,8,10,0.417929724596391
Fig4G,Fig5D,Monkey_A,V4,pre,rewarded,alpha_beta,-300,0,5,30,7,10,8,11,0.407710651699256
Fig4G,Fig5D,Monkey_A,V4,pre,rewarded,alpha_beta,-300,0,5,30,7,11,8,12,0.405697031679938
Fig4G,Fig5D,Monkey_A,V4,pre,rewarded,alpha_beta,-300,0,5,30,7,12,8,13,0.414940463145591
Fig4G,Fig5D,Monkey_A,V4,pre,rewarded,alpha_beta,-300,0,5,30,7,13,8,14,0.434815301823849
Fig4G,Fig5D,Monkey_A,V4,pre,rewarded,alpha_beta,-300,0,5,30,7,14,8,15,0.453429761122069
Fig4G,Fig5D,Monkey_A,V4,pre,rewarded,alpha_beta,-300,0,5,30,7,15,8,16,0.466527382082938
Fig4G,Fig5D,Monkey_A,V4,pre,rewarded,alpha_beta,-300,0,5,30,7,16,8,17,0.470321507130624
Fig4G,Fig5D,Monkey_A,V4,pre,rewarded,alpha_beta,-300,0,5,30,7,17,8,18,0.474077970146346
Fig4G,Fig5D,Monkey_A,V4,pre,rewarded,alpha_beta,-300,0,5,30,7,18,8,19,0.482463291694061
Fig4G,Fig5D,Monkey_A,V4,pre,rewarded,alpha_beta,-300,0,5,30,7,19,8,20,0.495013839173383
Fig4G,Fig5D,Monkey_A,V4,pre,rewarded,alpha_beta,-300,0,5,30,7,20,8,21,0.508953661090413
Fig4G,Fig5D,Monkey_A,V4,pre,rewarded,alpha_beta,-300,0,5,30,7,21,8,22,0.518204560027922
Fig4G,Fig5D,Monkey_A,V4,pre,rewarded,alpha_beta,-300,0,5,30,7,22,8,23,0.517241256158635
Fig4G,Fig5D,Monkey_A,V4,pre,rewarded,alpha_beta,-300,0,5,30,7,23,8,24,0.505893296320647
Fig4G,Fig5D,Monkey_A,V4,pre,rewarded,alpha_beta,-300,0,5,30,7,24,8,25,0.490035632827656
Fig4G,Fig5D,Monkey_A,V4,pre,rewarded,alpha_beta,-300,0,5,30,7,25,8,26,0.481021744953369
Fig4G,Fig5D,Monkey_A,V4,pre,rewarded,alpha_beta,-300,0,5,30,7,26,8,27,0.482296409931738
Fig4G,Fig5D,Monkey_A,V4,pre,rewarded,alpha_beta,-300,0,5,30,7,27,8,28,0.487790196508145
Fig4G,Fig5D,Monkey_A,V4,pre,rewarded,alpha_beta,-300,0,5,30,7,28,8,29,0.487834351993896
Fig4G,Fig5D,Monkey_A,V4,pre,non_rewarded,alpha_beta,-300,0,5,30,0,4,1,5,0.621331018518518
Fig4G,Fig5D,Monkey_A,V4,pre,non_rewarded,alpha_beta,-300,0,5,30,0,5,1,6,0.612351894718793
Fig4G,Fig5D,Monkey_A,V4,pre,non_rewarded,alpha_beta,-300,0,5,30,0,6,1,7,0.58455911351166
Fig4G,Fig5D,Monkey_A,V4,pre,non_rewarded,alpha_beta,-300,0,5,30,0,7,1,8,0.573833804869684
Fig4G,Fig5D,Monkey_A,V4,pre,non_rewarded,alpha_beta,-300,0,5,30,0,8,1,9,0.585185613854595
Fig4G,Fig5D,Monkey_A,V4,pre,non_rewarded,alpha_beta,-300,0,5,30,0,9,1,10,0.610082304526749
Fig4G,Fig5D,Monkey_A,V4,pre,non_rewarded,alpha_beta,-300,0,5,30,0,10,1,11,0.606370884773663
Fig4G,Fig5D,Monkey_A,V4,pre,non_rewarded,alpha_beta,-300,0,5,30,0,11,1,12,0.590014574759945
Fig4G,Fig5D,Monkey_A,V4,pre,non_rewarded,alpha_beta,-300,0,5,30,0,12,1,13,0.55927704903978
Fig4G,Fig5D,Monkey_A,V4,pre,non_rewarded,alpha_beta,-300,0,5,30,0,13,1,14,0.54034164951989
Fig4G,Fig5D,Monkey_A,V4,pre,non_rewarded,alpha_beta,-300,0,5,30,0,14,1,15,0.509962920096022
Fig4G,Fig5D,Monkey_A,V4,pre,non_rewarded,alpha_beta,-300,0,5,30,0,15,1,16,0.485106953017833
Fig4G,Fig5D,Monkey_A,V4,pre,non_rewarded,alpha_beta,-300,0,5,30,0,16,1,17,0.481755615569273
Fig4G,Fig5D,Monkey_A,V4,pre,non_rewarded,alpha_beta,-300,0,5,30,0,17,1,18,0.477722265089163
Fig4G,Fig5D,Monkey_A,V4,pre,non_rewarded,alpha_beta,-300,0,5,30,0,18,1,19,0.475028935185185
Fig4G,Fig5D,Monkey_A,V4,pre,non_rewarded,alpha_beta,-300,0,5,30,0,19,1,20,0.479570473251029
Fig4G,Fig5D,Monkey_A,V4,pre,non_rewarded,alpha_beta,-300,0,5,30,0,20,1,21,0.475486325445816
Fig4G,Fig5D,Monkey_A,V4,pre,non_rewarded,alpha_beta,-300,0,5,30,0,21,1,22,0.470129458161866
Fig4G,Fig5D,Monkey_A,V4,pre,non_rewarded,alpha_beta,-300,0,5,30,0,22,1,23,0.475407878943759
Fig4G,Fig5D,Monkey_A,V4,pre,non_rewarded,alpha_beta,-300,0,5,30,0,23,1,24,0.481165337791495
Fig4G,Fig5D,Monkey_A,V4,pre,non_rewarded,alpha_beta,-300,0,5,30,0,24,1,25,0.478464720507545
Fig4G,Fig5D,Monkey_A,V4,pre,non_rewarded,alpha_beta,-300,0,5,30,0,25,1,26,0.468421639231824
Fig4G,Fig5D,Monkey_A,V4,pre,non_rewarded,alpha_beta,-300,0,5,30,0,26,1,27,0.454791237997257
Fig4G,Fig5D,Monkey_A,V4,pre,non_rewarded,alpha_beta,-300,0,5,30,0,27,1,28,0.441646733539095
Fig4G,Fig5D,Monkey_A,V4,pre,non_rewarded,alpha_beta,-300,0,5,30,0,28,1,29,0.432326817558299
Fig4G,Fig5D,Monkey_A,V4,pre,non_rewarded,alpha_beta,-300,0,5,30,1,4,2,5,0.601274862825789
Fig4G,Fig5D,Monkey_A,V4,pre,non_rewarded,alpha_beta,-300,0,5,30,1,5,2,6,0.58985896776406
Fig4G,Fig5D,Monkey_A,V4,pre,non_rewarded,alpha_beta,-300,0,5,30,1,6,2,7,0.580676654663923
Fig4G,Fig5D,Monkey_A,V4,pre,non_rewarded,alpha_beta,-300,0,5,30,1,7,2,8,0.57394933127572
Fig4G,Fig5D,Monkey_A,V4,pre,non_rewarded,alpha_beta,-300,0,5,30,1,8,2,9,0.590902349108368
Fig4G,Fig5D,Monkey_A,V4,pre,non_rewarded,alpha_beta,-300,0,5,30,1,9,2,10,0.605629286694101
Fig4G,Fig5D,Monkey_A,V4,pre,non_rewarded,alpha_beta,-300,0,5,30,1,10,2,11,0.594955418381344
Fig4G,Fig5D,Monkey_A,V4,pre,non_rewarded,alpha_beta,-300,0,5,30,1,11,2,12,0.571837705761317
Fig4G,Fig5D,Monkey_A,V4,pre,non_rewarded,alpha_beta,-300,0,5,30,1,12,2,13,0.541893861454047
Fig4G,Fig5D,Monkey_A,V4,pre,non_rewarded,alpha_beta,-300,0,5,30,1,13,2,14,0.497595593278464
Fig4G,Fig5D,Monkey_A,V4,pre,non_rewarded,alpha_beta,-300,0,5,30,1,14,2,15,0.464528463648834
Fig4G,Fig5D,Monkey_A,V4,pre,non_rewarded,alpha_beta,-300,0,5,30,1,15,2,16,0.447768775720165
Fig4G,Fig5D,Monkey_A,V4,pre,non_rewarded,alpha_beta,-300,0,5,30,1,16,2,17,0.435436171124829
Fig4G,Fig5D,Monkey_A,V4,pre,non_rewarded,alpha_beta,-300,0,5,30,1,17,2,18,0.42907728909465
Fig4G,Fig5D,Monkey_A,V4,pre,non_rewarded,alpha_beta,-300,0,5,30,1,18,2,19,0.431990955075446
Fig4G,Fig5D,Monkey_A,V4,pre,non_rewarded,alpha_beta,-300,0,5,30,1,19,2,20,0.438650548696845
Fig4G,Fig5D,Monkey_A,V4,pre,non_rewarded,alpha_beta,-300,0,5,30,1,20,2,21,0.44312414266118
Fig4G,Fig5D,Monkey_A,V4,pre,non_rewarded,alpha_beta,-300,0,5,30,1,21,2,22,0.454991855281207
Fig4G,Fig5D,Monkey_A,V4,pre,non_rewarded,alpha_beta,-300,0,5,30,1,22,2,23,0.464213177297668
Fig4G,Fig5D,Monkey_A,V4,pre,non_rewarded,alpha_beta,-300,0,5,30,1,23,2,24,0.461766546639232
Fig4G,Fig5D,Monkey_A,V4,pre,non_rewarded,alpha_beta,-300,0,5,30,1,24,2,25,0.454351851851852
Fig4G,Fig5D,Monkey_A,V4,pre,non_rewarded,alpha_beta,-300,0,5,30,1,25,2,26,0.434283907750343
Fig4G,Fig5D,Monkey_A,V4,pre,non_rewarded,alpha_beta,-300,0,5,30,1,26,2,27,0.426730538408779
Fig4G,Fig5D,Monkey_A,V4,pre,non_rewarded,alpha_beta,-300,0,5,30,1,27,2,28,0.4169594478738
Fig4G,Fig5D,Monkey_A,V4,pre,non_rewarded,alpha_beta,-300,0,5,30,1,28,2,29,0.415890346364883
Fig4G,Fig5D,Monkey_A,V4,pre,non_rewarded,alpha_beta,-300,0,5,30,2,4,3,5,0.577313743141289
Fig4G,Fig5D,Monkey_A,V4,pre,non_rewarded,alpha_beta,-300,0,5,30,2,5,3,6,0.570731095679012
Fig4G,Fig5D,Monkey_A,V4,pre,non_rewarded,alpha_beta,-300,0,5,30,2,6,3,7,0.561738468792867
Fig4G,Fig5D,Monkey_A,V4,pre,non_rewarded,alpha_beta,-300,0,5,30,2,7,3,8,0.5495016718107
Fig4G,Fig5D,Monkey_A,V4,pre,non_rewarded,alpha_beta,-300,0,5,30,2,8,3,9,0.555940929355281
Fig4G,Fig5D,Monkey_A,V4,pre,non_rewarded,alpha_beta,-300,0,5,30,2,9,3,10,0.560007501714678
Fig4G,Fig5D,Monkey_A,V4,pre,non_rewarded,alpha_beta,-300,0,5,30,2,10,3,11,0.550835691015089
Fig4G,Fig5D,Monkey_A,V4,pre,non_rewarded,alpha_beta,-300,0,5,30,2,11,3,12,0.522212148491084
Fig4G,Fig5D,Monkey_A,V4,pre,non_rewarded,alpha_beta,-300,0,5,30,2,12,3,13,0.493043338477366
Fig4G,Fig5D,Monkey_A,V4,pre,non_rewarded,alpha_beta,-300,0,5,30,2,13,3,14,0.453597608024691
Fig4G,Fig5D,Monkey_A,V4,pre,non_rewarded,alpha_beta,-300,0,5,30,2,14,3,15,0.433809585048011
Fig4G,Fig5D,Monkey_A,V4,pre,non_rewarded,alpha_beta,-300,0,5,30,2,15,3,16,0.418255958504801
Fig4G,Fig5D,Monkey_A,V4,pre,non_rewarded,alpha_beta,-300,0,5,30,2,16,3,17,0.413394204389575
Fig4G,Fig5D,Monkey_A,V4,pre,non_rewarded,alpha_beta,-300,0,5,30,2,17,3,18,0.41884880829904
Fig4G,Fig5D,Monkey_A,V4,pre,non_rewarded,alpha_beta,-300,0,5,30,2,18,3,19,0.418846236282579
Fig4G,Fig5D,Monkey_A,V4,pre,non_rewarded,alpha_beta,-300,0,5,30,2,19,3,20,0.428042052469136
Fig4G,Fig5D,Monkey_A,V4,pre,non_rewarded,alpha_beta,-300,0,5,30,2,20,3,21,0.431868141289438
Fig4G,Fig5D,Monkey_A,V4,pre,non_rewarded,alpha_beta,-300,0,5,30,2,21,3,22,0.434010202331962
Fig4G,Fig5D,Monkey_A,V4,pre,non_rewarded,alpha_beta,-300,0,5,30,2,22,3,23,0.451343664266118
Fig4G,Fig5D,Monkey_A,V4,pre,non_rewarded,alpha_beta,-300,0,5,30,2,23,3,24,0.457868012688614
Fig4G,Fig5D,Monkey_A,V4,pre,non_rewarded,alpha_beta,-300,0,5,30,2,24,3,25,0.446485339506173
Fig4G,Fig5D,Monkey_A,V4,pre,non_rewarded,alpha_beta,-300,0,5,30,2,25,3,26,0.430246270576132
Fig4G,Fig5D,Monkey_A,V4,pre,non_rewarded,alpha_beta,-300,0,5,30,2,26,3,27,0.418102709190672
Fig4G,Fig5D,Monkey_A,V4,pre,non_rewarded,alpha_beta,-300,0,5,30,2,27,3,28,0.406707175925926
Fig4G,Fig5D,Monkey_A,V4,pre,non_rewarded,alpha_beta,-300,0,5,30,2,28,3,29,0.405912851508916
Fig4G,Fig5D,Monkey_A,V4,pre,non_rewarded,alpha_beta,-300,0,5,30,3,4,4,5,0.520566915294924
Fig4G,Fig5D,Monkey_A,V4,pre,non_rewarded,alpha_beta,-300,0,5,30,3,5,4,6,0.525118741426612
Fig4G,Fig5D,Monkey_A,V4,pre,non_rewarded,alpha_beta,-300,0,5,30,3,6,4,7,0.527140775034294
Fig4G,Fig5D,Monkey_A,V4,pre,non_rewarded,alpha_beta,-300,0,5,30,3,7,4,8,0.516202846364883
Fig4G,Fig5D,Monkey_A,V4,pre,non_rewarded,alpha_beta,-300,0,5,30,3,8,4,9,0.497436771262003
Fig4G,Fig5D,Monkey_A,V4,pre,non_rewarded,alpha_beta,-300,0,5,30,3,9,4,10,0.484903978052126
Fig4G,Fig5D,Monkey_A,V4,pre,non_rewarded,alpha_beta,-300,0,5,30,3,10,4,11,0.485512688614541
Fig4G,Fig5D,Monkey_A,V4,pre,non_rewarded,alpha_beta,-300,0,5,30,3,11,4,12,0.472481352880658
Fig4G,Fig5D,Monkey_A,V4,pre,non_rewarded,alpha_beta,-300,0,5,30,3,12,4,13,0.446238425925926
Fig4G,Fig5D,Monkey_A,V4,pre,non_rewarded,alpha_beta,-300,0,5,30,3,13,4,14,0.427425840192044
Fig4G,Fig5D,Monkey_A,V4,pre,non_rewarded,alpha_beta,-300,0,5,30,3,14,4,15,0.405090234910837
Fig4G,Fig5D,Monkey_A,V4,pre,non_rewarded,alpha_beta,-300,0,5,30,3,15,4,16,0.399249185528121
Fig4G,Fig5D,Monkey_A,V4,pre,non_rewarded,alpha_beta,-300,0,5,30,3,16,4,17,0.383422496570645
Fig4G,Fig5D,Monkey_A,V4,pre,non_rewarded,alpha_beta,-300,0,5,30,3,17,4,18,0.372284379286694
Fig4G,Fig5D,Monkey_A,V4,pre,non_rewarded,alpha_beta,-300,0,5,30,3,18,4,19,0.377964677640604
Fig4G,Fig5D,Monkey_A,V4,pre,non_rewarded,alpha_beta,-300,0,5,30,3,19,4,20,0.384093364197531
Fig4G,Fig5D,Monkey_A,V4,pre,non_rewarded,alpha_beta,-300,0,5,30,3,20,4,21,0.378707561728395
Fig4G,Fig5D,Monkey_A,V4,pre,non_rewarded,alpha_beta,-300,0,5,30,3,21,4,22,0.397520576131687
Fig4G,Fig5D,Monkey_A,V4,pre,non_rewarded,alpha_beta,-300,0,5,30,3,22,4,23,0.415874485596708
Fig4G,Fig5D,Monkey_A,V4,pre,non_rewarded,alpha_beta,-300,0,5,30,3,23,4,24,0.424003557956104
Fig4G,Fig5D,Monkey_A,V4,pre,non_rewarded,alpha_beta,-300,0,5,30,3,24,4,25,0.435306284293553
Fig4G,Fig5D,Monkey_A,V4,pre,non_rewarded,alpha_beta,-300,0,5,30,3,25,4,26,0.426834919410151
Fig4G,Fig5D,Monkey_A,V4,pre,non_rewarded,alpha_beta,-300,0,5,30,3,26,4,27,0.414946416323731
Fig4G,Fig5D,Monkey_A,V4,pre,non_rewarded,alpha_beta,-300,0,5,30,3,27,4,28,0.410260202331962
Fig4G,Fig5D,Monkey_A,V4,pre,non_rewarded,alpha_beta,-300,0,5,30,3,28,4,29,0.424322273662551
Fig4G,Fig5D,Monkey_A,V4,pre,non_rewarded,alpha_beta,-300,0,5,30,4,4,5,5,0.460731310013717
Fig4G,Fig5D,Monkey_A,V4,pre,non_rewarded,alpha_beta,-300,0,5,30,4,5,5,6,0.46332433127572
Fig4G,Fig5D,Monkey_A,V4,pre,non_rewarded,alpha_beta,-300,0,5,30,4,6,5,7,0.472028892318244
Fig4G,Fig5D,Monkey_A,V4,pre,non_rewarded,alpha_beta,-300,0,5,30,4,7,5,8,0.464178455075446
Fig4G,Fig5D,Monkey_A,V4,pre,non_rewarded,alpha_beta,-300,0,5,30,4,8,5,9,0.451328660836763
Fig4G,Fig5D,Monkey_A,V4,pre,non_rewarded,alpha_beta,-300,0,5,30,4,9,5,10,0.445485039437586
Fig4G,Fig5D,Monkey_A,V4,pre,non_rewarded,alpha_beta,-300,0,5,30,4,10,5,11,0.440068587105624
Fig4G,Fig5D,Monkey_A,V4,pre,non_rewarded,alpha_beta,-300,0,5,30,4,11,5,12,0.430891203703704
Fig4G,Fig5D,Monkey_A,V4,pre,non_rewarded,alpha_beta,-300,0,5,30,4,12,5,13,0.403966478052126
Fig4G,Fig5D,Monkey_A,V4,pre,non_rewarded,alpha_beta,-300,0,5,30,4,13,5,14,0.389807741769547
Fig4G,Fig5D,Monkey_A,V4,pre,non_rewarded,alpha_beta,-300,0,5,30,4,14,5,15,0.377743269890261
Fig4G,Fig5D,Monkey_A,V4,pre,non_rewarded,alpha_beta,-300,0,5,30,4,15,5,16,0.367604381001372
Fig4G,Fig5D,Monkey_A,V4,pre,non_rewarded,alpha_beta,-300,0,5,30,4,16,5,17,0.357336676954733
Fig4G,Fig5D,Monkey_A,V4,pre,non_rewarded,alpha_beta,-300,0,5,30,4,17,5,18,0.343117712620027
Fig4G,Fig5D,Monkey_A,V4,pre,non_rewarded,alpha_beta,-300,0,5,30,4,18,5,19,0.344206532921811
Fig4G,Fig5D,Monkey_A,V4,pre,non_rewarded,alpha_beta,-300,0,5,30,4,19,5,20,0.366385673868313
Fig4G,Fig5D,Monkey_A,V4,pre,non_rewarded,alpha_beta,-300,0,5,30,4,20,5,21,0.383428069272977
Fig4G,Fig5D,Monkey_A,V4,pre,non_rewarded,alpha_beta,-300,0,5,30,4,21,5,22,0.396019161522634
Fig4G,Fig5D,Monkey_A,V4,pre,non_rewarded,alpha_beta,-300,0,5,30,4,22,5,23,0.404251114540466
Fig4G,Fig5D,Monkey_A,V4,pre,non_rewarded,alpha_beta,-300,0,5,30,4,23,5,24,0.4124281978738
Fig4G,Fig5D,Monkey_A,V4,pre,non_rewarded,alpha_beta,-300,0,5,30,4,24,5,25,0.421896647805213
Fig4G,Fig5D,Monkey_A,V4,pre,non_rewarded,alpha_beta,-300,0,5,30,4,25,5,26,0.427145919067215
Fig4G,Fig5D,Monkey_A,V4,pre,non_rewarded,alpha_beta,-300,0,5,30,4,26,5,27,0.421708033264746
Fig4G,Fig5D,Monkey_A,V4,pre,non_rewarded,alpha_beta,-300,0,5,30,4,27,5,28,0.423113211591221
Fig4G,Fig5D,Monkey_A,V4,pre,non_rewarded,alpha_beta,-300,0,5,30,4,28,5,29,0.42228716563786
Fig4G,Fig5D,Monkey_A,V4,pre,non_rewarded,alpha_beta,-300,0,5,30,5,4,6,5,0.420011359739369
Fig4G,Fig5D,Monkey_A,V4,pre,non_rewarded,alpha_beta,-300,0,5,30,5,5,6,6,0.42104981138546
Fig4G,Fig5D,Monkey_A,V4,pre,non_rewarded,alpha_beta,-300,0,5,30,5,6,6,7,0.426702460562414
Fig4G,Fig5D,Monkey_A,V4,pre,non_rewarded,alpha_beta,-300,0,5,30,5,7,6,8,0.426078317901235
Fig4G,Fig5D,Monkey_A,V4,pre,non_rewarded,alpha_beta,-300,0,5,30,5,8,6,9,0.419425797325103
Fig4G,Fig5D,Monkey_A,V4,pre,non_rewarded,alpha_beta,-300,0,5,30,5,9,6,10,0.411618870027435
Fig4G,Fig5D,Monkey_A,V4,pre,non_rewarded,alpha_beta,-300,0,5,30,5,10,6,11,0.420272419410151
Fig4G,Fig5D,Monkey_A,V4,pre,non_rewarded,alpha_beta,-300,0,5,30,5,11,6,12,0.415089163237311
Fig4G,Fig5D,Monkey_A,V4,pre,non_rewarded,alpha_beta,-300,0,5,30,5,12,6,13,0.400165252057613
Fig4G,Fig5D,Monkey_A,V4,pre,non_rewarded,alpha_beta,-300,0,5,30,5,13,6,14,0.377018389917695
Fig4G,Fig5D,Monkey_A,V4,pre,non_rewarded,alpha_beta,-300,0,5,30,5,14,6,15,0.362137131344307
Fig4G,Fig5D,Monkey_A,V4,pre,non_rewarded,alpha_beta,-300,0,5,30,5,15,6,16,0.357192644032922
Fig4G,Fig5D,Monkey_A,V4,pre,non_rewarded,alpha_beta,-300,0,5,30,5,16,6,17,0.358879458161866
Fig4G,Fig5D,Monkey_A,V4,pre,non_rewarded,alpha_beta,-300,0,5,30,5,17,6,18,0.372274305555556
Fig4G,Fig5D,Monkey_A,V4,pre,non_rewarded,alpha_beta,-300,0,5,30,5,18,6,19,0.378181370027435
Fig4G,Fig5D,Monkey_A,V4,pre,non_rewarded,alpha_beta,-300,0,5,30,5,19,6,20,0.386424682784636
Fig4G,Fig5D,Monkey_A,V4,pre,non_rewarded,alpha_beta,-300,0,5,30,5,20,6,21,0.387200788751715
Fig4G,Fig5D,Monkey_A,V4,pre,non_rewarded,alpha_beta,-300,0,5,30,5,21,6,22,0.393576817558299
Fig4G,Fig5D,Monkey_A,V4,pre,non_rewarded,alpha_beta,-300,0,5,30,5,22,6,23,0.398815372085048
Fig4G,Fig5D,Monkey_A,V4,pre,non_rewarded,alpha_beta,-300,0,5,30,5,23,6,24,0.37799618484225
Fig4G,Fig5D,Monkey_A,V4,pre,non_rewarded,alpha_beta,-300,0,5,30,5,24,6,25,0.387540294924554
Fig4G,Fig5D,Monkey_A,V4,pre,non_rewarded,alpha_beta,-300,0,5,30,5,25,6,26,0.403939686213992
Fig4G,Fig5D,Monkey_A,V4,pre,non_rewarded,alpha_beta,-300,0,5,30,5,26,6,27,0.428638117283951
Fig4G,Fig5D,Monkey_A,V4,pre,non_rewarded,alpha_beta,-300,0,5,30,5,27,6,28,0.439259902263375
Fig4G,Fig5D,Monkey_A,V4,pre,non_rewarded,alpha_beta,-300,0,5,30,5,28,6,29,0.450376800411523
Fig4G,Fig5D,Monkey_A,V4,pre,non_rewarded,alpha_beta,-300,0,5,30,6,4,7,5,0.391338734567901
Fig4G,Fig5D,Monkey_A,V4,pre,non_rewarded,alpha_beta,-300,0,5,30,6,5,7,6,0.387919667352538
Fig4G,Fig5D,Monkey_A,V4,pre,non_rewarded,alpha_beta,-300,0,5,30,6,6,7,7,0.397038323045267
Fig4G,Fig5D,Monkey_A,V4,pre,non_rewarded,alpha_beta,-300,0,5,30,6,7,7,8,0.394469307270233
Fig4G,Fig5D,Monkey_A,V4,pre,non_rewarded,alpha_beta,-300,0,5,30,6,8,7,9,0.398885030864198
Fig4G,Fig5D,Monkey_A,V4,pre,non_rewarded,alpha_beta,-300,0,5,30,6,9,7,10,0.391141117969822
Fig4G,Fig5D,Monkey_A,V4,pre,non_rewarded,alpha_beta,-300,0,5,30,6,10,7,11,0.380791966735254
Fig4G,Fig5D,Monkey_A,V4,pre,non_rewarded,alpha_beta,-300,0,5,30,6,11,7,12,0.375628429355281
Fig4G,Fig5D,Monkey_A,V4,pre,non_rewarded,alpha_beta,-300,0,5,30,6,12,7,13,0.381963091563786
Fig4G,Fig5D,Monkey_A,V4,pre,non_rewarded,alpha_beta,-300,0,5,30,6,13,7,14,0.372368827160494
Fig4G,Fig5D,Monkey_A,V4,pre,non_rewarded,alpha_beta,-300,0,5,30,6,14,7,15,0.368903249314129
Fig4G,Fig5D,Monkey_A,V4,pre,non_rewarded,alpha_beta,-300,0,5,30,6,15,7,16,0.366086248285322
Fig4G,Fig5D,Monkey_A,V4,pre,non_rewarded,alpha_beta,-300,0,5,30,6,16,7,17,0.373716778120713
Fig4G,Fig5D,Monkey_A,V4,pre,non_rewarded,alpha_beta,-300,0,5,30,6,17,7,18,0.394266332304527
Fig4G,Fig5D,Monkey_A,V4,pre,non_rewarded,alpha_beta,-300,0,5,30,6,18,7,19,0.417642532578875
Fig4G,Fig5D,Monkey_A,V4,pre,non_rewarded,alpha_beta,-300,0,5,30,6,19,7,20,0.416295010288066
Fig4G,Fig5D,Monkey_A,V4,pre,non_rewarded,alpha_beta,-300,0,5,30,6,20,7,21,0.392859010631001
Fig4G,Fig5D,Monkey_A,V4,pre,non_rewarded,alpha_beta,-300,0,5,30,6,21,7,22,0.3730827760631
Fig4G,Fig5D,Monkey_A,V4,pre,non_rewarded,alpha_beta,-300,0,5,30,6,22,7,23,0.374516246570645
Fig4G,Fig5D,Monkey_A,V4,pre,non_rewarded,alpha_beta,-300,0,5,30,6,23,7,24,0.370428026406036
Fig4G,Fig5D,Monkey_A,V4,pre,non_rewarded,alpha_beta,-300,0,5,30,6,24,7,25,0.388825660150892
Fig4G,Fig5D,Monkey_A,V4,pre,non_rewarded,alpha_beta,-300,0,5,30,6,25,7,26,0.40791130829904
Fig4G,Fig5D,Monkey_A,V4,pre,non_rewarded,alpha_beta,-300,0,5,30,6,26,7,27,0.421318372770919
Fig4G,Fig5D,Monkey_A,V4,pre,non_rewarded,alpha_beta,-300,0,5,30,6,27,7,28,0.422889017489712
Fig4G,Fig5D,Monkey_A,V4,pre,non_rewarded,alpha_beta,-300,0,5,30,6,28,7,29,0.426810913923182
Fig4G,Fig5D,Monkey_A,V4,pre,non_rewarded,alpha_beta,-300,0,5,30,7,4,8,5,0.385347865226337
Fig4G,Fig5D,Monkey_A,V4,pre,non_rewarded,alpha_beta,-300,0,5,30,7,5,8,6,0.371226423182442
Fig4G,Fig5D,Monkey_A,V4,pre,non_rewarded,alpha_beta,-300,0,5,30,7,6,8,7,0.370405735596708
Fig4G,Fig5D,Monkey_A,V4,pre,non_rewarded,alpha_beta,-300,0,5,30,7,7,8,8,0.362379543895748
Fig4G,Fig5D,Monkey_A,V4,pre,non_rewarded,alpha_beta,-300,0,5,30,7,8,8,9,0.363992198216735
Fig4G,Fig5D,Monkey_A,V4,pre,non_rewarded,alpha_beta,-300,0,5,30,7,9,8,10,0.371512988683128
Fig4G,Fig5D,Monkey_A,V4,pre,non_rewarded,alpha_beta,-300,0,5,30,7,10,8,11,0.377234010631001
Fig4G,Fig5D,Monkey_A,V4,pre,non_rewarded,alpha_beta,-300,0,5,30,7,11,8,12,0.377588948902606
Fig4G,Fig5D,Monkey_A,V4,pre,non_rewarded,alpha_beta,-300,0,5,30,7,12,8,13,0.369467378257888
Fig4G,Fig5D,Monkey_A,V4,pre,non_rewarded,alpha_beta,-300,0,5,30,7,13,8,14,0.372735982510288
Fig4G,Fig5D,Monkey_A,V4,pre,non_rewarded,alpha_beta,-300,0,5,30,7,14,8,15,0.367789351851852
Fig4G,Fig5D,Monkey_A,V4,pre,non_rewarded,alpha_beta,-300,0,5,30,7,15,8,16,0.365079518175583
Fig4G,Fig5D,Monkey_A,V4,pre,non_rewarded,alpha_beta,-300,0,5,30,7,16,8,17,0.366551568930041
Fig4G,Fig5D,Monkey_A,V4,pre,non_rewarded,alpha_beta,-300,0,5,30,7,17,8,18,0.383821159122085
Fig4G,Fig5D,Monkey_A,V4,pre,non_rewarded,alpha_beta,-300,0,5,30,7,18,8,19,0.39755744170096
Fig4G,Fig5D,Monkey_A,V4,pre,non_rewarded,alpha_beta,-300,0,5,30,7,19,8,20,0.405458033264746
Fig4G,Fig5D,Monkey_A,V4,pre,non_rewarded,alpha_beta,-300,0,5,30,7,20,8,21,0.396935013717421
Fig4G,Fig5D,Monkey_A,V4,pre,non_rewarded,alpha_beta,-300,0,5,30,7,21,8,22,0.372213648834019
Fig4G,Fig5D,Monkey_A,V4,pre,non_rewarded,alpha_beta,-300,0,5,30,7,22,8,23,0.363567386831276
Fig4G,Fig5D,Monkey_A,V4,pre,non_rewarded,alpha_beta,-300,0,5,30,7,23,8,24,0.36481588648834
Fig4G,Fig5D,Monkey_A,V4,pre,non_rewarded,alpha_beta,-300,0,5,30,7,24,8,25,0.394737011316872
Fig4G,Fig5D,Monkey_A,V4,pre,non_rewarded,alpha_beta,-300,0,5,30,7,25,8,26,0.429258401920439
Fig4G,Fig5D,Monkey_A,V4,pre,non_rewarded,alpha_beta,-300,0,5,30,7,26,8,27,0.460867198216735
Fig4G,Fig5D,Monkey_A,V4,pre,non_rewarded,alpha_beta,-300,0,5,30,7,27,8,28,0.472894375857339
Fig4G,Fig5D,Monkey_A,V4,pre,non_rewarded,alpha_beta,-300,0,5,30,7,28,8,29,0.455377443415638
Fig4G,Fig5D,Monkey_A,V4,post,rewarded,alpha_beta,-300,0,5,30,0,4,1,5,0.503387076184641
Fig4G,Fig5D,Monkey_A,V4,post,rewarded,alpha_beta,-300,0,5,30,0,5,1,6,0.505700954861111
Fig4G,Fig5D,Monkey_A,V4,post,rewarded,alpha_beta,-300,0,5,30,0,6,1,7,0.506857706471069
Fig4G,Fig5D,Monkey_A,V4,post,rewarded,alpha_beta,-300,0,5,30,0,7,1,8,0.516252260248462
Fig4G,Fig5D,Monkey_A,V4,post,rewarded,alpha_beta,-300,0,5,30,0,8,1,9,0.515045805699731
Fig4G,Fig5D,Monkey_A,V4,post,rewarded,alpha_beta,-300,0,5,30,0,9,1,10,0.502096504349289
Fig4G,Fig5D,Monkey_A,V4,post,rewarded,alpha_beta,-300,0,5,30,0,10,1,11,0.465397248053633
Fig4G,Fig5D,Monkey_A,V4,post,rewarded,alpha_beta,-300,0,5,30,0,11,1,12,0.422772033292484
Fig4G,Fig5D,Monkey_A,V4,post,rewarded,alpha_beta,-300,0,5,30,0,12,1,13,0.393764762951749
Fig4G,Fig5D,Monkey_A,V4,post,rewarded,alpha_beta,-300,0,5,30,0,13,1,14,0.368310730848712
Fig4G,Fig5D,Monkey_A,V4,post,rewarded,alpha_beta,-300,0,5,30,0,14,1,15,0.367825911308151
Fig4G,Fig5D,Monkey_A,V4,post,rewarded,alpha_beta,-300,0,5,30,0,15,1,16,0.372087425809785
Fig4G,Fig5D,Monkey_A,V4,post,rewarded,alpha_beta,-300,0,5,30,0,16,1,17,0.38693903787005
Fig4G,Fig5D,Monkey_A,V4,post,rewarded,alpha_beta,-300,0,5,30,0,17,1,18,0.394779997476932
Fig4G,Fig5D,Monkey_A,V4,post,rewarded,alpha_beta,-300,0,5,30,0,18,1,19,0.410152142505286
Fig4G,Fig5D,Monkey_A,V4,post,rewarded,alpha_beta,-300,0,5,30,0,19,1,20,0.412992591491253
Fig4G,Fig5D,Monkey_A,V4,post,rewarded,alpha_beta,-300,0,5,30,0,20,1,21,0.421229988165609
Fig4G,Fig5D,Monkey_A,V4,post,rewarded,alpha_beta,-300,0,5,30,0,21,1,22,0.432572215313822
Fig4G,Fig5D,Monkey_A,V4,post,rewarded,alpha_beta,-300,0,5,30,0,22,1,23,0.445051647803729
Fig4G,Fig5D,Monkey_A,V4,post,rewarded,alpha_beta,-300,0,5,30,0,23,1,24,0.448465396422049
Fig4G,Fig5D,Monkey_A,V4,post,rewarded,alpha_beta,-300,0,5,30,0,24,1,25,0.44592640901336
Fig4G,Fig5D,Monkey_A,V4,post,rewarded,alpha_beta,-300,0,5,30,0,25,1,26,0.443051335423875
Fig4G,Fig5D,Monkey_A,V4,post,rewarded,alpha_beta,-300,0,5,30,0,26,1,27,0.441029246563822
Fig4G,Fig5D,Monkey_A,V4,post,rewarded,alpha_beta,-300,0,5,30,0,27,1,28,0.446126760140331
Fig4G,Fig5D,Monkey_A,V4,post,rewarded,alpha_beta,-300,0,5,30,0,28,1,29,0.456209615892926
Fig4G,Fig5D,Monkey_A,V4,post,rewarded,alpha_beta,-300,0,5,30,1,4,2,5,0.488679601895905
Fig4G,Fig5D,Monkey_A,V4,post,rewarded,alpha_beta,-300,0,5,30,1,5,2,6,0.497682081410996
Fig4G,Fig5D,Monkey_A,V4,post,rewarded,alpha_beta,-300,0,5,30,1,6,2,7,0.50527486423491
Fig4G,Fig5D,Monkey_A,V4,post,rewarded,alpha_beta,-300,0,5,30,1,7,2,8,0.496979812451942
Fig4G,Fig5D,Monkey_A,V4,post,rewarded,alpha_beta,-300,0,5,30,1,8,2,9,0.49307450109333
Fig4G,Fig5D,Monkey_A,V4,post,rewarded,alpha_beta,-300,0,5,30,1,9,2,10,0.493048872428873
Fig4G,Fig5D,Monkey_A,V4,post,rewarded,alpha_beta,-300,0,5,30,1,10,2,11,0.492474153570742
Fig4G,Fig5D,Monkey_A,V4,post,rewarded,alpha_beta,-300,0,5,30,1,11,2,12,0.464597097570646
Fig4G,Fig5D,Monkey_A,V4,post,rewarded,alpha_beta,-300,0,5,30,1,12,2,13,0.439725984296905
Fig4G,Fig5D,Monkey_A,V4,post,rewarded,alpha_beta,-300,0,5,30,1,13,2,14,0.415698206519127
Fig4G,Fig5D,Monkey_A,V4,post,rewarded,alpha_beta,-300,0,5,30,1,14,2,15,0.403549408580834
Fig4G,Fig5D,Monkey_A,V4,post,rewarded,alpha_beta,-300,0,5,30,1,15,2,16,0.407181042147251
Fig4G,Fig5D,Monkey_A,V4,post,rewarded,alpha_beta,-300,0,5,30,1,16,2,17,0.416175239090734
Fig4G,Fig5D,Monkey_A,V4,post,rewarded,alpha_beta,-300,0,5,30,1,17,2,18,0.421986435505575
Fig4G,Fig5D,Monkey_A,V4,post,rewarded,alpha_beta,-300,0,5,30,1,18,2,19,0.423278674368031
Fig4G,Fig5D,Monkey_A,V4,post,rewarded,alpha_beta,-300,0,5,30,1,19,2,20,0.425413250012015
Fig4G,Fig5D,Monkey_A,V4,post,rewarded,alpha_beta,-300,0,5,30,1,20,2,21,0.426178986147155
Fig4G,Fig5D,Monkey_A,V4,post,rewarded,alpha_beta,-300,0,5,30,1,21,2,22,0.433444836421088
Fig4G,Fig5D,Monkey_A,V4,post,rewarded,alpha_beta,-300,0,5,30,1,22,2,23,0.443703923971549
Fig4G,Fig5D,Monkey_A,V4,post,rewarded,alpha_beta,-300,0,5,30,1,23,2,24,0.451515305111015
Fig4G,Fig5D,Monkey_A,V4,post,rewarded,alpha_beta,-300,0,5,30,1,24,2,25,0.458463188737505
Fig4G,Fig5D,Monkey_A,V4,post,rewarded,alpha_beta,-300,0,5,30,1,25,2,26,0.462725709462707
Fig4G,Fig5D,Monkey_A,V4,post,rewarded,alpha_beta,-300,0,5,30,1,26,2,27,0.471047643935025
Fig4G,Fig5D,Monkey_A,V4,post,rewarded,alpha_beta,-300,0,5,30,1,27,2,28,0.486875
Fig4G,Fig5D,Monkey_A,V4,post,rewarded,alpha_beta,-300,0,5,30,1,28,2,29,0.485964495326317
Fig4G,Fig5D,Monkey_A,V4,post,rewarded,alpha_beta,-300,0,5,30,2,4,3,5,0.491018403378508
Fig4G,Fig5D,Monkey_A,V4,post,rewarded,alpha_beta,-300,0,5,30,2,5,3,6,0.495717054438197
Fig4G,Fig5D,Monkey_A,V4,post,rewarded,alpha_beta,-300,0,5,30,2,6,3,7,0.500846489331026
Fig4G,Fig5D,Monkey_A,V4,post,rewarded,alpha_beta,-300,0,5,30,2,7,3,8,0.493261170583429
Fig4G,Fig5D,Monkey_A,V4,post,rewarded,alpha_beta,-300,0,5,30,2,8,3,9,0.480331377955594
Fig4G,Fig5D,Monkey_A,V4,post,rewarded,alpha_beta,-300,0,5,30,2,9,3,10,0.474772878820646
Fig4G,Fig5D,Monkey_A,V4,post,rewarded,alpha_beta,-300,0,5,30,2,10,3,11,0.475585149041234
Fig4G,Fig5D,Monkey_A,V4,post,rewarded,alpha_beta,-300,0,5,30,2,11,3,12,0.464323675088908
Fig4G,Fig5D,Monkey_A,V4,post,rewarded,alpha_beta,-300,0,5,30,2,12,3,13,0.456464002727316
Fig4G,Fig5D,Monkey_A,V4,post,rewarded,alpha_beta,-300,0,5,30,2,13,3,14,0.435071975021626
Fig4G,Fig5D,Monkey_A,V4,post,rewarded,alpha_beta,-300,0,5,30,2,14,3,15,0.416267608912438
Fig4G,Fig5D,Monkey_A,V4,post,rewarded,alpha_beta,-300,0,5,30,2,15,3,16,0.415072230332084
Fig4G,Fig5D,Monkey_A,V4,post,rewarded,alpha_beta,-300,0,5,30,2,16,3,17,0.435351607554787
Fig4G,Fig5D,Monkey_A,V4,post,rewarded,alpha_beta,-300,0,5,30,2,17,3,18,0.453247571547001
Fig4G,Fig5D,Monkey_A,V4,post,rewarded,alpha_beta,-300,0,5,30,2,18,3,19,0.470315593762015
Fig4G,Fig5D,Monkey_A,V4,post,rewarded,alpha_beta,-300,0,5,30,2,19,3,20,0.472868856028931
Fig4G,Fig5D,Monkey_A,V4,post,rewarded,alpha_beta,-300,0,5,30,2,20,3,21,0.464850665909746
Fig4G,Fig5D,Monkey_A,V4,post,rewarded,alpha_beta,-300,0,5,30,2,21,3,22,0.451646872597078
Fig4G,Fig5D,Monkey_A,V4,post,rewarded,alpha_beta,-300,0,5,30,2,22,3,23,0.44367207774654
Fig4G,Fig5D,Monkey_A,V4,post,rewarded,alpha_beta,-300,0,5,30,2,23,3,24,0.445289739823626
Fig4G,Fig5D,Monkey_A,V4,post,rewarded,alpha_beta,-300,0,5,30,2,24,3,25,0.450267565359477
Fig4G,Fig5D,Monkey_A,V4,post,rewarded,alpha_beta,-300,0,5,30,2,25,3,26,0.459324996695982
Fig4G,Fig5D,Monkey_A,V4,post,rewarded,alpha_beta,-300,0,5,30,2,26,3,27,0.464009973627932
Fig4G,Fig5D,Monkey_A,V4,post,rewarded,alpha_beta,-300,0,5,30,2,27,3,28,0.456022600982795
Fig4G,Fig5D,Monkey_A,V4,post,rewarded,alpha_beta,-300,0,5,30,2,28,3,29,0.443357242406767
Fig4G,Fig5D,Monkey_A,V4,post,rewarded,alpha_beta,-300,0,5,30,3,4,4,5,0.503646306408593
Fig4G,Fig5D,Monkey_A,V4,post,rewarded,alpha_beta,-300,0,5,30,3,5,4,6,0.501546498041619
Fig4G,Fig5D,Monkey_A,V4,post,rewarded,alpha_beta,-300,0,5,30,3,6,4,7,0.499611244773645
Fig4G,Fig5D,Monkey_A,V4,post,rewarded,alpha_beta,-300,0,5,30,3,7,4,8,0.492352625792964
Fig4G,Fig5D,Monkey_A,V4,post,rewarded,alpha_beta,-300,0,5,30,3,8,4,9,0.483266704813053
Fig4G,Fig5D,Monkey_A,V4,post,rewarded,alpha_beta,-300,0,5,30,3,9,4,10,0.4816444396386
Fig4G,Fig5D,Monkey_A,V4,post,rewarded,alpha_beta,-300,0,5,30,3,10,4,11,0.478034252150615
Fig4G,Fig5D,Monkey_A,V4,post,rewarded,alpha_beta,-300,0,5,30,3,11,4,12,0.467365443879758
Fig4G,Fig5D,Monkey_A,V4,post,rewarded,alpha_beta,-300,0,5,30,3,12,4,13,0.45557062638168
Fig4G,Fig5D,Monkey_A,V4,post,rewarded,alpha_beta,-300,0,5,30,3,13,4,14,0.445665384107074
Fig4G,Fig5D,Monkey_A,V4,post,rewarded,alpha_beta,-300,0,5,30,3,14,4,15,0.438430441416763
Fig4G,Fig5D,Monkey_A,V4,post,rewarded,alpha_beta,-300,0,5,30,3,15,4,16,0.429623657367359
Fig4G,Fig5D,Monkey_A,V4,post,rewarded,alpha_beta,-300,0,5,30,3,16,4,17,0.428674705942426
Fig4G,Fig5D,Monkey_A,V4,post,rewarded,alpha_beta,-300,0,5,30,3,17,4,18,0.433563157799885
Fig4G,Fig5D,Monkey_A,V4,post,rewarded,alpha_beta,-300,0,5,30,3,18,4,19,0.447882875576701
Fig4G,Fig5D,Monkey_A,V4,post,rewarded,alpha_beta,-300,0,5,30,3,19,4,20,0.461294799476163
Fig4G,Fig5D,Monkey_A,V4,post,rewarded,alpha_beta,-300,0,5,30,3,20,4,21,0.472116140727124
Fig4G,Fig5D,Monkey_A,V4,post,rewarded,alpha_beta,-300,0,5,30,3,21,4,22,0.47155290333045
Fig4G,Fig5D,Monkey_A,V4,post,rewarded,alpha_beta,-300,0,5,30,3,22,4,23,0.470327458189158
Fig4G,Fig5D,Monkey_A,V4,post,rewarded,alpha_beta,-300,0,5,30,3,23,4,24,0.472087508410227
Fig4G,Fig5D,Monkey_A,V4,post,rewarded,alpha_beta,-300,0,5,30,3,24,4,25,0.473739231905998
Fig4G,Fig5D,Monkey_A,V4,post,rewarded,alpha_beta,-300,0,5,30,3,25,4,26,0.482853387218858
Fig4G,Fig5D,Monkey_A,V4,post,rewarded,alpha_beta,-300,0,5,30,3,26,4,27,0.483601627078527
Fig4G,Fig5D,Monkey_A,V4,post,rewarded,alpha_beta,-300,0,5,30,3,27,4,28,0.470047157343329
Fig4G,Fig5D,Monkey_A,V4,post,rewarded,alpha_beta,-300,0,5,30,3,28,4,29,0.458723515294598
Fig4G,Fig5D,Monkey_A,V4,post,rewarded,alpha_beta,-300,0,5,30,4,4,5,5,0.511404079861111
Fig4G,Fig5D,Monkey_A,V4,post,rewarded,alpha_beta,-300,0,5,30,4,5,5,6,0.500854554137832
Fig4G,Fig5D,Monkey_A,V4,post,rewarded,alpha_beta,-300,0,5,30,4,6,5,7,0.499880394559785
Fig4G,Fig5D,Monkey_A,V4,post,rewarded,alpha_beta,-300,0,5,30,4,7,5,8,0.494294652297193
Fig4G,Fig5D,Monkey_A,V4,post,rewarded,alpha_beta,-300,0,5,30,4,8,5,9,0.487038308583237
Fig4G,Fig5D,Monkey_A,V4,post,rewarded,alpha_beta,-300,0,5,30,4,9,5,10,0.485207807694156
Fig4G,Fig5D,Monkey_A,V4,post,rewarded,alpha_beta,-300,0,5,30,4,10,5,11,0.485086828082949
Fig4G,Fig5D,Monkey_A,V4,post,rewarded,alpha_beta,-300,0,5,30,4,11,5,12,0.483899454236351
Fig4G,Fig5D,Monkey_A,V4,post,rewarded,alpha_beta,-300,0,5,30,4,12,5,13,0.469823512891676
Fig4G,Fig5D,Monkey_A,V4,post,rewarded,alpha_beta,-300,0,5,30,4,13,5,14,0.457578733239619
Fig4G,Fig5D,Monkey_A,V4,post,rewarded,alpha_beta,-300,0,5,30,4,14,5,15,0.45013454110198
Fig4G,Fig5D,Monkey_A,V4,post,rewarded,alpha_beta,-300,0,5,30,4,15,5,16,0.454735130418589
Fig4G,Fig5D,Monkey_A,V4,post,rewarded,alpha_beta,-300,0,5,30,4,16,5,17,0.444991499663591
Fig4G,Fig5D,Monkey_A,V4,post,rewarded,alpha_beta,-300,0,5,30,4,17,5,18,0.44456235282103
Fig4G,Fig5D,Monkey_A,V4,post,rewarded,alpha_beta,-300,0,5,30,4,18,5,19,0.456726874879854
Fig4G,Fig5D,Monkey_A,V4,post,rewarded,alpha_beta,-300,0,5,30,4,19,5,20,0.472665426158208
Fig4G,Fig5D,Monkey_A,V4,post,rewarded,alpha_beta,-300,0,5,30,4,20,5,21,0.477035868115629
Fig4G,Fig5D,Monkey_A,V4,post,rewarded,alpha_beta,-300,0,5,30,4,21,5,22,0.462229318351115
Fig4G,Fig5D,Monkey_A,V4,post,rewarded,alpha_beta,-300,0,5,30,4,22,5,23,0.441493213247309
Fig4G,Fig5D,Monkey_A,V4,post,rewarded,alpha_beta,-300,0,5,30,4,23,5,24,0.44646844813293
Fig4G,Fig5D,Monkey_A,V4,post,rewarded,alpha_beta,-300,0,5,30,4,24,5,25,0.461882696859381
Fig4G,Fig5D,Monkey_A,V4,post,rewarded,alpha_beta,-300,0,5,30,4,25,5,26,0.484036736171184
Fig4G,Fig5D,Monkey_A,V4,post,rewarded,alpha_beta,-300,0,5,30,4,26,5,27,0.504116505670896
Fig4G,Fig5D,Monkey_A,V4,post,rewarded,alpha_beta,-300,0,5,30,4,27,5,28,0.509658342043925
Fig4G,Fig5D,Monkey_A,V4,post,rewarded,alpha_beta,-300,0,5,30,4,28,5,29,0.502935026492215
Fig4G,Fig5D,Monkey_A,V4,post,rewarded,alpha_beta,-300,0,5,30,5,4,6,5,0.523962966467224
Fig4G,Fig5D,Monkey_A,V4,post,rewarded,alpha_beta,-300,0,5,30,5,5,6,6,0.5106746128292
Fig4G,Fig5D,Monkey_A,V4,post,rewarded,alpha_beta,-300,0,5,30,5,6,6,7,0.496977477112168
Fig4G,Fig5D,Monkey_A,V4,post,rewarded,alpha_beta,-300,0,5,30,5,7,6,8,0.485303819444444
Fig4G,Fig5D,Monkey_A,V4,post,rewarded,alpha_beta,-300,0,5,30,5,8,6,9,0.486055821378797
Fig4G,Fig5D,Monkey_A,V4,post,rewarded,alpha_beta,-300,0,5,30,5,9,6,10,0.499894549271915
Fig4G,Fig5D,Monkey_A,V4,post,rewarded,alpha_beta,-300,0,5,30,5,10,6,11,0.515166672673972
Fig4G,Fig5D,Monkey_A,V4,post,rewarded,alpha_beta,-300,0,5,30,5,11,6,12,0.520792371023164
Fig4G,Fig5D,Monkey_A,V4,post,rewarded,alpha_beta,-300,0,5,30,5,12,6,13,0.505564799295944
Fig4G,Fig5D,Monkey_A,V4,post,rewarded,alpha_beta,-300,0,5,30,5,13,6,14,0.497680099000385
Fig4G,Fig5D,Monkey_A,V4,post,rewarded,alpha_beta,-300,0,5,30,5,14,6,15,0.485111480560361
Fig4G,Fig5D,Monkey_A,V4,post,rewarded,alpha_beta,-300,0,5,30,5,15,6,16,0.481811615424356
Fig4G,Fig5D,Monkey_A,V4,post,rewarded,alpha_beta,-300,0,5,30,5,16,6,17,0.480938010620915
Fig4G,Fig5D,Monkey_A,V4,post,rewarded,alpha_beta,-300,0,5,30,5,17,6,18,0.485041465421953
Fig4G,Fig5D,Monkey_A,V4,post,rewarded,alpha_beta,-300,0,5,30,5,18,6,19,0.486211906177912
Fig4G,Fig5D,Monkey_A,V4,post,rewarded,alpha_beta,-300,0,5,30,5,19,6,20,0.479197626814206
Fig4G,Fig5D,Monkey_A,V4,post,rewarded,alpha_beta,-300,0,5,30,5,20,6,21,0.479822206302864
Fig4G,Fig5D,Monkey_A,V4,post,rewarded,alpha_beta,-300,0,5,30,5,21,6,22,0.480142350598328
Fig4G,Fig5D,Monkey_A,V4,post,rewarded,alpha_beta,-300,0,5,30,5,22,6,23,0.478190997753268
Fig4G,Fig5D,Monkey_A,V4,post,rewarded,alpha_beta,-300,0,5,30,5,23,6,24,0.466428732338524
Fig4G,Fig5D,Monkey_A,V4,post,rewarded,alpha_beta,-300,0,5,30,5,24,6,25,0.460387583801903
Fig4G,Fig5D,Monkey_A,V4,post,rewarded,alpha_beta,-300,0,5,30,5,25,6,26,0.452867286620531
Fig4G,Fig5D,Monkey_A,V4,post,rewarded,alpha_beta,-300,0,5,30,5,26,6,27,0.459425183523164
Fig4G,Fig5D,Monkey_A,V4,post,rewarded,alpha_beta,-300,0,5,30,5,27,6,28,0.474107457167916
Fig4G,Fig5D,Monkey_A,V4,post,rewarded,alpha_beta,-300,0,5,30,5,28,6,29,0.493236360414264
Fig4G,Fig5D,Monkey_A,V4,post,rewarded,alpha_beta,-300,0,5,30,6,4,7,5,0.521430444420415
Fig4G,Fig5D,Monkey_A,V4,post,rewarded,alpha_beta,-300,0,5,30,6,5,7,6,0.520060891544118
Fig4G,Fig5D,Monkey_A,V4,post,rewarded,alpha_beta,-300,0,5,30,6,6,7,7,0.504741145232603
Fig4G,Fig5D,Monkey_A,V4,post,rewarded,alpha_beta,-300,0,5,30,6,7,7,8,0.494504975550269
Fig4G,Fig5D,Monkey_A,V4,post,rewarded,alpha_beta,-300,0,5,30,6,8,7,9,0.492141739355056
Fig4G,Fig5D,Monkey_A,V4,post,rewarded,alpha_beta,-300,0,5,30,6,9,7,10,0.495265004745771
Fig4G,Fig5D,Monkey_A,V4,post,rewarded,alpha_beta,-300,0,5,30,6,10,7,11,0.528278201292772
Fig4G,Fig5D,Monkey_A,V4,post,rewarded,alpha_beta,-300,0,5,30,6,11,7,12,0.549238333813918
Fig4G,Fig5D,Monkey_A,V4,post,rewarded,alpha_beta,-300,0,5,30,6,12,7,13,0.547493249291138
Fig4G,Fig5D,Monkey_A,V4,post,rewarded,alpha_beta,-300,0,5,30,6,13,7,14,0.534475209354575
Fig4G,Fig5D,Monkey_A,V4,post,rewarded,alpha_beta,-300,0,5,30,6,14,7,15,0.513596933871588
Fig4G,Fig5D,Monkey_A,V4,post,rewarded,alpha_beta,-300,0,5,30,6,15,7,16,0.486178175160996
Fig4G,Fig5D,Monkey_A,V4,post,rewarded,alpha_beta,-300,0,5,30,6,16,7,17,0.476154836781526
Fig4G,Fig5D,Monkey_A,V4,post,rewarded,alpha_beta,-300,0,5,30,6,17,7,18,0.477964101847847
Fig4G,Fig5D,Monkey_A,V4,post,rewarded,alpha_beta,-300,0,5,30,6,18,7,19,0.489404203010861
Fig4G,Fig5D,Monkey_A,V4,post,rewarded,alpha_beta,-300,0,5,30,6,19,7,20,0.497766754373318
Fig4G,Fig5D,Monkey_A,V4,post,rewarded,alpha_beta,-300,0,5,30,6,20,7,21,0.498028530192714
Fig4G,Fig5D,Monkey_A,V4,post,rewarded,alpha_beta,-300,0,5,30,6,21,7,22,0.485333623185794
Fig4G,Fig5D,Monkey_A,V4,post,rewarded,alpha_beta,-300,0,5,30,6,22,7,23,0.472667378532295
Fig4G,Fig5D,Monkey_A,V4,post,rewarded,alpha_beta,-300,0,5,30,6,23,7,24,0.458959745049981
Fig4G,Fig5D,Monkey_A,V4,post,rewarded,alpha_beta,-300,0,5,30,6,24,7,25,0.451128967824875
Fig4G,Fig5D,Monkey_A,V4,post,rewarded,alpha_beta,-300,0,5,30,6,25,7,26,0.458024685517589
Fig4G,Fig5D,Monkey_A,V4,post,rewarded,alpha_beta,-300,0,5,30,6,26,7,27,0.454452419141676
Fig4G,Fig5D,Monkey_A,V4,post,rewarded,alpha_beta,-300,0,5,30,6,27,7,28,0.455589158917243
Fig4G,Fig5D,Monkey_A,V4,post,rewarded,alpha_beta,-300,0,5,30,6,28,7,29,0.446947801026048
Fig4G,Fig5D,Monkey_A,V4,post,rewarded,alpha_beta,-300,0,5,30,7,4,8,5,0.525930636654171
Fig4G,Fig5D,Monkey_A,V4,post,rewarded,alpha_beta,-300,0,5,30,7,5,8,6,0.527982198853806
Fig4G,Fig5D,Monkey_A,V4,post,rewarded,alpha_beta,-300,0,5,30,7,6,8,7,0.516191030793445
Fig4G,Fig5D,Monkey_A,V4,post,rewarded,alpha_beta,-300,0,5,30,7,7,8,8,0.513719362745098
Fig4G,Fig5D,Monkey_A,V4,post,rewarded,alpha_beta,-300,0,5,30,7,8,8,9,0.501406302563918
Fig4G,Fig5D,Monkey_A,V4,post,rewarded,alpha_beta,-300,0,5,30,7,9,8,10,0.502945118764417
Fig4G,Fig5D,Monkey_A,V4,post,rewarded,alpha_beta,-300,0,5,30,7,10,8,11,0.518398054534314
Fig4G,Fig5D,Monkey_A,V4,post,rewarded,alpha_beta,-300,0,5,30,7,11,8,12,0.528525920018743
Fig4G,Fig5D,Monkey_A,V4,post,rewarded,alpha_beta,-300,0,5,30,7,12,8,13,0.536260715530085
Fig4G,Fig5D,Monkey_A,V4,post,rewarded,alpha_beta,-300,0,5,30,7,13,8,14,0.53835339022251
Fig4G,Fig5D,Monkey_A,V4,post,rewarded,alpha_beta,-300,0,5,30,7,14,8,15,0.516904097883026
Fig4G,Fig5D,Monkey_A,V4,post,rewarded,alpha_beta,-300,0,5,30,7,15,8,16,0.504184711108708
Fig4G,Fig5D,Monkey_A,V4,post,rewarded,alpha_beta,-300,0,5,30,7,16,8,17,0.492108601559496
Fig4G,Fig5D,Monkey_A,V4,post,rewarded,alpha_beta,-300,0,5,30,7,17,8,18,0.492722037497597
Fig4G,Fig5D,Monkey_A,V4,post,rewarded,alpha_beta,-300,0,5,30,7,18,8,19,0.498905821979527
Fig4G,Fig5D,Monkey_A,V4,post,rewarded,alpha_beta,-300,0,5,30,7,19,8,20,0.48541941500865
Fig4G,Fig5D,Monkey_A,V4,post,rewarded,alpha_beta,-300,0,5,30,7,20,8,21,0.470802425749712
Fig4G,Fig5D,Monkey_A,V4,post,rewarded,alpha_beta,-300,0,5,30,7,21,8,22,0.458364969302672
Fig4G,Fig5D,Monkey_A,V4,post,rewarded,alpha_beta,-300,0,5,30,7,22,8,23,0.456513352736928
Fig4G,Fig5D,Monkey_A,V4,post,rewarded,alpha_beta,-300,0,5,30,7,23,8,24,0.452939727208285
Fig4G,Fig5D,Monkey_A,V4,post,rewarded,alpha_beta,-300,0,5,30,7,24,8,25,0.451417153258362
Fig4G,Fig5D,Monkey_A,V4,post,rewarded,alpha_beta,-300,0,5,30,7,25,8,26,0.443875687836409
Fig4G,Fig5D,Monkey_A,V4,post,rewarded,alpha_beta,-300,0,5,30,7,26,8,27,0.437298777813822
Fig4G,Fig5D,Monkey_A,V4,post,rewarded,alpha_beta,-300,0,5,30,7,27,8,28,0.432678784902441
Fig4G,Fig5D,Monkey_A,V4,post,rewarded,alpha_beta,-300,0,5,30,7,28,8,29,0.44446326232699
Fig4G,Fig5D,Monkey_A,V4,post,non_rewarded,alpha_beta,-300,0,5,30,0,4,1,5,0.4840625
Fig4G,Fig5D,Monkey_A,V4,post,non_rewarded,alpha_beta,-300,0,5,30,0,5,1,6,0.498645833333333
Fig4G,Fig5D,Monkey_A,V4,post,non_rewarded,alpha_beta,-300,0,5,30,0,6,1,7,0.511666666666667
Fig4G,Fig5D,Monkey_A,V4,post,non_rewarded,alpha_beta,-300,0,5,30,0,7,1,8,0.538125
Fig4G,Fig5D,Monkey_A,V4,post,non_rewarded,alpha_beta,-300,0,5,30,0,8,1,9,0.551875
Fig4G,Fig5D,Monkey_A,V4,post,non_rewarded,alpha_beta,-300,0,5,30,0,9,1,10,0.55875
Fig4G,Fig5D,Monkey_A,V4,post,non_rewarded,alpha_beta,-300,0,5,30,0,10,1,11,0.581458333333333
Fig4G,Fig5D,Monkey_A,V4,post,non_rewarded,alpha_beta,-300,0,5,30,0,11,1,12,0.615416666666667
Fig4G,Fig5D,Monkey_A,V4,post,non_rewarded,alpha_beta,-300,0,5,30,0,12,1,13,0.631770833333333
Fig4G,Fig5D,Monkey_A,V4,post,non_rewarded,alpha_beta,-300,0,5,30,0,13,1,14,0.667708333333333
Fig4G,Fig5D,Monkey_A,V4,post,non_rewarded,alpha_beta,-300,0,5,30,0,14,1,15,0.641666666666667
Fig4G,Fig5D,Monkey_A,V4,post,non_rewarded,alpha_beta,-300,0,5,30,0,15,1,16,0.655208333333333
Fig4G,Fig5D,Monkey_A,V4,post,non_rewarded,alpha_beta,-300,0,5,30,0,16,1,17,0.6703125
Fig4G,Fig5D,Monkey_A,V4,post,non_rewarded,alpha_beta,-300,0,5,30,0,17,1,18,0.626979166666667
Fig4G,Fig5D,Monkey_A,V4,post,non_rewarded,alpha_beta,-300,0,5,30,0,18,1,19,0.5675
Fig4G,Fig5D,Monkey_A,V4,post,non_rewarded,alpha_beta,-300,0,5,30,0,19,1,20,0.507604166666667
Fig4G,Fig5D,Monkey_A,V4,post,non_rewarded,alpha_beta,-300,0,5,30,0,20,1,21,0.500833333333333
Fig4G,Fig5D,Monkey_A,V4,post,non_rewarded,alpha_beta,-300,0,5,30,0,21,1,22,0.512291666666667
Fig4G,Fig5D,Monkey_A,V4,post,non_rewarded,alpha_beta,-300,0,5,30,0,22,1,23,0.533958333333333
Fig4G,Fig5D,Monkey_A,V4,post,non_rewarded,alpha_beta,-300,0,5,30,0,23,1,24,0.5396875
Fig4G,Fig5D,Monkey_A,V4,post,non_rewarded,alpha_beta,-300,0,5,30,0,24,1,25,0.519583333333333
Fig4G,Fig5D,Monkey_A,V4,post,non_rewarded,alpha_beta,-300,0,5,30,0,25,1,26,0.49
Fig4G,Fig5D,Monkey_A,V4,post,non_rewarded,alpha_beta,-300,0,5,30,0,26,1,27,0.47375
Fig4G,Fig5D,Monkey_A,V4,post,non_rewarded,alpha_beta,-300,0,5,30,0,27,1,28,0.463333333333333
Fig4G,Fig5D,Monkey_A,V4,post,non_rewarded,alpha_beta,-300,0,5,30,0,28,1,29,0.463645833333333
Fig4G,Fig5D,Monkey_A,V4,post,non_rewarded,alpha_beta,-300,0,5,30,1,4,2,5,0.5259375
Fig4G,Fig5D,Monkey_A,V4,post,non_rewarded,alpha_beta,-300,0,5,30,1,5,2,6,0.535
Fig4G,Fig5D,Monkey_A,V4,post,non_rewarded,alpha_beta,-300,0,5,30,1,6,2,7,0.525208333333333
Fig4G,Fig5D,Monkey_A,V4,post,non_rewarded,alpha_beta,-300,0,5,30,1,7,2,8,0.5278125
Fig4G,Fig5D,Monkey_A,V4,post,non_rewarded,alpha_beta,-300,0,5,30,1,8,2,9,0.5228125
Fig4G,Fig5D,Monkey_A,V4,post,non_rewarded,alpha_beta,-300,0,5,30,1,9,2,10,0.553854166666667
Fig4G,Fig5D,Monkey_A,V4,post,non_rewarded,alpha_beta,-300,0,5,30,1,10,2,11,0.569479166666667
Fig4G,Fig5D,Monkey_A,V4,post,non_rewarded,alpha_beta,-300,0,5,30,1,11,2,12,0.592708333333333
Fig4G,Fig5D,Monkey_A,V4,post,non_rewarded,alpha_beta,-300,0,5,30,1,12,2,13,0.588854166666667
Fig4G,Fig5D,Monkey_A,V4,post,non_rewarded,alpha_beta,-300,0,5,30,1,13,2,14,0.594375
Fig4G,Fig5D,Monkey_A,V4,post,non_rewarded,alpha_beta,-300,0,5,30,1,14,2,15,0.599375
Fig4G,Fig5D,Monkey_A,V4,post,non_rewarded,alpha_beta,-300,0,5,30,1,15,2,16,0.627395833333333
Fig4G,Fig5D,Monkey_A,V4,post,non_rewarded,alpha_beta,-300,0,5,30,1,16,2,17,0.643958333333333
Fig4G,Fig5D,Monkey_A,V4,post,non_rewarded,alpha_beta,-300,0,5,30,1,17,2,18,0.6440625
Fig4G,Fig5D,Monkey_A,V4,post,non_rewarded,alpha_beta,-300,0,5,30,1,18,2,19,0.606875
Fig4G,Fig5D,Monkey_A,V4,post,non_rewarded,alpha_beta,-300,0,5,30,1,19,2,20,0.554895833333333
Fig4G,Fig5D,Monkey_A,V4,post,non_rewarded,alpha_beta,-300,0,5,30,1,20,2,21,0.518229166666667
Fig4G,Fig5D,Monkey_A,V4,post,non_rewarded,alpha_beta,-300,0,5,30,1,21,2,22,0.5271875
Fig4G,Fig5D,Monkey_A,V4,post,non_rewarded,alpha_beta,-300,0,5,30,1,22,2,23,0.536458333333333
Fig4G,Fig5D,Monkey_A,V4,post,non_rewarded,alpha_beta,-300,0,5,30,1,23,2,24,0.536875
Fig4G,Fig5D,Monkey_A,V4,post,non_rewarded,alpha_beta,-300,0,5,30,1,24,2,25,0.526041666666667
Fig4G,Fig5D,Monkey_A,V4,post,non_rewarded,alpha_beta,-300,0,5,30,1,25,2,26,0.495520833333333
Fig4G,Fig5D,Monkey_A,V4,post,non_rewarded,alpha_beta,-300,0,5,30,1,26,2,27,0.483229166666667
Fig4G,Fig5D,Monkey_A,V4,post,non_rewarded,alpha_beta,-300,0,5,30,1,27,2,28,0.469895833333333
Fig4G,Fig5D,Monkey_A,V4,post,non_rewarded,alpha_beta,-300,0,5,30,1,28,2,29,0.47875
Fig4G,Fig5D,Monkey_A,V4,post,non_rewarded,alpha_beta,-300,0,5,30,2,4,3,5,0.558020833333333
Fig4G,Fig5D,Monkey_A,V4,post,non_rewarded,alpha_beta,-300,0,5,30,2,5,3,6,0.5609375
Fig4G,Fig5D,Monkey_A,V4,post,non_rewarded,alpha_beta,-300,0,5,30,2,6,3,7,0.5428125
Fig4G,Fig5D,Monkey_A,V4,post,non_rewarded,alpha_beta,-300,0,5,30,2,7,3,8,0.506770833333333
Fig4G,Fig5D,Monkey_A,V4,post,non_rewarded,alpha_beta,-300,0,5,30,2,8,3,9,0.4915625
Fig4G,Fig5D,Monkey_A,V4,post,non_rewarded,alpha_beta,-300,0,5,30,2,9,3,10,0.505729166666667
Fig4G,Fig5D,Monkey_A,V4,post,non_rewarded,alpha_beta,-300,0,5,30,2,10,3,11,0.510833333333333
Fig4G,Fig5D,Monkey_A,V4,post,non_rewarded,alpha_beta,-300,0,5,30,2,11,3,12,0.518854166666667
Fig4G,Fig5D,Monkey_A,V4,post,non_rewarded,alpha_beta,-300,0,5,30,2,12,3,13,0.550833333333333
Fig4G,Fig5D,Monkey_A,V4,post,non_rewarded,alpha_beta,-300,0,5,30,2,13,3,14,0.5596875
Fig4G,Fig5D,Monkey_A,V4,post,non_rewarded,alpha_beta,-300,0,5,30,2,14,3,15,0.574895833333333
Fig4G,Fig5D,Monkey_A,V4,post,non_rewarded,alpha_beta,-300,0,5,30,2,15,3,16,0.591354166666667
Fig4G,Fig5D,Monkey_A,V4,post,non_rewarded,alpha_beta,-300,0,5,30,2,16,3,17,0.5896875
Fig4G,Fig5D,Monkey_A,V4,post,non_rewarded,alpha_beta,-300,0,5,30,2,17,3,18,0.5746875
Fig4G,Fig5D,Monkey_A,V4,post,non_rewarded,alpha_beta,-300,0,5,30,2,18,3,19,0.547083333333333
Fig4G,Fig5D,Monkey_A,V4,post,non_rewarded,alpha_beta,-300,0,5,30,2,19,3,20,0.532395833333333
Fig4G,Fig5D,Monkey_A,V4,post,non_rewarded,alpha_beta,-300,0,5,30,2,20,3,21,0.529166666666667
Fig4G,Fig5D,Monkey_A,V4,post,non_rewarded,alpha_beta,-300,0,5,30,2,21,3,22,0.5353125
Fig4G,Fig5D,Monkey_A,V4,post,non_rewarded,alpha_beta,-300,0,5,30,2,22,3,23,0.5471875
Fig4G,Fig5D,Monkey_A,V4,post,non_rewarded,alpha_beta,-300,0,5,30,2,23,3,24,0.561041666666667
Fig4G,Fig5D,Monkey_A,V4,post,non_rewarded,alpha_beta,-300,0,5,30,2,24,3,25,0.549166666666667
Fig4G,Fig5D,Monkey_A,V4,post,non_rewarded,alpha_beta,-300,0,5,30,2,25,3,26,0.518541666666667
Fig4G,Fig5D,Monkey_A,V4,post,non_rewarded,alpha_beta,-300,0,5,30,2,26,3,27,0.465416666666667
Fig4G,Fig5D,Monkey_A,V4,post,non_rewarded,alpha_beta,-300,0,5,30,2,27,3,28,0.4215625
Fig4G,Fig5D,Monkey_A,V4,post,non_rewarded,alpha_beta,-300,0,5,30,2,28,3,29,0.373229166666667
Fig4G,Fig5D,Monkey_A,V4,post,non_rewarded,alpha_beta,-300,0,5,30,3,4,4,5,0.591041666666667
Fig4G,Fig5D,Monkey_A,V4,post,non_rewarded,alpha_beta,-300,0,5,30,3,5,4,6,0.564895833333333
Fig4G,Fig5D,Monkey_A,V4,post,non_rewarded,alpha_beta,-300,0,5,30,3,6,4,7,0.543020833333333
Fig4G,Fig5D,Monkey_A,V4,post,non_rewarded,alpha_beta,-300,0,5,30,3,7,4,8,0.5096875
Fig4G,Fig5D,Monkey_A,V4,post,non_rewarded,alpha_beta,-300,0,5,30,3,8,4,9,0.450729166666667
Fig4G,Fig5D,Monkey_A,V4,post,non_rewarded,alpha_beta,-300,0,5,30,3,9,4,10,0.425104166666667
Fig4G,Fig5D,Monkey_A,V4,post,non_rewarded,alpha_beta,-300,0,5,30,3,10,4,11,0.4221875
Fig4G,Fig5D,Monkey_A,V4,post,non_rewarded,alpha_beta,-300,0,5,30,3,11,4,12,0.462083333333333
Fig4G,Fig5D,Monkey_A,V4,post,non_rewarded,alpha_beta,-300,0,5,30,3,12,4,13,0.501041666666667
Fig4G,Fig5D,Monkey_A,V4,post,non_rewarded,alpha_beta,-300,0,5,30,3,13,4,14,0.536458333333333
Fig4G,Fig5D,Monkey_A,V4,post,non_rewarded,alpha_beta,-300,0,5,30,3,14,4,15,0.57375
Fig4G,Fig5D,Monkey_A,V4,post,non_rewarded,alpha_beta,-300,0,5,30,3,15,4,16,0.613333333333333
Fig4G,Fig5D,Monkey_A,V4,post,non_rewarded,alpha_beta,-300,0,5,30,3,16,4,17,0.614479166666667
Fig4G,Fig5D,Monkey_A,V4,post,non_rewarded,alpha_beta,-300,0,5,30,3,17,4,18,0.598020833333333
Fig4G,Fig5D,Monkey_A,V4,post,non_rewarded,alpha_beta,-300,0,5,30,3,18,4,19,0.57875
Fig4G,Fig5D,Monkey_A,V4,post,non_rewarded,alpha_beta,-300,0,5,30,3,19,4,20,0.551145833333333
Fig4G,Fig5D,Monkey_A,V4,post,non_rewarded,alpha_beta,-300,0,5,30,3,20,4,21,0.536041666666667
Fig4G,Fig5D,Monkey_A,V4,post,non_rewarded,alpha_beta,-300,0,5,30,3,21,4,22,0.490833333333333
Fig4G,Fig5D,Monkey_A,V4,post,non_rewarded,alpha_beta,-300,0,5,30,3,22,4,23,0.485625
Fig4G,Fig5D,Monkey_A,V4,post,non_rewarded,alpha_beta,-300,0,5,30,3,23,4,24,0.483125
Fig4G,Fig5D,Monkey_A,V4,post,non_rewarded,alpha_beta,-300,0,5,30,3,24,4,25,0.487291666666667
Fig4G,Fig5D,Monkey_A,V4,post,non_rewarded,alpha_beta,-300,0,5,30,3,25,4,26,0.482708333333333
Fig4G,Fig5D,Monkey_A,V4,post,non_rewarded,alpha_beta,-300,0,5,30,3,26,4,27,0.467395833333333
Fig4G,Fig5D,Monkey_A,V4,post,non_rewarded,alpha_beta,-300,0,5,30,3,27,4,28,0.434375
Fig4G,Fig5D,Monkey_A,V4,post,non_rewarded,alpha_beta,-300,0,5,30,3,28,4,29,0.424166666666667
Fig4G,Fig5D,Monkey_A,V4,post,non_rewarded,alpha_beta,-300,0,5,30,4,4,5,5,0.57625
Fig4G,Fig5D,Monkey_A,V4,post,non_rewarded,alpha_beta,-300,0,5,30,4,5,5,6,0.552291666666667
Fig4G,Fig5D,Monkey_A,V4,post,non_rewarded,alpha_beta,-300,0,5,30,4,6,5,7,0.498125
Fig4G,Fig5D,Monkey_A,V4,post,non_rewarded,alpha_beta,-300,0,5,30,4,7,5,8,0.454270833333333
Fig4G,Fig5D,Monkey_A,V4,post,non_rewarded,alpha_beta,-300,0,5,30,4,8,5,9,0.402083333333333
Fig4G,Fig5D,Monkey_A,V4,post,non_rewarded,alpha_beta,-300,0,5,30,4,9,5,10,0.3834375
Fig4G,Fig5D,Monkey_A,V4,post,non_rewarded,alpha_beta,-300,0,5,30,4,10,5,11,0.409479166666667
Fig4G,Fig5D,Monkey_A,V4,post,non_rewarded,alpha_beta,-300,0,5,30,4,11,5,12,0.446875
Fig4G,Fig5D,Monkey_A,V4,post,non_rewarded,alpha_beta,-300,0,5,30,4,12,5,13,0.463333333333333
Fig4G,Fig5D,Monkey_A,V4,post,non_rewarded,alpha_beta,-300,0,5,30,4,13,5,14,0.486770833333333
Fig4G,Fig5D,Monkey_A,V4,post,non_rewarded,alpha_beta,-300,0,5,30,4,14,5,15,0.533854166666667
Fig4G,Fig5D,Monkey_A,V4,post,non_rewarded,alpha_beta,-300,0,5,30,4,15,5,16,0.5915625
Fig4G,Fig5D,Monkey_A,V4,post,non_rewarded,alpha_beta,-300,0,5,30,4,16,5,17,0.628854166666667
Fig4G,Fig5D,Monkey_A,V4,post,non_rewarded,alpha_beta,-300,0,5,30,4,17,5,18,0.628125
Fig4G,Fig5D,Monkey_A,V4,post,non_rewarded,alpha_beta,-300,0,5,30,4,18,5,19,0.581979166666667
Fig4G,Fig5D,Monkey_A,V4,post,non_rewarded,alpha_beta,-300,0,5,30,4,19,5,20,0.568333333333333
Fig4G,Fig5D,Monkey_A,V4,post,non_rewarded,alpha_beta,-300,0,5,30,4,20,5,21,0.532291666666667
Fig4G,Fig5D,Monkey_A,V4,post,non_rewarded,alpha_beta,-300,0,5,30,4,21,5,22,0.535520833333333
Fig4G,Fig5D,Monkey_A,V4,post,non_rewarded,alpha_beta,-300,0,5,30,4,22,5,23,0.5375
Fig4G,Fig5D,Monkey_A,V4,post,non_rewarded,alpha_beta,-300,0,5,30,4,23,5,24,0.518020833333333
Fig4G,Fig5D,Monkey_A,V4,post,non_rewarded,alpha_beta,-300,0,5,30,4,24,5,25,0.504791666666667
Fig4G,Fig5D,Monkey_A,V4,post,non_rewarded,alpha_beta,-300,0,5,30,4,25,5,26,0.4828125
Fig4G,Fig5D,Monkey_A,V4,post,non_rewarded,alpha_beta,-300,0,5,30,4,26,5,27,0.465104166666667
Fig4G,Fig5D,Monkey_A,V4,post,non_rewarded,alpha_beta,-300,0,5,30,4,27,5,28,0.450416666666667
Fig4G,Fig5D,Monkey_A,V4,post,non_rewarded,alpha_beta,-300,0,5,30,4,28,5,29,0.466666666666667
Fig4G,Fig5D,Monkey_A,V4,post,non_rewarded,alpha_beta,-300,0,5,30,5,4,6,5,0.548854166666667
Fig4G,Fig5D,Monkey_A,V4,post,non_rewarded,alpha_beta,-300,0,5,30,5,5,6,6,0.529270833333333
Fig4G,Fig5D,Monkey_A,V4,post,non_rewarded,alpha_beta,-300,0,5,30,5,6,6,7,0.493020833333333
Fig4G,Fig5D,Monkey_A,V4,post,non_rewarded,alpha_beta,-300,0,5,30,5,7,6,8,0.469583333333333
Fig4G,Fig5D,Monkey_A,V4,post,non_rewarded,alpha_beta,-300,0,5,30,5,8,6,9,0.4559375
Fig4G,Fig5D,Monkey_A,V4,post,non_rewarded,alpha_beta,-300,0,5,30,5,9,6,10,0.440520833333333
Fig4G,Fig5D,Monkey_A,V4,post,non_rewarded,alpha_beta,-300,0,5,30,5,10,6,11,0.4290625
Fig4G,Fig5D,Monkey_A,V4,post,non_rewarded,alpha_beta,-300,0,5,30,5,11,6,12,0.4528125
Fig4G,Fig5D,Monkey_A,V4,post,non_rewarded,alpha_beta,-300,0,5,30,5,12,6,13,0.4740625
Fig4G,Fig5D,Monkey_A,V4,post,non_rewarded,alpha_beta,-300,0,5,30,5,13,6,14,0.4928125
Fig4G,Fig5D,Monkey_A,V4,post,non_rewarded,alpha_beta,-300,0,5,30,5,14,6,15,0.532395833333333
Fig4G,Fig5D,Monkey_A,V4,post,non_rewarded,alpha_beta,-300,0,5,30,5,15,6,16,0.548958333333333
Fig4G,Fig5D,Monkey_A,V4,post,non_rewarded,alpha_beta,-300,0,5,30,5,16,6,17,0.561979166666667
Fig4G,Fig5D,Monkey_A,V4,post,non_rewarded,alpha_beta,-300,0,5,30,5,17,6,18,0.5671875
Fig4G,Fig5D,Monkey_A,V4,post,non_rewarded,alpha_beta,-300,0,5,30,5,18,6,19,0.568958333333333
Fig4G,Fig5D,Monkey_A,V4,post,non_rewarded,alpha_beta,-300,0,5,30,5,19,6,20,0.550208333333333
Fig4G,Fig5D,Monkey_A,V4,post,non_rewarded,alpha_beta,-300,0,5,30,5,20,6,21,0.5371875
Fig4G,Fig5D,Monkey_A,V4,post,non_rewarded,alpha_beta,-300,0,5,30,5,21,6,22,0.516979166666667
Fig4G,Fig5D,Monkey_A,V4,post,non_rewarded,alpha_beta,-300,0,5,30,5,22,6,23,0.510104166666667
Fig4G,Fig5D,Monkey_A,V4,post,non_rewarded,alpha_beta,-300,0,5,30,5,23,6,24,0.517708333333333
Fig4G,Fig5D,Monkey_A,V4,post,non_rewarded,alpha_beta,-300,0,5,30,5,24,6,25,0.5215625
Fig4G,Fig5D,Monkey_A,V4,post,non_rewarded,alpha_beta,-300,0,5,30,5,25,6,26,0.533541666666667
Fig4G,Fig5D,Monkey_A,V4,post,non_rewarded,alpha_beta,-300,0,5,30,5,26,6,27,0.504583333333333
Fig4G,Fig5D,Monkey_A,V4,post,non_rewarded,alpha_beta,-300,0,5,30,5,27,6,28,0.489375
Fig4G,Fig5D,Monkey_A,V4,post,non_rewarded,alpha_beta,-300,0,5,30,5,28,6,29,0.491979166666667
Fig4G,Fig5D,Monkey_A,V4,post,non_rewarded,alpha_beta,-300,0,5,30,6,4,7,5,0.515
Fig4G,Fig5D,Monkey_A,V4,post,non_rewarded,alpha_beta,-300,0,5,30,6,5,7,6,0.517083333333333
Fig4G,Fig5D,Monkey_A,V4,post,non_rewarded,alpha_beta,-300,0,5,30,6,6,7,7,0.522916666666667
Fig4G,Fig5D,Monkey_A,V4,post,non_rewarded,alpha_beta,-300,0,5,30,6,7,7,8,0.511666666666667
Fig4G,Fig5D,Monkey_A,V4,post,non_rewarded,alpha_beta,-300,0,5,30,6,8,7,9,0.497083333333333
Fig4G,Fig5D,Monkey_A,V4,post,non_rewarded,alpha_beta,-300,0,5,30,6,9,7,10,0.4790625
Fig4G,Fig5D,Monkey_A,V4,post,non_rewarded,alpha_beta,-300,0,5,30,6,10,7,11,0.468333333333333
Fig4G,Fig5D,Monkey_A,V4,post,non_rewarded,alpha_beta,-300,0,5,30,6,11,7,12,0.473020833333333
Fig4G,Fig5D,Monkey_A,V4,post,non_rewarded,alpha_beta,-300,0,5,30,6,12,7,13,0.521979166666667
Fig4G,Fig5D,Monkey_A,V4,post,non_rewarded,alpha_beta,-300,0,5,30,6,13,7,14,0.549791666666667
Fig4G,Fig5D,Monkey_A,V4,post,non_rewarded,alpha_beta,-300,0,5,30,6,14,7,15,0.581041666666667
Fig4G,Fig5D,Monkey_A,V4,post,non_rewarded,alpha_beta,-300,0,5,30,6,15,7,16,0.570416666666667
Fig4G,Fig5D,Monkey_A,V4,post,non_rewarded,alpha_beta,-300,0,5,30,6,16,7,17,0.545729166666667
Fig4G,Fig5D,Monkey_A,V4,post,non_rewarded,alpha_beta,-300,0,5,30,6,17,7,18,0.512604166666667
Fig4G,Fig5D,Monkey_A,V4,post,non_rewarded,alpha_beta,-300,0,5,30,6,18,7,19,0.489583333333333
Fig4G,Fig5D,Monkey_A,V4,post,non_rewarded,alpha_beta,-300,0,5,30,6,19,7,20,0.4834375
Fig4G,Fig5D,Monkey_A,V4,post,non_rewarded,alpha_beta,-300,0,5,30,6,20,7,21,0.482083333333333
Fig4G,Fig5D,Monkey_A,V4,post,non_rewarded,alpha_beta,-300,0,5,30,6,21,7,22,0.466145833333333
Fig4G,Fig5D,Monkey_A,V4,post,non_rewarded,alpha_beta,-300,0,5,30,6,22,7,23,0.463333333333333
Fig4G,Fig5D,Monkey_A,V4,post,non_rewarded,alpha_beta,-300,0,5,30,6,23,7,24,0.462708333333333
Fig4G,Fig5D,Monkey_A,V4,post,non_rewarded,alpha_beta,-300,0,5,30,6,24,7,25,0.468541666666667
Fig4G,Fig5D,Monkey_A,V4,post,non_rewarded,alpha_beta,-300,0,5,30,6,25,7,26,0.454479166666667
Fig4G,Fig5D,Monkey_A,V4,post,non_rewarded,alpha_beta,-300,0,5,30,6,26,7,27,0.473958333333333
Fig4G,Fig5D,Monkey_A,V4,post,non_rewarded,alpha_beta,-300,0,5,30,6,27,7,28,0.5084375
Fig4G,Fig5D,Monkey_A,V4,post,non_rewarded,alpha_beta,-300,0,5,30,6,28,7,29,0.5146875
Fig4G,Fig5D,Monkey_A,V4,post,non_rewarded,alpha_beta,-300,0,5,30,7,4,8,5,0.492916666666667
Fig4G,Fig5D,Monkey_A,V4,post,non_rewarded,alpha_beta,-300,0,5,30,7,5,8,6,0.520520833333333
Fig4G,Fig5D,Monkey_A,V4,post,non_rewarded,alpha_beta,-300,0,5,30,7,6,8,7,0.519583333333333
Fig4G,Fig5D,Monkey_A,V4,post,non_rewarded,alpha_beta,-300,0,5,30,7,7,8,8,0.508333333333333
Fig4G,Fig5D,Monkey_A,V4,post,non_rewarded,alpha_beta,-300,0,5,30,7,8,8,9,0.498541666666667
Fig4G,Fig5D,Monkey_A,V4,post,non_rewarded,alpha_beta,-300,0,5,30,7,9,8,10,0.479479166666667
Fig4G,Fig5D,Monkey_A,V4,post,non_rewarded,alpha_beta,-300,0,5,30,7,10,8,11,0.471041666666667
Fig4G,Fig5D,Monkey_A,V4,post,non_rewarded,alpha_beta,-300,0,5,30,7,11,8,12,0.523645833333333
Fig4G,Fig5D,Monkey_A,V4,post,non_rewarded,alpha_beta,-300,0,5,30,7,12,8,13,0.5740625
Fig4G,Fig5D,Monkey_A,V4,post,non_rewarded,alpha_beta,-300,0,5,30,7,13,8,14,0.618958333333333
Fig4G,Fig5D,Monkey_A,V4,post,non_rewarded,alpha_beta,-300,0,5,30,7,14,8,15,0.617708333333333
Fig4G,Fig5D,Monkey_A,V4,post,non_rewarded,alpha_beta,-300,0,5,30,7,15,8,16,0.590104166666667
Fig4G,Fig5D,Monkey_A,V4,post,non_rewarded,alpha_beta,-300,0,5,30,7,16,8,17,0.548645833333333
Fig4G,Fig5D,Monkey_A,V4,post,non_rewarded,alpha_beta,-300,0,5,30,7,17,8,18,0.5153125
Fig4G,Fig5D,Monkey_A,V4,post,non_rewarded,alpha_beta,-300,0,5,30,7,18,8,19,0.464375
Fig4G,Fig5D,Monkey_A,V4,post,non_rewarded,alpha_beta,-300,0,5,30,7,19,8,20,0.418541666666667
Fig4G,Fig5D,Monkey_A,V4,post,non_rewarded,alpha_beta,-300,0,5,30,7,20,8,21,0.420520833333333
Fig4G,Fig5D,Monkey_A,V4,post,non_rewarded,alpha_beta,-300,0,5,30,7,21,8,22,0.445833333333333
Fig4G,Fig5D,Monkey_A,V4,post,non_rewarded,alpha_beta,-300,0,5,30,7,22,8,23,0.478541666666667
Fig4G,Fig5D,Monkey_A,V4,post,non_rewarded,alpha_beta,-300,0,5,30,7,23,8,24,0.492708333333333
Fig4G,Fig5D,Monkey_A,V4,post,non_rewarded,alpha_beta,-300,0,5,30,7,24,8,25,0.479375
Fig4G,Fig5D,Monkey_A,V4,post,non_rewarded,alpha_beta,-300,0,5,30,7,25,8,26,0.46
Fig4G,Fig5D,Monkey_A,V4,post,non_rewarded,alpha_beta,-300,0,5,30,7,26,8,27,0.451041666666667
Fig4G,Fig5D,Monkey_A,V4,post,non_rewarded,alpha_beta,-300,0,5,30,7,27,8,28,0.476354166666667
Fig4G,Fig5D,Monkey_A,V4,post,non_rewarded,alpha_beta,-300,0,5,30,7,28,8,29,0.510520833333333
